container_id,start_idx,end_idx,n_points
c_10032,0,333,333
c_10036,333,665,332
c_1005,665,998,333
c_10065,998,1331,333
c_10076,1331,1659,328
c_10082,1659,1992,333
c_10104,1992,2319,327
c_10105,2319,2650,331
c_10109,2650,2982,332
c_10137,2982,3315,333
c_1017,3315,3640,325
c_10175,3640,3969,329
c_10188,3969,4301,332
c_10203,4301,4628,327
c_10214,4628,4927,299
c_10215,4927,5261,334
c_1024,5261,5579,318
c_10241,5579,5911,332
c_10249,5911,6238,327
c_10256,6238,6568,330
c_10260,6568,6901,333
c_10261,6901,7233,332
c_10264,7233,7562,329
c_10267,7562,7894,332
c_10318,7894,8227,333
c_10326,8227,8558,331
c_10335,8558,8891,333
c_10351,8891,9223,332
c_10355,9223,9550,327
c_10412,9550,9884,334
c_10415,9884,10217,333
c_10417,10217,10550,333
c_10429,10550,10882,332
c_10435,10882,11210,328
c_10439,11210,11541,331
c_10441,11541,11870,329
c_10452,11870,12202,332
c_10457,12202,12528,326
c_10459,12528,12862,334
c_10467,12862,13195,333
c_10483,13195,13527,332
c_10518,13527,13859,332
c_10527,13859,14192,333
c_10587,14192,14522,330
c_10588,14522,14853,331
c_1060,14853,15186,333
c_10603,15186,15514,328
c_10605,15514,15846,332
c_10619,15846,16174,328
c_10620,16174,16507,333
c_10632,16507,16832,325
c_10654,16832,17163,331
c_10663,17163,17494,331
c_10672,17494,17818,324
c_10677,17818,18150,332
c_10684,18150,18483,333
c_10704,18483,18816,333
c_10728,18816,19140,324
c_10749,19140,19472,332
c_10775,19472,19798,326
c_10810,19798,20131,333
c_10813,20131,20460,329
c_10816,20460,20792,332
c_10821,20792,21120,328
c_10822,21120,21453,333
c_10824,21453,21787,334
c_10838,21787,22105,318
c_10844,22105,22428,323
c_10854,22428,22760,332
c_10870,22760,23092,332
c_10875,23092,23426,334
c_10903,23426,23756,330
c_1091,23756,24085,329
c_10910,24085,24418,333
c_10929,24418,24751,333
c_10950,24751,25083,332
c_10965,25083,25414,331
c_10968,25414,25746,332
c_10987,25746,26074,328
c_10995,26074,26406,332
c_10999,26406,26736,330
c_11007,26736,27069,333
c_11015,27069,27399,330
c_11019,27399,27733,334
c_11059,27733,28067,334
c_1108,28067,28397,330
c_11113,28397,28730,333
c_11124,28730,29064,334
c_11125,29064,29393,329
c_11133,29393,29725,332
c_11138,29725,30050,325
c_1114,30050,30379,329
c_11178,30379,30709,330
c_11179,30709,31034,325
c_11203,31034,31366,332
c_11210,31366,31698,332
c_11227,31698,32029,331
c_11240,32029,32359,330
c_11243,32359,32691,332
c_11245,32691,33020,329
c_11250,33020,33353,333
c_11264,33353,33682,329
c_11271,33682,34014,332
c_11277,34014,34347,333
c_11286,34347,34680,333
c_11337,34680,35011,331
c_11349,35011,35324,313
c_11359,35324,35654,330
c_1137,35654,35987,333
c_11380,35987,36320,333
c_11418,36320,36651,331
c_11430,36651,36984,333
c_11433,36984,37309,325
c_1144,37309,37642,333
c_11450,37642,37974,332
c_11455,37974,38307,333
c_11459,38307,38639,332
c_11473,38639,38970,331
c_11502,38970,39304,334
c_11505,39304,39634,330
c_11517,39634,39966,332
c_11523,39966,40290,324
c_11532,40290,40621,331
c_11533,40621,40953,332
c_11539,40953,41283,330
c_11540,41283,41616,333
c_11550,41616,41941,325
c_11555,41941,42273,332
c_11564,42273,42604,331
c_11567,42604,42937,333
c_11585,42937,43268,331
c_11589,43268,43601,333
c_11591,43601,43934,333
c_11601,43934,44266,332
c_11624,44266,44596,330
c_1163,44596,44921,325
c_11634,44921,45252,331
c_11642,45252,45575,323
c_11655,45575,45906,331
c_1166,45906,46239,333
c_11680,46239,46569,330
c_11687,46569,46896,327
c_11730,46896,47228,332
c_11732,47228,47561,333
c_11737,47561,47888,327
c_11739,47888,48215,327
c_11751,48215,48544,329
c_11759,48544,48875,331
c_1177,48875,49206,331
c_11781,49206,49539,333
c_11787,49539,49866,327
c_11802,49866,50196,330
c_11809,50196,50529,333
c_11812,50529,50862,333
c_11820,50862,51192,330
c_11821,51192,51525,333
c_11843,51525,51858,333
c_11857,51858,52187,329
c_11864,52187,52514,327
c_11889,52514,52846,332
c_11917,52846,53177,331
c_1194,53177,53509,332
c_1195,53509,53835,326
c_11985,53835,54156,321
c_11999,54156,54489,333
c_12,54489,54822,333
c_12008,54822,55155,333
c_1203,55155,55487,332
c_12035,55487,55820,333
c_12074,55820,56148,328
c_12078,56148,56481,333
c_12084,56481,56813,332
c_12111,56813,57132,319
c_1214,57132,57464,332
c_12141,57464,57794,330
c_12176,57794,58122,328
c_12183,58122,58454,332
c_12209,58454,58787,333
c_12212,58787,59118,331
c_12223,59118,59450,332
c_12238,59450,59783,333
c_12251,59783,60107,324
c_12254,60107,60438,331
c_12260,60438,60771,333
c_12264,60771,61094,323
c_12272,61094,61425,331
c_12281,61425,61757,332
c_12282,61757,62090,333
c_12293,62090,62422,332
c_12362,62422,62755,333
c_12375,62755,63085,330
c_12425,63085,63418,333
c_12436,63418,63743,325
c_12448,63743,64076,333
c_1245,64076,64408,332
c_12451,64408,64725,317
c_12462,64725,65051,326
c_12471,65051,65382,331
c_12481,65382,65705,323
c_12499,65705,66033,328
c_12514,66033,66364,331
c_12526,66364,66696,332
c_12536,66696,67030,334
c_12545,67030,67362,332
c_1255,67362,67690,328
c_1256,67690,68020,330
c_12562,68020,68353,333
c_12596,68353,68685,332
c_12604,68685,69017,332
c_12607,69017,69350,333
c_12645,69350,69680,330
c_12670,69680,70012,332
c_12674,70012,70341,329
c_12689,70341,70668,327
c_12691,70668,70997,329
c_12695,70997,71330,333
c_12701,71330,71659,329
c_12715,71659,71991,332
c_12722,71991,72317,326
c_1277,72317,72649,332
c_12774,72649,72982,333
c_12775,72982,73309,327
c_12782,73309,73640,331
c_12792,73640,73970,330
c_12798,73970,74298,328
c_12814,74298,74630,332
c_12819,74630,74960,330
c_12831,74960,75288,328
c_12839,75288,75622,334
c_12840,75622,75953,331
c_12859,75953,76286,333
c_12879,76286,76619,333
c_12894,76619,76945,326
c_12896,76945,77273,328
c_12903,77273,77605,332
c_12910,77605,77937,332
c_12931,77937,78267,330
c_12935,78267,78595,328
c_12954,78595,78926,331
c_12959,78926,79259,333
c_12962,79259,79592,333
c_12981,79592,79924,332
c_12991,79924,80254,330
c_13013,80254,80580,326
c_13025,80580,80911,331
c_1304,80911,81237,326
c_13045,81237,81568,331
c_1306,81568,81901,333
c_13073,81901,82233,332
c_13083,82233,82567,334
c_13086,82567,82897,330
c_13122,82897,83223,326
c_13131,83223,83554,331
c_13141,83554,83886,332
c_13165,83886,84219,333
c_13171,84219,84545,326
c_13187,84545,84877,332
c_13200,84877,85207,330
c_13204,85207,85537,330
c_13210,85537,85869,332
c_13231,85869,86199,330
c_13290,86199,86527,328
c_13298,86527,86851,324
c_13314,86851,87184,333
c_13323,87184,87510,326
c_13326,87510,87840,330
c_13329,87840,88173,333
c_13334,88173,88491,318
c_13348,88491,88824,333
c_13357,88824,89157,333
c_1339,89157,89489,332
c_13396,89489,89822,333
c_1340,89822,90155,333
c_13416,90155,90488,333
c_13453,90488,90817,329
c_13459,90817,91149,332
c_1348,91149,91477,328
c_1349,91477,91810,333
c_13497,91810,92141,331
c_13518,92141,92454,313
c_13539,92454,92786,332
c_13541,92786,93120,334
c_13595,93120,93453,333
c_136,93453,93785,332
c_13606,93785,94112,327
c_13628,94112,94445,333
c_13665,94445,94774,329
c_13666,94774,95107,333
c_13676,95107,95440,333
c_13677,95440,95772,332
c_13678,95772,96105,333
c_13687,96105,96432,327
c_13692,96432,96765,333
c_1373,96765,97096,331
c_13749,97096,97428,332
c_13760,97428,97762,334
c_13762,97762,98087,325
c_13770,98087,98421,334
c_13773,98421,98754,333
c_13808,98754,99083,329
c_13823,99083,99402,319
c_13828,99402,99735,333
c_13832,99735,100064,329
c_13842,100064,100395,331
c_13866,100395,100729,334
c_13876,100729,101061,332
c_13880,101061,101390,329
c_13899,101390,101722,332
c_13906,101722,102050,328
c_13916,102050,102381,331
c_13919,102381,102702,321
c_13920,102702,103035,333
c_13949,103035,103365,330
c_13979,103365,103697,332
c_13980,103697,104030,333
c_1399,104030,104357,327
c_13991,104357,104690,333
c_13992,104690,105022,332
c_14009,105022,105354,332
c_1401,105354,105681,327
c_14027,105681,106013,332
c_14035,106013,106252,239
c_14045,106252,106584,332
c_14049,106584,106916,332
c_14064,106916,107239,323
c_14084,107239,107571,332
c_1409,107571,107902,331
c_14106,107902,108230,328
c_14107,108230,108562,332
c_14122,108562,108892,330
c_14125,108892,109223,331
c_14133,109223,109556,333
c_14140,109556,109881,325
c_14169,109881,110210,329
c_14185,110210,110540,330
c_14210,110540,110873,333
c_1422,110873,111206,333
c_14233,111206,111539,333
c_14236,111539,111872,333
c_14257,111872,112197,325
c_14258,112197,112531,334
c_1426,112531,112864,333
c_14275,112864,113198,334
c_14294,113198,113531,333
c_14347,113531,113859,328
c_14387,113859,114192,333
c_14391,114192,114510,318
c_14397,114510,114843,333
c_14399,114843,115174,331
c_1441,115174,115507,333
c_14429,115507,115839,332
c_14433,115839,116170,331
c_14434,116170,116496,326
c_14446,116496,116828,332
c_14469,116828,117154,326
c_14472,117154,117485,331
c_14477,117485,117816,331
c_14478,117816,118145,329
c_14485,118145,118477,332
c_145,118477,118802,325
c_14516,118802,119129,327
c_14530,119129,119459,330
c_14537,119459,119789,330
c_14538,119789,120122,333
c_14558,120122,120451,329
c_14591,120451,120764,313
c_14621,120764,121096,332
c_14643,121096,121428,332
c_14666,121428,121761,333
c_14668,121761,122094,333
c_14670,122094,122425,331
c_14712,122425,122757,332
c_14723,122757,123085,328
c_14725,123085,123416,331
c_14732,123416,123748,332
c_14733,123748,124078,330
c_14737,124078,124411,333
c_14738,124411,124742,331
c_14739,124742,125074,332
c_1483,125074,125408,334
c_14833,125408,125733,325
c_14842,125733,126064,331
c_14852,126064,126397,333
c_14864,126397,126712,315
c_14865,126712,127038,326
c_14884,127038,127370,332
c_1492,127370,127701,331
c_14921,127701,128033,332
c_14937,128033,128358,325
c_14955,128358,128691,333
c_14963,128691,129019,328
c_14964,129019,129350,331
c_14968,129350,129679,329
c_14989,129679,130004,325
c_14998,130004,130325,321
c_1502,130325,130648,323
c_15023,130648,130978,330
c_15049,130978,131311,333
c_15072,131311,131644,333
c_15077,131644,131977,333
c_15095,131977,132309,332
c_15100,132309,132643,334
c_15112,132643,132970,327
c_15163,132970,133292,322
c_1519,133292,133622,330
c_15190,133622,133953,331
c_15208,133953,134283,330
c_15209,134283,134615,332
c_15215,134615,134948,333
c_1524,134948,135278,330
c_15241,135278,135608,330
c_15271,135608,135942,334
c_15279,135942,136275,333
c_15294,136275,136609,334
c_15305,136609,136941,332
c_15316,136941,137273,332
c_15329,137273,137607,334
c_1537,137607,137940,333
c_15391,137940,138273,333
c_15405,138273,138602,329
c_15408,138602,138934,332
c_15440,138934,139267,333
c_15447,139267,139595,328
c_15452,139595,139928,333
c_15468,139928,140262,334
c_15498,140262,140593,331
c_15501,140593,140926,333
c_15510,140926,141251,325
c_1553,141251,141582,331
c_15543,141582,141915,333
c_15548,141915,142247,332
c_1557,142247,142574,327
c_15594,142574,142905,331
c_15599,142905,143238,333
c_156,143238,143564,326
c_15602,143564,143894,330
c_15606,143894,144225,331
c_15607,144225,144556,331
c_15612,144556,144886,330
c_15637,144886,145216,330
c_15651,145216,145549,333
c_15674,145549,145873,324
c_1568,145873,146205,332
c_15688,146205,146535,330
c_15736,146535,146864,329
c_15773,146864,147197,333
c_15774,147197,147520,323
c_15796,147520,147852,332
c_15803,147852,148164,312
c_15805,148164,148495,331
c_1581,148495,148820,325
c_15816,148820,149147,327
c_15821,149147,149466,319
c_1584,149466,149797,331
c_15846,149797,150124,327
c_15889,150124,150455,331
c_15893,150455,150786,331
c_15902,150786,151117,331
c_15934,151117,151448,331
c_1594,151448,151776,328
c_15971,151776,152107,331
c_16,152107,152431,324
c_16018,152431,152761,330
c_16021,152761,153092,331
c_16026,153092,153422,330
c_16027,153422,153752,330
c_16035,153752,154084,332
c_16048,154084,154414,330
c_16054,154414,154748,334
c_16056,154748,155079,331
c_16069,155079,155412,333
c_1609,155412,155744,332
c_16092,155744,156076,332
c_16109,156076,156408,332
c_16114,156408,156734,326
c_16148,156734,157058,324
c_16149,157058,157391,333
c_1615,157391,157723,332
c_1616,157723,158053,330
c_16169,158053,158134,81
c_16186,158134,158463,329
c_16201,158463,158795,332
c_16241,158795,159128,333
c_16242,159128,159458,330
c_16243,159458,159790,332
c_16247,159790,160119,329
c_16253,160119,160447,328
c_16255,160447,160777,330
c_16287,160777,161107,330
c_16289,161107,161440,333
c_16301,161440,161771,331
c_16304,161771,162104,333
c_16324,162104,162430,326
c_1635,162430,162759,329
c_16351,162759,163092,333
c_16352,163092,163423,331
c_16363,163423,163748,325
c_16384,163748,164078,330
c_16395,164078,164410,332
c_16406,164410,164739,329
c_16441,164739,165072,333
c_16467,165072,165406,334
c_16474,165406,165738,332
c_16483,165738,166072,334
c_16484,166072,166397,325
c_16492,166397,166726,329
c_16500,166726,167058,332
c_16504,167058,167383,325
c_16516,167383,167703,320
c_16538,167703,168032,329
c_1655,168032,168361,329
c_16563,168361,168694,333
c_16567,168694,169024,330
c_16570,169024,169352,328
c_16573,169352,169681,329
c_16593,169681,170015,334
c_16607,170015,170342,327
c_16651,170342,170673,331
c_16662,170673,171005,332
c_16683,171005,171336,331
c_16685,171336,171664,328
c_16710,171664,171986,322
c_16723,171986,172318,332
c_16737,172318,172651,333
c_16745,172651,172971,320
c_16750,172971,173302,331
c_16751,173302,173627,325
c_16753,173627,173959,332
c_16782,173959,174287,328
c_16783,174287,174616,329
c_16794,174616,174946,330
c_16799,174946,175280,334
c_16802,175280,175611,331
c_16803,175611,175944,333
c_16831,175944,176277,333
c_16834,176277,176609,332
c_16836,176609,176943,334
c_16862,176943,177275,332
c_16870,177275,177604,329
c_16912,177604,177935,331
c_16917,177935,178268,333
c_16925,178268,178601,333
c_16937,178601,178933,332
c_16965,178933,179267,334
c_16968,179267,179597,330
c_16974,179597,179927,330
c_1698,179927,180257,330
c_16984,180257,180585,328
c_16988,180585,180910,325
c_17011,180910,181241,331
c_1702,181241,181569,328
c_17023,181569,181898,329
c_17028,181898,182225,327
c_17058,182225,182558,333
c_17066,182558,182889,331
c_17067,182889,183217,328
c_1707,183217,183547,330
c_17077,183547,183878,331
c_17089,183878,184210,332
c_17114,184210,184544,334
c_17121,184544,184876,332
c_17124,184876,185205,329
c_17136,185205,185538,333
c_17155,185538,185871,333
c_17156,185871,186204,333
c_17188,186204,186537,333
c_17193,186537,186865,328
c_17199,186865,187198,333
c_17208,187198,187524,326
c_17213,187524,187857,333
c_17248,187857,188191,334
c_17250,188191,188523,332
c_17272,188523,188856,333
c_17273,188856,189189,333
c_17295,189189,189522,333
c_17297,189522,189855,333
c_17311,189855,190189,334
c_17312,190189,190521,332
c_17316,190521,190851,330
c_17363,190851,191184,333
c_17365,191184,191516,332
c_17387,191516,191850,334
c_17397,191850,192183,333
c_1741,192183,192517,334
c_1742,192517,192845,328
c_17430,192845,193178,333
c_17432,193178,193506,328
c_17439,193506,193823,317
c_17444,193823,194154,331
c_17465,194154,194472,318
c_1747,194472,194804,332
c_17471,194804,195134,330
c_17474,195134,195463,329
c_17475,195463,195795,332
c_17511,195795,196122,327
c_17518,196122,196452,330
c_17520,196452,196774,322
c_17530,196774,197100,326
c_17531,197100,197429,329
c_17558,197429,197761,332
c_1757,197761,198090,329
c_17570,198090,198421,331
c_17591,198421,198753,332
c_17610,198753,199083,330
c_17625,199083,199415,332
c_17632,199415,199748,333
c_17633,199748,200077,329
c_17664,200077,200408,331
c_1767,200408,200738,330
c_17679,200738,201072,334
c_1768,201072,201400,328
c_17736,201400,201727,327
c_17752,201727,202056,329
c_1777,202056,202386,330
c_17771,202386,202712,326
c_17776,202712,203044,332
c_17791,203044,203377,333
c_17804,203377,203708,331
c_17812,203708,204041,333
c_17818,204041,204374,333
c_17826,204374,204706,332
c_17837,204706,205020,314
c_17847,205020,205352,332
c_17858,205352,205686,334
c_17899,205686,206019,333
c_17904,206019,206348,329
c_17929,206348,206680,332
c_17942,206680,207010,330
c_17970,207010,207329,319
c_17979,207329,207662,333
c_1798,207662,207993,331
c_18004,207993,208325,332
c_1801,208325,208658,333
c_18014,208658,208990,332
c_18021,208990,209319,329
c_18027,209319,209651,332
c_18030,209651,209980,329
c_18057,209980,210307,327
c_18086,210307,210638,331
c_18091,210638,210970,332
c_18104,210970,211302,332
c_18123,211302,211635,333
c_18137,211635,211968,333
c_18138,211968,212295,327
c_18147,212295,212627,332
c_18158,212627,212960,333
c_18169,212960,213289,329
c_18194,213289,213621,332
c_18212,213621,213953,332
c_18217,213953,214279,326
c_18239,214279,214613,334
c_18244,214613,214946,333
c_18250,214946,215277,331
c_1827,215277,215611,334
c_18286,215611,215944,333
c_18294,215944,216277,333
c_18299,216277,216606,329
c_1835,216606,216939,333
c_18352,216939,217268,329
c_1836,217268,217602,334
c_18362,217602,217935,333
c_18383,217935,218268,333
c_1839,218268,218602,334
c_18406,218602,218923,321
c_18422,218923,219255,332
c_18426,219255,219587,332
c_1849,219587,219918,331
c_18503,219918,220250,332
c_18509,220250,220581,331
c_18522,220581,220913,332
c_18544,220913,221246,333
c_18548,221246,221578,332
c_18549,221578,221910,332
c_18555,221910,222243,333
c_18558,222243,222577,334
c_18581,222577,222906,329
c_18600,222906,223239,333
c_18638,223239,223570,331
c_18645,223570,223903,333
c_18677,223903,224233,330
c_18678,224233,224566,333
c_18705,224566,224895,329
c_18728,224895,225226,331
c_18733,225226,225555,329
c_18752,225555,225887,332
c_18753,225887,226209,322
c_18771,226209,226542,333
c_18779,226542,226872,330
c_18781,226872,227204,332
c_18783,227204,227528,324
c_18798,227528,227860,332
c_18808,227860,228190,330
c_18815,228190,228523,333
c_18821,228523,228853,330
c_18830,228853,229180,327
c_18844,229180,229513,333
c_18852,229513,229845,332
c_1886,229845,230173,328
c_18864,230173,230503,330
c_18876,230503,230836,333
c_18883,230836,231169,333
c_18885,231169,231498,329
c_18901,231498,231831,333
c_18904,231831,232164,333
c_18918,232164,232497,333
c_18943,232497,232824,327
c_18948,232824,233156,332
c_18950,233156,233488,332
c_18960,233488,233780,292
c_19017,233780,234112,332
c_1902,234112,234444,332
c_19032,234444,234776,332
c_19035,234776,235107,331
c_19117,235107,235436,329
c_19138,235436,235768,332
c_1914,235768,236098,330
c_19141,236098,236429,331
c_19153,236429,236760,331
c_19169,236760,237090,330
c_1917,237090,237421,331
c_19207,237421,237749,328
c_19208,237749,238067,318
c_19212,238067,238395,328
c_19292,238395,238728,333
c_19297,238728,239059,331
c_19300,239059,239390,331
c_19317,239390,239719,329
c_19341,239719,240051,332
c_1935,240051,240384,333
c_19356,240384,240715,331
c_19369,240715,241042,327
c_19374,241042,241372,330
c_19375,241372,241700,328
c_19377,241700,242028,328
c_19388,242028,242360,332
c_19396,242360,242691,331
c_19400,242691,243024,333
c_1941,243024,243356,332
c_19421,243356,243682,326
c_19433,243682,244009,327
c_19449,244009,244343,334
c_19457,244343,244648,305
c_19459,244648,244982,334
c_19464,244982,245309,327
c_19492,245309,245634,325
c_19497,245634,245963,329
c_19525,245963,246296,333
c_1953,246296,246629,333
c_19540,246629,246960,331
c_19552,246960,247293,333
c_19572,247293,247622,329
c_19573,247622,247946,324
c_19588,247946,248279,333
c_1960,248279,248608,329
c_19620,248608,248940,332
c_19628,248940,249273,333
c_19640,249273,249606,333
c_19646,249606,249938,332
c_19656,249938,250266,328
c_19664,250266,250597,331
c_19666,250597,250931,334
c_1968,250931,251264,333
c_19685,251264,251595,331
c_19689,251595,251927,332
c_19713,251927,252260,333
c_19714,252260,252592,332
c_19715,252592,252924,332
c_19736,252924,253258,334
c_19737,253258,253591,333
c_19747,253591,253924,333
c_19748,253924,254257,333
c_19756,254257,254589,332
c_19760,254589,254922,333
c_19769,254922,255251,329
c_19770,255251,255580,329
c_19774,255580,255912,332
c_19786,255912,256244,332
c_19811,256244,256567,323
c_19829,256567,256892,325
c_19836,256892,257221,329
c_19853,257221,257547,326
c_19855,257547,257879,332
c_19900,257879,258207,328
c_19912,258207,258540,333
c_19924,258540,258873,333
c_19937,258873,259205,332
c_19957,259205,259538,333
c_19958,259538,259868,330
c_20001,259868,260192,324
c_20002,260192,260523,331
c_20018,260523,260849,326
c_20020,260849,261182,333
c_20031,261182,261510,328
c_20038,261510,261841,331
c_20044,261841,262173,332
c_2007,262173,262505,332
c_20079,262505,262838,333
c_20117,262838,263170,332
c_20118,263170,263503,333
c_20145,263503,263834,331
c_2015,263834,264161,327
c_20151,264161,264492,331
c_20164,264492,264824,332
c_20249,264824,265155,331
c_20260,265155,265478,323
c_2027,265478,265808,330
c_20280,265808,266139,331
c_20301,266139,266471,332
c_20315,266471,266803,332
c_20317,266803,267136,333
c_20335,267136,267462,326
c_20348,267462,267791,329
c_20350,267791,268121,330
c_2037,268121,268455,334
c_20427,268455,268786,331
c_20435,268786,269108,322
c_20444,269108,269439,331
c_20488,269439,269769,330
c_20491,269769,270097,328
c_20494,270097,270429,332
c_20503,270429,270761,332
c_20505,270761,271087,326
c_20539,271087,271410,323
c_20547,271410,271742,332
c_2055,271742,272075,333
c_2057,272075,272404,329
c_20582,272404,272734,330
c_20592,272734,273055,321
c_2060,273055,273388,333
c_20602,273388,273721,333
c_20625,273721,274052,331
c_20626,274052,274384,332
c_20629,274384,274711,327
c_20645,274711,275042,331
c_20647,275042,275371,329
c_20648,275371,275704,333
c_20656,275704,276032,328
c_20682,276032,276362,330
c_20693,276362,276695,333
c_20696,276695,277029,334
c_20699,277029,277361,332
c_20702,277361,277694,333
c_20713,277694,278022,328
c_20728,278022,278354,332
c_20731,278354,278687,333
c_2074,278687,279010,323
c_20740,279010,279342,332
c_20759,279342,279675,333
c_20765,279675,280002,327
c_20774,280002,280332,330
c_2078,280332,280666,334
c_20793,280666,280996,330
c_20846,280996,281329,333
c_20895,281329,281655,326
c_20906,281655,281988,333
c_20948,281988,282318,330
c_20951,282318,282650,332
c_20954,282650,282982,332
c_20966,282982,283315,333
c_21,283315,283648,333
c_210,283648,283980,332
c_21051,283980,284310,330
c_21093,284310,284641,331
c_21095,284641,284975,334
c_21150,284975,285303,328
c_21159,285303,285634,331
c_21173,285634,285963,329
c_21175,285963,286293,330
c_21183,286293,286626,333
c_21193,286626,286956,330
c_21205,286956,287289,333
c_21214,287289,287619,330
c_21225,287619,287945,326
c_21232,287945,288279,334
c_21233,288279,288612,333
c_21252,288612,288944,332
c_21268,288944,289276,332
c_21283,289276,289609,333
c_21290,289609,289939,330
c_21292,289939,290269,330
c_21301,290269,290602,333
c_2132,290602,290931,329
c_21330,290931,291264,333
c_21345,291264,291594,330
c_21353,291594,291924,330
c_21356,291924,292256,332
c_21393,292256,292589,333
c_21396,292589,292920,331
c_2140,292920,293254,334
c_21427,293254,293588,334
c_2144,293588,293910,322
c_21444,293910,294229,319
c_2146,294229,294562,333
c_21460,294562,294895,333
c_21473,294895,295226,331
c_21490,295226,295558,332
c_21491,295558,295891,333
c_21493,295891,296224,333
c_21494,296224,296557,333
c_21498,296557,296889,332
c_21543,296889,297222,333
c_21560,297222,297545,323
c_21563,297545,297873,328
c_21567,297873,298203,330
c_21577,298203,298535,332
c_21621,298535,298866,331
c_21655,298866,299199,333
c_21658,299199,299531,332
c_21675,299531,299857,326
c_21679,299857,300190,333
c_21724,300190,300523,333
c_21749,300523,300850,327
c_21775,300850,301182,332
c_21783,301182,301509,327
c_21817,301509,301839,330
c_21820,301839,302169,330
c_21835,302169,302501,332
c_21850,302501,302831,330
c_2186,302831,303162,331
c_21872,303162,303491,329
c_21884,303491,303824,333
c_21900,303824,304153,329
c_21902,304153,304487,334
c_21927,304487,304816,329
c_21933,304816,305148,332
c_2194,305148,305478,330
c_2195,305478,305804,326
c_21950,305804,306129,325
c_21979,306129,306456,327
c_22016,306456,306786,330
c_22017,306786,307118,332
c_22020,307118,307450,332
c_22021,307450,307747,297
c_22025,307747,308076,329
c_22044,308076,308409,333
c_22048,308409,308741,332
c_2205,308741,309074,333
c_2209,309074,309407,333
c_22095,309407,309741,334
c_22098,309741,310074,333
c_22104,310074,310407,333
c_22119,310407,310740,333
c_2212,310740,311064,324
c_22124,311064,311397,333
c_22142,311397,311730,333
c_2215,311730,312063,333
c_22160,312063,312396,333
c_22181,312396,312726,330
c_2219,312726,313059,333
c_22204,313059,313390,331
c_22213,313390,313723,333
c_22226,313723,314053,330
c_2223,314053,314384,331
c_22244,314384,314715,331
c_22253,314715,315048,333
c_22256,315048,315379,331
c_22262,315379,315707,328
c_22266,315707,316035,328
c_22276,316035,316365,330
c_22279,316365,316694,329
c_22280,316694,317027,333
c_22291,317027,317360,333
c_22313,317360,317693,333
c_22324,317693,318022,329
c_22336,318022,318353,331
c_22342,318353,318678,325
c_22345,318678,319008,330
c_22347,319008,319341,333
c_22359,319341,319672,331
c_22385,319672,319997,325
c_22414,319997,320328,331
c_22438,320328,320660,332
c_22442,320660,320992,332
c_22450,320992,321325,333
c_22452,321325,321655,330
c_22468,321655,321988,333
c_22477,321988,322317,329
c_22478,322317,322648,331
c_22479,322648,322977,329
c_22483,322977,323311,334
c_2249,323311,323644,333
c_22493,323644,323976,332
c_22500,323976,324302,326
c_22514,324302,324635,333
c_22522,324635,324966,331
c_22543,324966,325294,328
c_22547,325294,325625,331
c_22581,325625,325956,331
c_22583,325956,326287,331
c_22593,326287,326615,328
c_22629,326615,326940,325
c_22640,326940,327273,333
c_22641,327273,327606,333
c_22667,327606,327934,328
c_22721,327934,328266,332
c_22754,328266,328595,329
c_22758,328595,328925,330
c_22765,328925,329258,333
c_22768,329258,329590,332
c_22776,329590,329923,333
c_22793,329923,330254,331
c_22801,330254,330579,325
c_22842,330579,330912,333
c_22899,330912,331244,332
c_22901,331244,331573,329
c_22912,331573,331905,332
c_22917,331905,332238,333
c_22931,332238,332571,333
c_22933,332571,332903,332
c_2295,332903,333231,328
c_22951,333231,333560,329
c_2298,333560,333889,329
c_23023,333889,334217,328
c_23028,334217,334549,332
c_23033,334549,334882,333
c_23037,334882,335213,331
c_23051,335213,335546,333
c_23062,335546,335879,333
c_23080,335879,336212,333
c_23085,336212,336544,332
c_23100,336544,336874,330
c_23122,336874,337207,333
c_23130,337207,337538,331
c_23147,337538,337866,328
c_23151,337866,338198,332
c_23152,338198,338524,326
c_23157,338524,338853,329
c_23162,338853,339181,328
c_23180,339181,339508,327
c_23181,339508,339836,328
c_23185,339836,340167,331
c_23206,340167,340424,257
c_23212,340424,340750,326
c_2322,340750,341083,333
c_23237,341083,341415,332
c_23244,341415,341748,333
c_23249,341748,342079,331
c_23257,342079,342409,330
c_23258,342409,342727,318
c_23271,342727,343060,333
c_23275,343060,343390,330
c_23278,343390,343721,331
c_23291,343721,344054,333
c_23299,344054,344381,327
c_2332,344381,344714,333
c_23320,344714,345045,331
c_23328,345045,345379,334
c_23343,345379,345702,323
c_23347,345702,346030,328
c_23367,346030,346361,331
c_23368,346361,346692,331
c_23392,346692,347021,329
c_23416,347021,347353,332
c_23430,347353,347685,332
c_23437,347685,348013,328
c_23439,348013,348344,331
c_23452,348344,348677,333
c_23464,348677,349008,331
c_23493,349008,349337,329
c_23518,349337,349668,331
c_2352,349668,350000,332
c_23520,350000,350332,332
c_23524,350332,350665,333
c_23526,350665,350997,332
c_23530,350997,351331,334
c_23547,351331,351663,332
c_23549,351663,351995,332
c_23556,351995,352323,328
c_23561,352323,352649,326
c_23576,352649,352982,333
c_23593,352982,353311,329
c_2362,353311,353627,316
c_23626,353627,353956,329
c_23639,353956,354288,332
c_23655,354288,354620,332
c_2366,354620,354947,327
c_23666,354947,355276,329
c_23673,355276,355605,329
c_23679,355605,355937,332
c_23687,355937,356268,331
c_2370,356268,356599,331
c_23701,356599,356926,327
c_23723,356926,357258,332
c_23746,357258,357588,330
c_23748,357588,357914,326
c_23751,357914,358248,334
c_23771,358248,358579,331
c_23783,358579,358910,331
c_23787,358910,359243,333
c_23790,359243,359576,333
c_23791,359576,359897,321
c_23838,359897,360230,333
c_23881,360230,360562,332
c_23889,360562,360895,333
c_239,360895,361217,322
c_23915,361217,361541,324
c_2394,361541,361871,330
c_23955,361871,362204,333
c_23957,362204,362529,325
c_23971,362529,362863,334
c_23992,362863,363193,330
c_24000,363193,363524,331
c_24003,363524,363848,324
c_24022,363848,364176,328
c_24038,364176,364509,333
c_24049,364509,364840,331
c_24053,364840,365168,328
c_24062,365168,365496,328
c_24064,365496,365824,328
c_24078,365824,366157,333
c_24079,366157,366489,332
c_24081,366489,366822,333
c_24085,366822,367151,329
c_24091,367151,367484,333
c_24100,367484,367817,333
c_24102,367817,368148,331
c_24130,368148,368481,333
c_2414,368481,368808,327
c_24150,368808,369141,333
c_24190,369141,369472,331
c_24193,369472,369803,331
c_2420,369803,370134,331
c_2422,370134,370465,331
c_24222,370465,370798,333
c_24269,370798,371132,334
c_2429,371132,371460,328
c_24300,371460,371792,332
c_24323,371792,372124,332
c_2434,372124,372260,136
c_24345,372260,372593,333
c_24391,372593,372926,333
c_24398,372926,373258,332
c_24441,373258,373590,332
c_24442,373590,373922,332
c_24453,373922,374255,333
c_24459,374255,374585,330
c_24464,374585,374912,327
c_24465,374912,375243,331
c_24547,375243,375574,331
c_24550,375574,375907,333
c_24561,375907,376232,325
c_2459,376232,376564,332
c_24593,376564,376893,329
c_24596,376893,377224,331
c_24609,377224,377553,329
c_24635,377553,377881,328
c_24648,377881,378203,322
c_24661,378203,378536,333
c_24701,378536,378865,329
c_24716,378865,379195,330
c_24723,379195,379528,333
c_24745,379528,379860,332
c_24770,379860,380193,333
c_24812,380193,380525,332
c_24819,380525,380854,329
c_24834,380854,381180,326
c_24842,381180,381514,334
c_24849,381514,381841,327
c_24853,381841,382171,330
c_24855,382171,382502,331
c_24856,382502,382826,324
c_24858,382826,383154,328
c_2486,383154,383486,332
c_24864,383486,383819,333
c_24871,383819,384152,333
c_24887,384152,384485,333
c_24897,384485,384817,332
c_24931,384817,385150,333
c_24943,385150,385483,333
c_24958,385483,385815,332
c_24964,385815,386148,333
c_2497,386148,386480,332
c_24987,386480,386813,333
c_25003,386813,387144,331
c_25030,387144,387478,334
c_25033,387478,387809,331
c_25039,387809,388138,329
c_25052,388138,388471,333
c_25053,388471,388799,328
c_25068,388799,389128,329
c_25075,389128,389459,331
c_25099,389459,389792,333
c_25106,389792,390124,332
c_25111,390124,390446,322
c_25125,390446,390775,329
c_25140,390775,390969,194
c_25144,390969,391300,331
c_25146,391300,391625,325
c_25148,391625,391957,332
c_25161,391957,392288,331
c_25172,392288,392622,334
c_25175,392622,392953,331
c_25211,392953,393287,334
c_25212,393287,393618,331
c_25234,393618,393947,329
c_25238,393947,394281,334
c_25244,394281,394614,333
c_25246,394614,394946,332
c_25250,394946,395279,333
c_25262,395279,395612,333
c_25277,395612,395945,333
c_2528,395945,396265,320
c_25285,396265,396598,333
c_25290,396598,396927,329
c_25306,396927,397254,327
c_2531,397254,397583,329
c_25340,397583,397913,330
c_25344,397913,398242,329
c_2537,398242,398575,333
c_25370,398575,398907,332
c_25378,398907,399237,330
c_25380,399237,399567,330
c_25393,399567,399894,327
c_25441,399894,400226,332
c_25457,400226,400559,333
c_25472,400559,400892,333
c_25484,400892,401221,329
c_25503,401221,401552,331
c_25504,401552,401880,328
c_25509,401880,402208,328
c_25521,402208,402538,330
c_25534,402538,402872,334
c_25543,402872,403205,333
c_25588,403205,403538,333
c_25598,403538,403869,331
c_25610,403869,404201,332
c_25653,404201,404530,329
c_25661,404530,404862,332
c_25682,404862,405194,332
c_25694,405194,405527,333
c_25719,405527,405859,332
c_25742,405859,406192,333
c_25749,406192,406525,333
c_25774,406525,406858,333
c_2578,406858,407187,329
c_25781,407187,407519,332
c_25785,407519,407851,332
c_25820,407851,408183,332
c_25857,408183,408510,327
c_25864,408510,408842,332
c_25879,408842,409175,333
c_25884,409175,409506,331
c_25888,409506,409831,325
c_25891,409831,410162,331
c_25903,410162,410491,329
c_25911,410491,410822,331
c_25927,410822,411152,330
c_25931,411152,411193,41
c_25939,411193,411526,333
c_2597,411526,411860,334
c_25970,411860,412189,329
c_25994,412189,412523,334
c_26010,412523,412854,331
c_26030,412854,413187,333
c_26039,413187,413518,331
c_26040,413518,413848,330
c_26056,413848,414179,331
c_26061,414179,414510,331
c_26066,414510,414843,333
c_26073,414843,415177,334
c_26085,415177,415506,329
c_26122,415506,415838,332
c_26124,415838,416167,329
c_26126,416167,416500,333
c_26135,416500,416828,328
c_26138,416828,417160,332
c_26139,417160,417493,333
c_26193,417493,417825,332
c_26235,417825,418158,333
c_26246,418158,418488,330
c_26248,418488,418817,329
c_2625,418817,419148,331
c_26272,419148,419479,331
c_26281,419479,419810,331
c_26288,419810,420141,331
c_26289,420141,420474,333
c_26294,420474,420802,328
c_26306,420802,421136,334
c_26325,421136,421469,333
c_2633,421469,421803,334
c_26333,421803,422135,332
c_26338,422135,422465,330
c_26339,422465,422798,333
c_26344,422798,423123,325
c_26345,423123,423454,331
c_26393,423454,423778,324
c_26398,423778,424108,330
c_26406,424108,424442,334
c_2641,424442,424775,333
c_26452,424775,425108,333
c_26494,425108,425440,332
c_26499,425440,425772,332
c_2651,425772,426104,332
c_26557,426104,426434,330
c_26570,426434,426767,333
c_26573,426767,427092,325
c_26575,427092,427421,329
c_26576,427421,427754,333
c_26609,427754,428085,331
c_26622,428085,428417,332
c_26623,428417,428749,332
c_26633,428749,429078,329
c_26653,429078,429403,325
c_26663,429403,429731,328
c_26667,429731,430061,330
c_26675,430061,430389,328
c_26677,430389,430718,329
c_26678,430718,431047,329
c_26696,431047,431379,332
c_26704,431379,431709,330
c_26723,431709,432039,330
c_26725,432039,432367,328
c_26732,432367,432692,325
c_26745,432692,433024,332
c_26751,433024,433356,332
c_26772,433356,433688,332
c_26780,433688,434021,333
c_26789,434021,434348,327
c_26794,434348,434678,330
c_268,434678,435008,330
c_26803,435008,435336,328
c_26809,435336,435669,333
c_2681,435669,436000,331
c_26816,436000,436324,324
c_26834,436324,436653,329
c_26855,436653,436983,330
c_26858,436983,437315,332
c_26865,437315,437643,328
c_26872,437643,437975,332
c_26877,437975,438307,332
c_26878,438307,438631,324
c_26887,438631,438959,328
c_26888,438959,439292,333
c_269,439292,439620,328
c_26942,439620,439952,332
c_26961,439952,440280,328
c_26963,440280,440611,331
c_2697,440611,440943,332
c_2698,440943,441274,331
c_26983,441274,441608,334
c_27002,441608,441942,334
c_27016,441942,442273,331
c_27025,442273,442606,333
c_27032,442606,442934,328
c_2706,442934,443266,332
c_27064,443266,443599,333
c_27068,443599,443932,333
c_27104,443932,444259,327
c_27118,444259,444590,331
c_27149,444590,444918,328
c_27150,444918,445250,332
c_27151,445250,445574,324
c_27156,445574,445905,331
c_27187,445905,446238,333
c_27193,446238,446563,325
c_2720,446563,446896,333
c_27201,446896,447218,322
c_27213,447218,447550,332
c_27220,447550,447873,323
c_27224,447873,448205,332
c_27231,448205,448537,332
c_27280,448537,448870,333
c_27282,448870,449203,333
c_27288,449203,449535,332
c_27324,449535,449865,330
c_27336,449865,450191,326
c_27362,450191,450524,333
c_27369,450524,450853,329
c_27391,450853,451184,331
c_27413,451184,451516,332
c_27431,451516,451848,332
c_27436,451848,452181,333
c_2744,452181,452513,332
c_27450,452513,452844,331
c_2746,452844,453176,332
c_27461,453176,453508,332
c_27462,453508,453840,332
c_27481,453840,454173,333
c_27502,454173,454506,333
c_2754,454506,454828,322
c_27542,454828,455158,330
c_27548,455158,455487,329
c_2755,455487,455819,332
c_27550,455819,456152,333
c_2757,456152,456484,332
c_27572,456484,456818,334
c_27586,456818,457148,330
c_27603,457148,457478,330
c_27608,457478,457812,334
c_27611,457812,458145,333
c_27621,458145,458464,319
c_27640,458464,458795,331
c_27650,458795,459127,332
c_27654,459127,459458,331
c_27672,459458,459791,333
c_27689,459791,460116,325
c_27703,460116,460444,328
c_27724,460444,460774,330
c_27734,460774,461104,330
c_27736,461104,461437,333
c_27754,461437,461770,333
c_27755,461770,462101,331
c_27761,462101,462433,332
c_27763,462433,462764,331
c_27770,462764,463096,332
c_27771,463096,463428,332
c_27779,463428,463756,328
c_27847,463756,464087,331
c_27869,464087,464420,333
c_27872,464420,464751,331
c_27904,464751,465082,331
c_2792,465082,465415,333
c_27922,465415,465747,332
c_27960,465747,466074,327
c_27974,466074,466404,330
c_27977,466404,466737,333
c_28003,466737,467066,329
c_28019,467066,467396,330
c_28033,467396,467728,332
c_28056,467728,468060,332
c_28067,468060,468385,325
c_28072,468385,468715,330
c_28077,468715,469045,330
c_28083,469045,469373,328
c_28099,469373,469706,333
c_28100,469706,470039,333
c_28101,470039,470372,333
c_28129,470372,470705,333
c_28141,470705,471037,332
c_28185,471037,471370,333
c_28189,471370,471692,322
c_28194,471692,472025,333
c_28225,472025,472355,330
c_28239,472355,472686,331
c_28240,472686,473012,326
c_2830,473012,473344,332
c_28317,473344,473677,333
c_28319,473677,474008,331
c_28329,474008,474333,325
c_28345,474333,474665,332
c_28373,474665,474997,332
c_28405,474997,475329,332
c_28415,475329,475661,332
c_28423,475661,475992,331
c_28424,475992,476324,332
c_28426,476324,476653,329
c_28430,476653,476984,331
c_28434,476984,477315,331
c_28477,477315,477648,333
c_28485,477648,477978,330
c_28499,477978,478311,333
c_2850,478311,478644,333
c_28518,478644,478975,331
c_2852,478975,479308,333
c_28561,479308,479640,332
c_28585,479640,479973,333
c_28597,479973,480302,329
c_28603,480302,480635,333
c_28611,480635,480967,332
c_28613,480967,481301,334
c_2865,481301,481633,332
c_28657,481633,481964,331
c_2868,481964,482291,327
c_28680,482291,482624,333
c_28699,482624,482953,329
c_28720,482953,483285,332
c_28726,483285,483611,326
c_28727,483611,483943,332
c_28731,483943,484277,334
c_2874,484277,484609,332
c_28745,484609,484938,329
c_28754,484938,485271,333
c_28796,485271,485604,333
c_28818,485604,485936,332
c_28826,485936,486269,333
c_28838,486269,486597,328
c_28839,486597,486926,329
c_2885,486926,487260,334
c_28851,487260,487594,334
c_28863,487594,487926,332
c_28864,487926,488259,333
c_28883,488259,488593,334
c_28922,488593,488899,306
c_28926,488899,489231,332
c_28927,489231,489562,331
c_2893,489562,489892,330
c_2895,489892,490224,332
c_28966,490224,490556,332
c_28983,490556,490889,333
c_28985,490889,491219,330
c_28986,491219,491550,331
c_28987,491550,491880,330
c_29017,491880,492213,333
c_29021,492213,492539,326
c_29022,492539,492869,330
c_29026,492869,493203,334
c_2903,493203,493535,332
c_29046,493535,493866,331
c_29049,493866,494198,332
c_29082,494198,494529,331
c_29097,494529,494862,333
c_29175,494862,495194,332
c_29179,495194,495518,324
c_2918,495518,495846,328
c_29184,495846,496175,329
c_29202,496175,496503,328
c_29218,496503,496832,329
c_29225,496832,497162,330
c_2925,497162,497495,333
c_29253,497495,497822,327
c_29258,497822,498152,330
c_29270,498152,498484,332
c_29277,498484,498818,334
c_29287,498818,499151,333
c_29305,499151,499477,326
c_29308,499477,499804,327
c_29323,499804,500137,333
c_29333,500137,500466,329
c_29350,500466,500799,333
c_29353,500799,501128,329
c_29359,501128,501460,332
c_29362,501460,501792,332
c_29363,501792,502123,331
c_29433,502123,502454,331
c_29436,502454,502787,333
c_29453,502787,503121,334
c_29466,503121,503448,327
c_29480,503448,503781,333
c_29501,503781,504107,326
c_29505,504107,504431,324
c_29515,504431,504763,332
c_29522,504763,505095,332
c_29538,505095,505421,326
c_29546,505421,505753,332
c_29550,505753,506085,332
c_29575,506085,506418,333
c_29576,506418,506745,327
c_29595,506745,507071,326
c_29622,507071,507398,327
c_29623,507398,507730,332
c_29643,507730,508059,329
c_29659,508059,508391,332
c_29677,508391,508713,322
c_29678,508713,509040,327
c_29683,509040,509369,329
c_29690,509369,509652,283
c_29699,509652,509984,332
c_29727,509984,510316,332
c_29736,510316,510649,333
c_29768,510649,510973,324
c_29781,510973,511306,333
c_29783,511306,511626,320
c_29787,511626,511959,333
c_29814,511959,512291,332
c_29846,512291,512624,333
c_29874,512624,512956,332
c_2988,512956,513288,332
c_29889,513288,513621,333
c_29903,513621,513952,331
c_29924,513952,514281,329
c_29935,514281,514613,332
c_29965,514613,514945,332
c_29981,514945,515278,333
c_29985,515278,515603,325
c_30020,515603,515932,329
c_30028,515932,516266,334
c_30046,516266,516595,329
c_30047,516595,516923,328
c_30048,516923,517253,330
c_30054,517253,517584,331
c_30068,517584,517916,332
c_30069,517916,518248,332
c_30098,518248,518580,332
c_30109,518580,518911,331
c_30163,518911,519243,332
c_30174,519243,519576,333
c_30179,519576,519906,330
c_3019,519906,520236,330
c_30199,520236,520568,332
c_30205,520568,520900,332
c_30222,520900,521227,327
c_30232,521227,521555,328
c_3026,521555,521885,330
c_30273,521885,522218,333
c_30283,522218,522550,332
c_30291,522550,522882,332
c_3034,522882,523211,329
c_3035,523211,523544,333
c_30355,523544,523875,331
c_30364,523875,524206,331
c_30373,524206,524538,332
c_30403,524538,524871,333
c_30413,524871,525199,328
c_30427,525199,525530,331
c_30476,525530,525862,332
c_30477,525862,526189,327
c_3049,526189,526522,333
c_30501,526522,526854,332
c_30503,526854,527182,328
c_30521,527182,527512,330
c_30524,527512,527845,333
c_30530,527845,528178,333
c_30545,528178,528509,331
c_30546,528509,528841,332
c_30557,528841,529175,334
c_30574,529175,529501,326
c_30585,529501,529831,330
c_30598,529831,530162,331
c_30618,530162,530493,331
c_30619,530493,530825,332
c_3062,530825,531159,334
c_3064,531159,531492,333
c_30641,531492,531821,329
c_30679,531821,532152,331
c_3069,532152,532477,325
c_30702,532477,532808,331
c_30730,532808,533140,332
c_3074,533140,533469,329
c_30744,533469,533801,332
c_30765,533801,534134,333
c_3078,534134,534467,333
c_30781,534467,534797,330
c_30801,534797,535123,326
c_30811,535123,535457,334
c_30818,535457,535788,331
c_30851,535788,536120,332
c_30861,536120,536453,333
c_30876,536453,536783,330
c_30880,536783,537116,333
c_30885,537116,537449,333
c_30886,537449,537779,330
c_30896,537779,538105,326
c_3090,538105,538438,333
c_30950,538438,538769,331
c_30959,538769,539094,325
c_30961,539094,539425,331
c_30970,539425,539756,331
c_30973,539756,540086,330
c_30985,540086,540417,331
c_30999,540417,540749,332
c_31,540749,541080,331
c_31004,541080,541412,332
c_31011,541412,541741,329
c_31037,541741,542068,327
c_31058,542068,542392,324
c_31073,542392,542722,330
c_3110,542722,543052,330
c_31125,543052,543383,331
c_3113,543383,543715,332
c_31139,543715,544048,333
c_31144,544048,544379,331
c_31147,544379,544712,333
c_3115,544712,545038,326
c_31150,545038,545371,333
c_31166,545371,545702,331
c_31177,545702,546029,327
c_31188,546029,546353,324
c_31196,546353,546683,330
c_31209,546683,547010,327
c_31224,547010,547341,331
c_31249,547341,547672,331
c_31254,547672,547998,326
c_31291,547998,548331,333
c_3130,548331,548663,332
c_31348,548663,548994,331
c_31352,548994,549326,332
c_31362,549326,549660,334
c_31414,549660,549993,333
c_31416,549993,550323,330
c_31425,550323,550656,333
c_3143,550656,550989,333
c_31435,550989,551317,328
c_31446,551317,551650,333
c_3146,551650,551974,324
c_31469,551974,552307,333
c_31501,552307,552638,331
c_31504,552638,552971,333
c_31507,552971,553304,333
c_31515,553304,553635,331
c_31547,553635,553967,332
c_31556,553967,554294,327
c_31590,554294,554626,332
c_31595,554626,554957,331
c_31605,554957,555290,333
c_31607,555290,555623,333
c_31614,555623,555956,333
c_3164,555956,556288,332
c_31645,556288,556614,326
c_31654,556614,556943,329
c_31658,556943,557267,324
c_31690,557267,557594,327
c_31701,557594,557927,333
c_31714,557927,558260,333
c_3173,558260,558587,327
c_31738,558587,558919,332
c_31755,558919,559248,329
c_31773,559248,559581,333
c_3179,559581,559909,328
c_31797,559909,560235,326
c_3180,560235,560567,332
c_31800,560567,560900,333
c_31833,560900,561232,332
c_31874,561232,561563,331
c_31880,561563,561893,330
c_31887,561893,562215,322
c_31892,562215,562545,330
c_31904,562545,562879,334
c_31934,562879,563204,325
c_31938,563204,563537,333
c_31949,563537,563867,330
c_31950,563867,564196,329
c_31970,564196,564527,331
c_31977,564527,564860,333
c_3198,564860,565193,333
c_32,565193,565523,330
c_32000,565523,565855,332
c_32008,565855,566188,333
c_32014,566188,566515,327
c_32018,566515,566849,334
c_32056,566849,567179,330
c_3207,567179,567508,329
c_32085,567508,567841,333
c_32089,567841,568166,325
c_32113,568166,568499,333
c_3214,568499,568828,329
c_32146,568828,569147,319
c_32156,569147,569480,333
c_32182,569480,569805,325
c_32186,569805,570137,332
c_32188,570137,570467,330
c_32190,570467,570801,334
c_32223,570801,571108,307
c_32273,571108,571437,329
c_32274,571437,571766,329
c_32276,571766,572096,330
c_32280,572096,572428,332
c_32285,572428,572758,330
c_32299,572758,573091,333
c_32314,573091,573423,332
c_32325,573423,573749,326
c_32349,573749,574079,330
c_32358,574079,574410,331
c_32368,574410,574742,332
c_32382,574742,575076,334
c_32388,575076,575407,331
c_32411,575407,575739,332
c_32423,575739,576071,332
c_3245,576071,576396,325
c_32486,576396,576728,332
c_32516,576728,577061,333
c_32529,577061,577389,328
c_32562,577389,577719,330
c_32568,577719,578048,329
c_3257,578048,578382,334
c_3258,578382,578715,333
c_32647,578715,579048,333
c_3265,579048,579380,332
c_32659,579380,579711,331
c_32662,579711,580044,333
c_32665,580044,580374,330
c_32666,580374,580704,330
c_32671,580704,581036,332
c_32673,581036,581363,327
c_3270,581363,581696,333
c_32700,581696,582029,333
c_32714,582029,582360,331
c_32720,582360,582693,333
c_32738,582693,583026,333
c_32764,583026,583358,332
c_32798,583358,583680,322
c_32821,583680,584013,333
c_32827,584013,584347,334
c_32832,584347,584681,334
c_3284,584681,585013,332
c_32844,585013,585346,333
c_32846,585346,585678,332
c_32847,585678,586010,332
c_32911,586010,586343,333
c_32920,586343,586677,334
c_32922,586677,587010,333
c_32927,587010,587340,330
c_3293,587340,587673,333
c_32942,587673,588004,331
c_32944,588004,588337,333
c_32948,588337,588663,326
c_32951,588663,588992,329
c_32961,588992,589322,330
c_32974,589322,589656,334
c_33009,589656,589988,332
c_33016,589988,590320,332
c_33055,590320,590641,321
c_33064,590641,590972,331
c_33069,590972,591305,333
c_33112,591305,591638,333
c_33113,591638,591971,333
c_33116,591971,592300,329
c_33124,592300,592631,331
c_33138,592631,592961,330
c_33146,592961,593293,332
c_33155,593293,593626,333
c_33198,593626,593959,333
c_33204,593959,594292,333
c_33231,594292,594620,328
c_33258,594620,594951,331
c_33263,594951,595280,329
c_33304,595280,595608,328
c_33319,595608,595939,331
c_33330,595939,596269,330
c_33338,596269,596600,331
c_33340,596600,596926,326
c_33362,596926,597258,332
c_33385,597258,597582,324
c_33419,597582,597914,332
c_33423,597914,598241,327
c_33436,598241,598571,330
c_3346,598571,598901,330
c_33467,598901,599223,322
c_33472,599223,599555,332
c_33474,599555,599883,328
c_335,599883,600215,332
c_3350,600215,600547,332
c_33506,600547,600880,333
c_33525,600880,601206,326
c_33527,601206,601537,331
c_33559,601537,601870,333
c_33566,601870,602187,317
c_33588,602187,602518,331
c_33596,602518,602844,326
c_33634,602844,603174,330
c_33637,603174,603507,333
c_33639,603507,603838,331
c_33651,603838,604170,332
c_33657,604170,604502,332
c_33661,604502,604834,332
c_3367,604834,605167,333
c_33672,605167,605499,332
c_33694,605499,605831,332
c_33695,605831,606165,334
c_33698,606165,606496,331
c_33700,606496,606829,333
c_33703,606829,607162,333
c_33736,607162,607496,334
c_33745,607496,607826,330
c_3375,607826,608157,331
c_33757,608157,608488,331
c_33763,608488,608821,333
c_3377,608821,609151,330
c_33837,609151,609484,333
c_33845,609484,609817,333
c_3389,609817,610146,329
c_33894,610146,610478,332
c_33928,610478,610810,332
c_33932,610810,611141,331
c_33934,611141,611468,327
c_33944,611468,611791,323
c_33946,611791,612112,321
c_33951,612112,612439,327
c_33956,612439,612772,333
c_33959,612772,613100,328
c_33980,613100,613431,331
c_340,613431,613764,333
c_34003,613764,614089,325
c_3401,614089,614418,329
c_34017,614418,614751,333
c_34034,614751,615072,321
c_34052,615072,615405,333
c_34078,615405,615737,332
c_34085,615737,616068,331
c_3410,616068,616400,332
c_34195,616400,616727,327
c_34203,616727,617056,329
c_34208,617056,617379,323
c_34281,617379,617713,334
c_34289,617713,618046,333
c_34301,618046,618378,332
c_34324,618378,618710,332
c_34354,618710,619042,332
c_34363,619042,619374,332
c_34364,619374,619706,332
c_34370,619706,620039,333
c_34373,620039,620372,333
c_34381,620372,620704,332
c_34384,620704,621034,330
c_34418,621034,621362,328
c_34461,621362,621696,334
c_34489,621696,622026,330
c_3449,622026,622359,333
c_34492,622359,622691,332
c_34519,622691,623023,332
c_34522,623023,623354,331
c_34535,623354,623686,332
c_34541,623686,624015,329
c_34542,624015,624348,333
c_34554,624348,624681,333
c_3458,624681,625013,332
c_34590,625013,625337,324
c_34611,625337,625668,331
c_34617,625668,625996,328
c_34622,625996,626327,331
c_34631,626327,626659,332
c_34633,626659,626991,332
c_34644,626991,627320,329
c_34649,627320,627650,330
c_34652,627650,627976,326
c_34657,627976,628307,331
c_34659,628307,628634,327
c_3466,628634,628966,332
c_3470,628966,629297,331
c_34733,629297,629630,333
c_34734,629630,629963,333
c_34737,629963,630294,331
c_34751,630294,630621,327
c_34766,630621,630953,332
c_34775,630953,631286,333
c_34783,631286,631620,334
c_34784,631620,631954,334
c_34835,631954,632284,330
c_34839,632284,632615,331
c_34849,632615,632941,326
c_34856,632941,633274,333
c_34857,633274,633606,332
c_3486,633606,633938,332
c_34863,633938,634270,332
c_34893,634270,634603,333
c_34897,634603,634935,332
c_3491,634935,635264,329
c_34917,635264,635596,332
c_3493,635596,635927,331
c_34947,635927,636255,328
c_34993,636255,636583,328
c_35001,636583,636915,332
c_35018,636915,637248,333
c_35021,637248,637578,330
c_35035,637578,637912,334
c_35036,637912,638244,332
c_35043,638244,638571,327
c_35064,638571,638897,326
c_35069,638897,639227,330
c_35074,639227,639557,330
c_35078,639557,639889,332
c_35099,639889,640222,333
c_3513,640222,640547,325
c_35148,640547,640880,333
c_35159,640880,641213,333
c_35184,641213,641537,324
c_35188,641537,641869,332
c_35234,641869,642202,333
c_35251,642202,642535,333
c_35258,642535,642868,333
c_3526,642868,643200,332
c_3527,643200,643531,331
c_35275,643531,643863,332
c_35280,643863,644191,328
c_35295,644191,644520,329
c_35304,644520,644853,333
c_35318,644853,645186,333
c_35321,645186,645519,333
c_35330,645519,645850,331
c_35347,645850,646183,333
c_35359,646183,646511,328
c_35378,646511,646839,328
c_35404,646839,647172,333
c_35407,647172,647501,329
c_35411,647501,647832,331
c_35432,647832,648158,326
c_35442,648158,648490,332
c_35449,648490,648822,332
c_3546,648822,649149,327
c_35461,649149,649477,328
c_35476,649477,649807,330
c_35487,649807,650140,333
c_35500,650140,650472,332
c_35516,650472,650803,331
c_35529,650803,651134,331
c_35539,651134,651467,333
c_35546,651467,651797,330
c_35567,651797,652128,331
c_35577,652128,652454,326
c_35590,652454,652778,324
c_35594,652778,653108,330
c_35617,653108,653439,331
c_3562,653439,653769,330
c_35621,653769,654101,332
c_35643,654101,654433,332
c_35661,654433,654759,326
c_35692,654759,655089,330
c_35707,655089,655406,317
c_35737,655406,655739,333
c_35764,655739,656070,331
c_35767,656070,656403,333
c_35769,656403,656735,332
c_3577,656735,657068,333
c_35780,657068,657391,323
c_35796,657391,657718,327
c_35802,657718,658052,334
c_35805,658052,658385,333
c_35813,658385,658716,331
c_35824,658716,659048,332
c_35837,659048,659381,333
c_35839,659381,659711,330
c_35848,659711,660044,333
c_35908,660044,660368,324
c_35915,660368,660698,330
c_35936,660698,661030,332
c_35946,661030,661362,332
c_35949,661362,661695,333
c_35955,661695,662027,332
c_35958,662027,662358,331
c_3597,662358,662690,332
c_35970,662690,663023,333
c_36004,663023,663348,325
c_36006,663348,663674,326
c_36052,663674,664004,330
c_36060,664004,664337,333
c_36065,664337,664668,331
c_36078,664668,665001,333
c_36080,665001,665329,328
c_36111,665329,665662,333
c_36121,665662,665994,332
c_36122,665994,666321,327
c_3613,666321,666646,325
c_36134,666646,666973,327
c_36158,666973,667306,333
c_36173,667306,667636,330
c_36203,667636,667959,323
c_36204,667959,668287,328
c_36213,668287,668619,332
c_36223,668619,668952,333
c_36226,668952,669286,334
c_36242,669286,669616,330
c_36243,669616,669915,299
c_36284,669915,670238,323
c_36285,670238,670569,331
c_3629,670569,670902,333
c_36291,670902,671231,329
c_36292,671231,671561,330
c_36295,671561,671893,332
c_36309,671893,672226,333
c_36312,672226,672558,332
c_36326,672558,672889,331
c_36343,672889,673220,331
c_36347,673220,673550,330
c_36394,673550,673883,333
c_36400,673883,674212,329
c_36412,674212,674542,330
c_3642,674542,674870,328
c_36434,674870,675203,333
c_36435,675203,675536,333
c_36474,675536,675860,324
c_36485,675860,676194,334
c_36486,676194,676520,326
c_36528,676520,676849,329
c_36529,676849,677088,239
c_36545,677088,677418,330
c_36549,677418,677748,330
c_36600,677748,678079,331
c_36602,678079,678408,329
c_36610,678408,678741,333
c_3662,678741,679073,332
c_36620,679073,679404,331
c_36640,679404,679735,331
c_36666,679735,680062,327
c_36684,680062,680393,331
c_36686,680393,680723,330
c_36707,680723,681053,330
c_36725,681053,681385,332
c_36727,681385,681716,331
c_36736,681716,682049,333
c_36761,682049,682377,328
c_36782,682377,682709,332
c_36793,682709,683039,330
c_36809,683039,683373,334
c_36824,683373,683702,329
c_36827,683702,684030,328
c_36831,684030,684353,323
c_36833,684353,684686,333
c_36855,684686,685019,333
c_36859,685019,685350,331
c_36869,685350,685683,333
c_36884,685683,686010,327
c_36887,686010,686342,332
c_36909,686342,686673,331
c_36932,686673,687005,332
c_36935,687005,687335,330
c_36939,687335,687663,328
c_36945,687663,687992,329
c_36957,687992,688322,330
c_36972,688322,688651,329
c_3700,688651,688984,333
c_37007,688984,689316,332
c_37049,689316,689647,331
c_37052,689647,689979,332
c_37067,689979,690311,332
c_3709,690311,690641,330
c_3710,690641,690970,329
c_37147,690970,691302,332
c_37156,691302,691629,327
c_3719,691629,691958,329
c_37205,691958,692291,333
c_37210,692291,692619,328
c_37219,692619,692950,331
c_37228,692950,693278,328
c_37241,693278,693611,333
c_37248,693611,693944,333
c_37252,693944,694276,332
c_37280,694276,694601,325
c_37282,694601,694932,331
c_37285,694932,695265,333
c_37287,695265,695597,332
c_37298,695597,695927,330
c_37305,695927,696255,328
c_37315,696255,696581,326
c_3733,696581,696912,331
c_37333,696912,697245,333
c_37334,697245,697578,333
c_37337,697578,697911,333
c_37354,697911,698241,330
c_37359,698241,698568,327
c_37362,698568,698891,323
c_37368,698891,699220,329
c_37393,699220,699549,329
c_37401,699549,699872,323
c_37402,699872,700205,333
c_37406,700205,700529,324
c_37422,700529,700860,331
c_37424,700860,701185,325
c_37427,701185,701515,330
c_37487,701515,701845,330
c_37492,701845,702178,333
c_37547,702178,702511,333
c_37577,702511,702843,332
c_37585,702843,703173,330
c_3759,703173,703506,333
c_37611,703506,703833,327
c_37627,703833,704164,331
c_37634,704164,704497,333
c_37644,704497,704829,332
c_37674,704829,705162,333
c_37688,705162,705495,333
c_37696,705495,705828,333
c_37712,705828,706159,331
c_37717,706159,706493,334
c_3774,706493,706826,333
c_37749,706826,707160,334
c_37771,707160,707493,333
c_37800,707493,707824,331
c_37810,707824,708153,329
c_37818,708153,708484,331
c_37819,708484,708812,328
c_37823,708812,709145,333
c_37831,709145,709478,333
c_37835,709478,709811,333
c_37836,709811,710142,331
c_37838,710142,710473,331
c_37845,710473,710802,329
c_37856,710802,711135,333
c_37879,711135,711469,334
c_37881,711469,711800,331
c_37884,711800,712127,327
c_37913,712127,712460,333
c_37914,712460,712783,323
c_37921,712783,713115,332
c_37928,713115,713445,330
c_37947,713445,713776,331
c_37959,713776,714107,331
c_37976,714107,714434,327
c_37992,714434,714762,328
c_38064,714762,715094,332
c_38070,715094,715422,328
c_38093,715422,715754,332
c_38098,715754,716083,329
c_3811,716083,716412,329
c_38134,716412,716743,331
c_3814,716743,717074,331
c_3816,717074,717407,333
c_38175,717407,717740,333
c_38184,717740,718072,332
c_38189,718072,718405,333
c_38191,718405,718736,331
c_38203,718736,719067,331
c_38229,719067,719397,330
c_3823,719397,719727,330
c_38234,719727,720060,333
c_38259,720060,720391,331
c_38281,720391,720722,331
c_38290,720722,721050,328
c_38293,721050,721381,331
c_38300,721381,721712,331
c_38306,721712,722044,332
c_3831,722044,722376,332
c_38380,722376,722702,326
c_38393,722702,723033,331
c_38395,723033,723365,332
c_38412,723365,723696,331
c_38413,723696,724027,331
c_38414,724027,724354,327
c_38453,724354,724683,329
c_38463,724683,725010,327
c_38464,725010,725343,333
c_3847,725343,725675,332
c_38472,725675,726007,332
c_38488,726007,726335,328
c_38500,726335,726666,331
c_38503,726666,726998,332
c_3852,726998,727326,328
c_38547,727326,727658,332
c_38565,727658,727991,333
c_38582,727991,728324,333
c_3859,728324,728655,331
c_38590,728655,728988,333
c_38634,728988,729321,333
c_38636,729321,729653,332
c_38657,729653,729984,331
c_38662,729984,730317,333
c_38686,730317,730647,330
c_38693,730647,730980,333
c_3870,730980,731309,329
c_38700,731309,731643,334
c_38702,731643,731975,332
c_38718,731975,732308,333
c_38741,732308,732635,327
c_38744,732635,732962,327
c_38754,732962,733295,333
c_38758,733295,733626,331
c_38765,733626,733960,334
c_38770,733960,734287,327
c_38776,734287,734616,329
c_38780,734616,734949,333
c_38795,734949,735282,333
c_38810,735282,735611,329
c_38817,735611,735944,333
c_38819,735944,736276,332
c_38834,736276,736604,328
c_38836,736604,736936,332
c_38843,736936,737267,331
c_38848,737267,737600,333
c_38874,737600,737920,320
c_38888,737920,738249,329
c_38893,738249,738557,308
c_38922,738557,738884,327
c_38953,738884,739212,328
c_38961,739212,739544,332
c_39034,739544,739872,328
c_39051,739872,740201,329
c_39064,740201,740533,332
c_39067,740533,740863,330
c_39099,740863,741195,332
c_39109,741195,741526,331
c_39120,741526,741860,334
c_3913,741860,742191,331
c_39139,742191,742523,332
c_39164,742523,742856,333
c_39175,742856,743189,333
c_39203,743189,743521,332
c_39217,743521,743853,332
c_39219,743853,744184,331
c_39228,744184,744514,330
c_39236,744514,744845,331
c_39239,744845,745176,331
c_39248,745176,745502,326
c_39253,745502,745822,320
c_39263,745822,746155,333
c_39266,746155,746488,333
c_39286,746488,746809,321
c_39309,746809,747142,333
c_39330,747142,747475,333
c_39353,747475,747808,333
c_39369,747808,748140,332
c_3938,748140,748471,331
c_39394,748471,748797,326
c_39395,748797,749124,327
c_39430,749124,749454,330
c_39436,749454,749785,331
c_39456,749785,750114,329
c_39479,750114,750447,333
c_39482,750447,750777,330
c_39496,750777,751110,333
c_39500,751110,751442,332
c_39504,751442,751773,331
c_39506,751773,752104,331
c_39516,752104,752433,329
c_39533,752433,752766,333
c_3956,752766,753097,331
c_39562,753097,753427,330
c_39567,753427,753759,332
c_39579,753759,754081,322
c_39587,754081,754406,325
c_39595,754406,754739,333
c_39628,754739,755069,330
c_39638,755069,755398,329
c_39651,755398,755731,333
c_39661,755731,756064,333
c_39676,756064,756397,333
c_3968,756397,756727,330
c_39683,756727,757057,330
c_39685,757057,757390,333
c_39692,757390,757723,333
c_39704,757723,758054,331
c_39721,758054,758383,329
c_3973,758383,758712,329
c_39748,758712,759042,330
c_3976,759042,759374,332
c_39776,759374,759699,325
c_39791,759699,760031,332
c_39802,760031,760362,331
c_39804,760362,760695,333
c_39835,760695,761027,332
c_39843,761027,761360,333
c_39848,761360,761681,321
c_39874,761681,762013,332
c_39876,762013,762346,333
c_39879,762346,762679,333
c_39885,762679,763009,330
c_3990,763009,763340,331
c_39928,763340,763672,332
c_3995,763672,764003,331
c_39983,764003,764336,333
c_39999,764336,764666,330
c_40017,764666,764996,330
c_4003,764996,765323,327
c_40066,765323,765656,333
c_40067,765656,765987,331
c_40072,765987,766318,331
c_40074,766318,766650,332
c_40077,766650,766980,330
c_4009,766980,767312,332
c_40128,767312,767641,329
c_40175,767641,767974,333
c_40200,767974,768302,328
c_40201,768302,768634,332
c_40204,768634,768966,332
c_40221,768966,769292,326
c_40223,769292,769622,330
c_4023,769622,769954,332
c_40234,769954,770285,331
c_40287,770285,770615,330
c_40309,770615,770946,331
c_40324,770946,771266,320
c_40335,771266,771598,332
c_40344,771598,771931,333
c_40345,771931,772263,332
c_40358,772263,772595,332
c_40388,772595,772928,333
c_40424,772928,773257,329
c_40432,773257,773587,330
c_40447,773587,773909,322
c_40490,773909,774239,330
c_40523,774239,774572,333
c_40543,774572,774893,321
c_40556,774893,775227,334
c_40567,775227,775557,330
c_40573,775557,775886,329
c_40584,775886,776217,331
c_4059,776217,776550,333
c_40602,776550,776883,333
c_40617,776883,777216,333
c_40640,777216,777549,333
c_40656,777549,777881,332
c_40657,777881,778211,330
c_40658,778211,778535,324
c_40725,778535,778869,334
c_40744,778869,779194,325
c_40770,779194,779522,328
c_40783,779522,779852,330
c_4080,779852,780182,330
c_40800,780182,780508,326
c_40815,780508,780841,333
c_40826,780841,781172,331
c_40831,781172,781503,331
c_40849,781503,781829,326
c_40862,781829,782160,331
c_4090,782160,782494,334
c_40921,782494,782827,333
c_40925,782827,783160,333
c_4093,783160,783491,331
c_40930,783491,783819,328
c_40946,783819,784145,326
c_40950,784145,784473,328
c_4098,784473,784805,332
c_40988,784805,785138,333
c_40996,785138,785470,332
c_41003,785470,785801,331
c_41010,785801,786134,333
c_41012,786134,786467,333
c_41023,786467,786798,331
c_41036,786798,787124,326
c_41038,787124,787447,323
c_41060,787447,787781,334
c_41066,787781,788114,333
c_41072,788114,788443,329
c_41082,788443,788768,325
c_41091,788768,789099,331
c_41111,789099,789431,332
c_41114,789431,789764,333
c_41129,789764,790089,325
c_4113,790089,790421,332
c_4117,790421,790752,331
c_41197,790752,791083,331
c_41205,791083,791414,331
c_41212,791414,791747,333
c_41214,791747,792080,333
c_41219,792080,792411,331
c_41265,792411,792741,330
c_41267,792741,793074,333
c_41273,793074,793406,332
c_41274,793406,793739,333
c_41279,793739,794070,331
c_41290,794070,794397,327
c_41294,794397,794726,329
c_41313,794726,795048,322
c_41315,795048,795380,332
c_41319,795380,795712,332
c_41323,795712,796046,334
c_41324,796046,796375,329
c_41326,796375,796707,332
c_41333,796707,797039,332
c_41334,797039,797372,333
c_41366,797372,797703,331
c_41382,797703,798035,332
c_41391,798035,798368,333
c_41399,798368,798687,319
c_41432,798687,799013,326
c_4146,799013,799344,331
c_41479,799344,799674,330
c_41491,799674,800004,330
c_41499,800004,800336,332
c_41515,800336,800664,328
c_41516,800664,800994,330
c_41526,800994,801326,332
c_41541,801326,801656,330
c_41554,801656,801984,328
c_4156,801984,802312,328
c_41596,802312,802637,325
c_41621,802637,802968,331
c_4163,802968,803300,332
c_41633,803300,803634,334
c_41639,803634,803962,328
c_41648,803962,804293,331
c_41684,804293,804624,331
c_41718,804624,804955,331
c_41720,804955,805289,334
c_41726,805289,805614,325
c_41741,805614,805947,333
c_41751,805947,806273,326
c_41752,806273,806601,328
c_41772,806601,806931,330
c_41774,806931,807263,332
c_41787,807263,807594,331
c_41807,807594,807926,332
c_41829,807926,807939,13
c_41833,807939,808272,333
c_41838,808272,808600,328
c_41841,808600,808931,331
c_41842,808931,809265,334
c_41872,809265,809598,333
c_4188,809598,809927,329
c_41918,809927,810257,330
c_4194,810257,810590,333
c_41943,810590,810924,334
c_41954,810924,811249,325
c_41970,811249,811578,329
c_41983,811578,811910,332
c_41986,811910,812243,333
c_41998,812243,812565,322
c_42015,812565,812897,332
c_42019,812897,813226,329
c_42030,813226,813557,331
c_4205,813557,813889,332
c_42065,813889,814217,328
c_42086,814217,814549,332
c_42087,814549,814881,332
c_42130,814881,815214,333
c_42131,815214,815547,333
c_42138,815547,815880,333
c_42161,815880,816206,326
c_4221,816206,816531,325
c_42239,816531,816859,328
c_42244,816859,817185,326
c_42249,817185,817515,330
c_42255,817515,817845,330
c_42257,817845,818178,333
c_42268,818178,818508,330
c_42292,818508,818839,331
c_42294,818839,819171,332
c_42301,819171,819499,328
c_42317,819499,819832,333
c_42323,819832,820160,328
c_42334,820160,820479,319
c_42340,820479,820808,329
c_4236,820808,821141,333
c_42362,821141,821470,329
c_42392,821470,821799,329
c_42411,821799,822130,331
c_42449,822130,822463,333
c_42453,822463,822796,333
c_42460,822796,823128,332
c_42461,823128,823449,321
c_42492,823449,823780,331
c_42494,823780,824112,332
c_42519,824112,824442,330
c_42525,824442,824770,328
c_42527,824770,825103,333
c_42530,825103,825435,332
c_42541,825435,825764,329
c_42551,825764,826095,331
c_42552,826095,826422,327
c_42556,826422,826756,334
c_42583,826756,827088,332
c_42590,827088,827420,332
c_42600,827420,827752,332
c_42602,827752,828085,333
c_42629,828085,828417,332
c_42647,828417,828748,331
c_42659,828748,829081,333
c_42661,829081,829414,333
c_42664,829414,829747,333
c_42671,829747,830079,332
c_42682,830079,830412,333
c_42701,830412,830745,333
c_42706,830745,831078,333
c_42733,831078,831409,331
c_42747,831409,831741,332
c_42756,831741,832072,331
c_42757,832072,832399,327
c_42791,832399,832730,331
c_42823,832730,833062,332
c_42827,833062,833392,330
c_42842,833392,833722,330
c_42869,833722,834054,332
c_42872,834054,834387,333
c_42888,834387,834721,334
c_42889,834721,835051,330
c_42896,835051,835385,334
c_42914,835385,835715,330
c_42926,835715,836048,333
c_42930,836048,836378,330
c_42933,836378,836711,333
c_42938,836711,837044,333
c_42945,837044,837374,330
c_42949,837374,837706,332
c_42959,837706,838038,332
c_42962,838038,838369,331
c_42975,838369,838701,332
c_42978,838701,839033,332
c_42982,839033,839365,332
c_4299,839365,839697,332
c_42998,839697,840019,322
c_4300,840019,840351,332
c_43000,840351,840683,332
c_43004,840683,841011,328
c_43005,841011,841339,328
c_43030,841339,841667,328
c_43054,841667,841998,331
c_43062,841998,842323,325
c_43069,842323,842654,331
c_43077,842654,842985,331
c_43107,842985,843316,331
c_43131,843316,843648,332
c_43141,843648,843979,331
c_43192,843979,844308,329
c_43205,844308,844641,333
c_43206,844641,844968,327
c_43246,844968,845302,334
c_43254,845302,845635,333
c_43259,845635,845963,328
c_43262,845963,846296,333
c_43335,846296,846630,334
c_4336,846630,846962,332
c_43360,846962,847295,333
c_43361,847295,847628,333
c_43368,847628,847959,331
c_4340,847959,848291,332
c_43414,848291,848621,330
c_43433,848621,848955,334
c_4345,848955,849284,329
c_43462,849284,849616,332
c_43466,849616,849946,330
c_43488,849946,850277,331
c_43496,850277,850610,333
c_43502,850610,850943,333
c_43511,850943,851276,333
c_43527,851276,851606,330
c_43531,851606,851936,330
c_43534,851936,852269,333
c_43536,852269,852594,325
c_43547,852594,852927,333
c_43549,852927,853260,333
c_43575,853260,853592,332
c_43590,853592,853918,326
c_43596,853918,854251,333
c_43602,854251,854584,333
c_43607,854584,854915,331
c_43638,854915,855248,333
c_43665,855248,855574,326
c_43670,855574,855902,328
c_43674,855902,856235,333
c_43681,856235,856564,329
c_43706,856564,856894,330
c_4371,856894,857221,327
c_43718,857221,857551,330
c_43720,857551,857883,332
c_4373,857883,858210,327
c_43731,858210,858540,330
c_43735,858540,858871,331
c_4380,858871,859200,329
c_43806,859200,859529,329
c_43813,859529,859861,332
c_43814,859861,860193,332
c_43823,860193,860525,332
c_43831,860525,860855,330
c_4384,860855,861187,332
c_43845,861187,861518,331
c_43867,861518,861851,333
c_43883,861851,862183,332
c_43891,862183,862514,331
c_43905,862514,862845,331
c_43957,862845,863172,327
c_44008,863172,863505,333
c_44039,863505,863838,333
c_44050,863838,864171,333
c_44056,864171,864503,332
c_44059,864503,864835,332
c_4409,864835,865161,326
c_44094,865161,865492,331
c_44115,865492,865825,333
c_44118,865825,866155,330
c_44135,866155,866488,333
c_44141,866488,866816,328
c_44164,866816,867148,332
c_44174,867148,867480,332
c_44187,867480,867813,333
c_44189,867813,867986,173
c_44194,867986,868317,331
c_44226,868317,868645,328
c_44256,868645,868975,330
c_4426,868975,869303,328
c_44260,869303,869635,332
c_44266,869635,869967,332
c_44295,869967,870299,332
c_44313,870299,870625,326
c_44328,870625,870959,334
c_44342,870959,871286,327
c_44355,871286,871616,330
c_44360,871616,871941,325
c_44364,871941,872274,333
c_4437,872274,872608,334
c_44406,872608,872936,328
c_44418,872936,873268,332
c_44427,873268,873601,333
c_44525,873601,873929,328
c_44529,873929,874259,330
c_44553,874259,874592,333
c_44555,874592,874924,332
c_44560,874924,875256,332
c_44568,875256,875586,330
c_44574,875586,875908,322
c_44582,875908,876240,332
c_44588,876240,876573,333
c_44601,876573,876900,327
c_44607,876900,877232,332
c_4461,877232,877563,331
c_44613,877563,877896,333
c_44616,877896,878229,333
c_44632,878229,878561,332
c_44644,878561,878888,327
c_4466,878888,879217,329
c_44662,879217,879549,332
c_44685,879549,879881,332
c_44688,879881,880213,332
c_44696,880213,880537,324
c_44707,880537,880866,329
c_44718,880866,881200,334
c_44726,881200,881529,329
c_44730,881529,881863,334
c_44743,881863,882197,334
c_44790,882197,882526,329
c_44791,882526,882860,334
c_44809,882860,883193,333
c_44821,883193,883518,325
c_44829,883518,883849,331
c_44851,883849,884182,333
c_44855,884182,884515,333
c_44867,884515,884843,328
c_44879,884843,885176,333
c_44911,885176,885507,331
c_44921,885507,885838,331
c_44928,885838,886170,332
c_44929,886170,886502,332
c_44953,886502,886835,333
c_44966,886835,887165,330
c_44967,887165,887496,331
c_44976,887496,887829,333
c_44992,887829,888159,330
c_45005,888159,888493,334
c_45021,888493,888826,333
c_45027,888826,889160,334
c_4506,889160,889491,331
c_45072,889491,889821,330
c_45087,889821,890151,330
c_45097,890151,890485,334
c_45107,890485,890819,334
c_45110,890819,891151,332
c_45124,891151,891473,322
c_45134,891473,891803,330
c_45138,891803,892134,331
c_45178,892134,892463,329
c_45209,892463,892796,333
c_45213,892796,893123,327
c_45216,893123,893456,333
c_45224,893456,893787,331
c_4523,893787,894111,324
c_45236,894111,894442,331
c_45243,894442,894774,332
c_45268,894774,895105,331
c_45283,895105,895437,332
c_45284,895437,895767,330
c_45287,895767,896097,330
c_45291,896097,896429,332
c_45293,896429,896762,333
c_45310,896762,897096,334
c_45314,897096,897429,333
c_45335,897429,897755,326
c_4541,897755,898086,331
c_45427,898086,898409,323
c_45484,898409,898730,321
c_45488,898730,899059,329
c_45489,899059,899385,326
c_45515,899385,899716,331
c_45539,899716,900044,328
c_45541,900044,900376,332
c_45546,900376,900707,331
c_45557,900707,901036,329
c_45558,901036,901369,333
c_45576,901369,901701,332
c_45582,901701,902032,331
c_45590,902032,902365,333
c_4560,902365,902693,328
c_45620,902693,903023,330
c_45658,903023,903356,333
c_45659,903356,903686,330
c_45679,903686,904017,331
c_45722,904017,904349,332
c_45730,904349,904678,329
c_45733,904678,905007,329
c_45759,905007,905340,333
c_45772,905340,905672,332
c_45777,905672,906001,329
c_45780,906001,906335,334
c_45786,906335,906661,326
c_45821,906661,906994,333
c_45841,906994,907322,328
c_45855,907322,907654,332
c_4586,907654,907984,330
c_45865,907984,908317,333
c_45872,908317,908649,332
c_45894,908649,908976,327
c_45911,908976,909308,332
c_4593,909308,909636,328
c_45935,909636,909969,333
c_45939,909969,910302,333
c_45940,910302,910632,330
c_4595,910632,910963,331
c_4599,910963,911291,328
c_45998,911291,911624,333
c_45999,911624,911951,327
c_46000,911951,912270,319
c_46002,912270,912594,324
c_46010,912594,912915,321
c_46033,912915,913245,330
c_46045,913245,913571,326
c_4605,913571,913902,331
c_46060,913902,914226,324
c_46065,914226,914555,329
c_46085,914555,914886,331
c_46114,914886,915218,332
c_46116,915218,915532,314
c_46128,915532,915863,331
c_46136,915863,916194,331
c_46156,916194,916528,334
c_46169,916528,916860,332
c_46175,916860,917192,332
c_46193,917192,917520,328
c_462,917520,917852,332
c_46246,917852,918184,332
c_46247,918184,918504,320
c_46279,918504,918836,332
c_46288,918836,919164,328
c_46291,919164,919495,331
c_46292,919495,919826,331
c_46312,919826,920155,329
c_46322,920155,920486,331
c_46337,920486,920819,333
c_46368,920819,921152,333
c_46374,921152,921485,333
c_4640,921485,921814,329
c_46409,921814,922147,333
c_46423,922147,922481,334
c_4643,922481,922813,332
c_46433,922813,923142,329
c_46445,923142,923470,328
c_46449,923470,923792,322
c_46464,923792,924124,332
c_46467,924124,924450,326
c_46471,924450,924779,329
c_46504,924779,925113,334
c_46513,925113,925446,333
c_46524,925446,925777,331
c_46533,925777,926108,331
c_46543,926108,926437,329
c_46546,926437,926758,321
c_46559,926758,927092,334
c_46581,927092,927426,334
c_46616,927426,927756,330
c_46676,927756,928088,332
c_46717,928088,928417,329
c_4672,928417,928750,333
c_46727,928750,929080,330
c_46735,929080,929412,332
c_4675,929412,929714,302
c_46755,929714,930031,317
c_46757,930031,930363,332
c_4676,930363,930696,333
c_46776,930696,931022,326
c_46797,931022,931355,333
c_46799,931355,931689,334
c_46810,931689,932017,328
c_46813,932017,932350,333
c_46827,932350,932679,329
c_4683,932679,933003,324
c_46831,933003,933334,331
c_46837,933334,933664,330
c_4684,933664,933997,333
c_46841,933997,934329,332
c_4686,934329,934659,330
c_46862,934659,934990,331
c_46887,934990,935322,332
c_46898,935322,935648,326
c_46941,935648,935979,331
c_46973,935979,936309,330
c_470,936309,936639,330
c_47007,936639,936968,329
c_4701,936968,937297,329
c_47015,937297,937626,329
c_47053,937626,937959,333
c_47065,937959,938290,331
c_47079,938290,938620,330
c_47081,938620,938952,332
c_47101,938952,939284,332
c_47103,939284,939608,324
c_47106,939608,939941,333
c_47128,939941,940274,333
c_47169,940274,940607,333
c_4719,940607,940928,321
c_47214,940928,941259,331
c_47218,941259,941583,324
c_4722,941583,941910,327
c_47254,941910,942243,333
c_4727,942243,942575,332
c_47271,942575,942908,333
c_47274,942908,943237,329
c_473,943237,943567,330
c_47308,943567,943898,331
c_47317,943898,944231,333
c_47319,944231,944555,324
c_47323,944555,944886,331
c_47329,944886,945218,332
c_47355,945218,945549,331
c_47356,945549,945881,332
c_47383,945881,946209,328
c_47393,946209,946533,324
c_47422,946533,946866,333
c_47427,946866,947199,333
c_47447,947199,947530,331
c_47460,947530,947863,333
c_47461,947863,948197,334
c_47467,948197,948529,332
c_47476,948529,948862,333
c_47486,948862,949192,330
c_47543,949192,949524,332
c_47562,949524,949854,330
c_47593,949854,950186,332
c_47595,950186,950516,330
c_47603,950516,950845,329
c_47618,950845,951176,331
c_47626,951176,951504,328
c_47628,951504,951835,331
c_47663,951835,952165,330
c_47667,952165,952498,333
c_47668,952498,952830,332
c_47672,952830,953163,333
c_47741,953163,953491,328
c_4775,953491,953821,330
c_47808,953821,954152,331
c_47810,954152,954485,333
c_47815,954485,954819,334
c_47920,954819,955151,332
c_47932,955151,955481,330
c_47949,955481,955814,333
c_4795,955814,956145,331
c_47960,956145,956475,330
c_47977,956475,956807,332
c_47980,956807,957129,322
c_47988,957129,957457,328
c_4800,957457,957789,332
c_48012,957789,958122,333
c_48014,958122,958451,329
c_48021,958451,958782,331
c_48079,958782,959110,328
c_48090,959110,959442,332
c_48097,959442,959775,333
c_48100,959775,960100,325
c_48108,960100,960432,332
c_48117,960432,960765,333
c_48128,960765,961095,330
c_48142,961095,961427,332
c_48155,961427,961755,328
c_48188,961755,962087,332
c_482,962087,962419,332
c_48207,962419,962749,330
c_48211,962749,963080,331
c_48213,963080,963402,322
c_48216,963402,963730,328
c_48217,963730,964060,330
c_48230,964060,964378,318
c_48236,964378,964710,332
c_48245,964710,965043,333
c_48274,965043,965373,330
c_48277,965373,965705,332
c_48279,965705,966039,334
c_48284,966039,966371,332
c_48291,966371,966700,329
c_4830,966700,967021,321
c_48300,967021,967352,331
c_48349,967352,967674,322
c_48352,967674,968008,334
c_48354,968008,968337,329
c_48385,968337,968666,329
c_4839,968666,968998,332
c_48396,968998,969324,326
c_48412,969324,969652,328
c_48416,969652,969976,324
c_48420,969976,970289,313
c_48433,970289,970621,332
c_48436,970621,970947,326
c_48449,970947,971274,327
c_4845,971274,971606,332
c_48461,971606,971939,333
c_48464,971939,972267,328
c_48479,972267,972593,326
c_48485,972593,972924,331
c_48487,972924,973257,333
c_48489,973257,973589,332
c_48490,973589,973922,333
c_48492,973922,974252,330
c_48493,974252,974581,329
c_48495,974581,974912,331
c_48523,974912,975242,330
c_48527,975242,975564,322
c_48540,975564,975891,327
c_48550,975891,976220,329
c_4856,976220,976553,333
c_48565,976553,976884,331
c_48579,976884,977215,331
c_4860,977215,977548,333
c_48612,977548,977876,328
c_48615,977876,978204,328
c_48621,978204,978528,324
c_48629,978528,978861,333
c_48642,978861,979183,322
c_48643,979183,979510,327
c_48673,979510,979843,333
c_48678,979843,980171,328
c_487,980171,980486,315
c_48716,980486,980813,327
c_48722,980813,981145,332
c_48731,981145,981478,333
c_48737,981478,981809,331
c_48754,981809,982140,331
c_48757,982140,982470,330
c_48794,982470,982803,333
c_48817,982803,983134,331
c_48819,983134,983464,330
c_48830,983464,983789,325
c_48845,983789,984121,332
c_48872,984121,984444,323
c_48924,984444,984776,332
c_48934,984776,985108,332
c_48972,985108,985372,264
c_48985,985372,985704,332
c_48990,985704,986036,332
c_49041,986036,986367,331
c_49042,986367,986688,321
c_49045,986688,987021,333
c_49060,987021,987353,332
c_49070,987353,987679,326
c_49084,987679,988013,334
c_49087,988013,988335,322
c_49112,988335,988667,332
c_49127,988667,988999,332
c_49151,988999,989331,332
c_49153,989331,989665,334
c_49159,989665,989998,333
c_49178,989998,990325,327
c_49181,990325,990655,330
c_49232,990655,990985,330
c_49248,990985,991318,333
c_49255,991318,991648,330
c_49260,991648,991975,327
c_49268,991975,992307,332
c_49271,992307,992635,328
c_49275,992635,992967,332
c_49288,992967,993297,330
c_49302,993297,993628,331
c_49328,993628,993942,314
c_49331,993942,994275,333
c_49344,994275,994606,331
c_49369,994606,994939,333
c_49393,994939,995268,329
c_49399,995268,995600,332
c_49405,995600,995931,331
c_49410,995931,996263,332
c_49423,996263,996594,331
c_49431,996594,996927,333
c_4944,996927,997260,333
c_49449,997260,997584,324
c_49452,997584,997918,334
c_49454,997918,998241,323
c_49455,998241,998553,312
c_49485,998553,998886,333
c_49499,998886,999209,323
c_49529,999209,999543,334
c_49550,999543,999875,332
c_4957,999875,1000194,319
c_49571,1000194,1000521,327
c_49573,1000521,1000842,321
c_49589,1000842,1001174,332
c_49597,1001174,1001508,334
c_49598,1001508,1001841,333
c_496,1001841,1002169,328
c_49604,1002169,1002502,333
c_49607,1002502,1002835,333
c_4961,1002835,1003169,334
c_49620,1003169,1003501,332
c_49622,1003501,1003830,329
c_49625,1003830,1004158,328
c_49630,1004158,1004484,326
c_49638,1004484,1004813,329
c_49663,1004813,1005142,329
c_49673,1005142,1005473,331
c_49690,1005473,1005806,333
c_49698,1005806,1006131,325
c_49706,1006131,1006463,332
c_4971,1006463,1006790,327
c_4972,1006790,1007115,325
c_49769,1007115,1007445,330
c_49781,1007445,1007486,41
c_49820,1007486,1007817,331
c_49835,1007817,1008151,334
c_49838,1008151,1008482,331
c_49852,1008482,1008814,332
c_49860,1008814,1009147,333
c_49864,1009147,1009478,331
c_49881,1009478,1009809,331
c_49888,1009809,1010140,331
c_49913,1010140,1010468,328
c_4993,1010468,1010801,333
c_49952,1010801,1011131,330
c_49970,1011131,1011463,332
c_49978,1011463,1011795,332
c_49980,1011795,1012127,332
c_50021,1012127,1012459,332
c_50059,1012459,1012790,331
c_50072,1012790,1013123,333
c_50090,1013123,1013456,333
c_50100,1013456,1013786,330
c_50109,1013786,1014116,330
c_50135,1014116,1014442,326
c_5015,1014442,1014773,331
c_50162,1014773,1015094,321
c_50164,1015094,1015420,326
c_50165,1015420,1015747,327
c_50168,1015747,1016079,332
c_50194,1016079,1016402,323
c_50201,1016402,1016734,332
c_5021,1016734,1017067,333
c_50219,1017067,1017398,331
c_50242,1017398,1017730,332
c_5025,1017730,1018060,330
c_50250,1018060,1018392,332
c_50265,1018392,1018654,262
c_50283,1018654,1018969,315
c_50291,1018969,1019300,331
c_50309,1019300,1019634,334
c_50336,1019634,1019965,331
c_5035,1019965,1020298,333
c_50363,1020298,1020629,331
c_50367,1020629,1020957,328
c_50377,1020957,1021281,324
c_50388,1021281,1021614,333
c_504,1021614,1021945,331
c_5040,1021945,1022273,328
c_50417,1022273,1022597,324
c_50448,1022597,1022919,322
c_50464,1022919,1023251,332
c_50490,1023251,1023584,333
c_50492,1023584,1023910,326
c_505,1023910,1024240,330
c_5050,1024240,1024567,327
c_50518,1024567,1024900,333
c_50545,1024900,1025230,330
c_50551,1025230,1025563,333
c_50561,1025563,1025891,328
c_50572,1025891,1026221,330
c_50588,1026221,1026554,333
c_50595,1026554,1026884,330
c_50605,1026884,1027215,331
c_5063,1027215,1027543,328
c_50641,1027543,1027873,330
c_50667,1027873,1028206,333
c_50669,1028206,1028536,330
c_50697,1028536,1028862,326
c_50700,1028862,1029192,330
c_50706,1029192,1029519,327
c_50710,1029519,1029849,330
c_50720,1029849,1030181,332
c_50725,1030181,1030509,328
c_50740,1030509,1030841,332
c_50742,1030841,1031172,331
c_50745,1031172,1031501,329
c_50758,1031501,1031831,330
c_50765,1031831,1032164,333
c_50767,1032164,1032495,331
c_50791,1032495,1032824,329
c_50792,1032824,1033149,325
c_50805,1033149,1033482,333
c_50819,1033482,1033814,332
c_50820,1033814,1034145,331
c_50824,1034145,1034477,332
c_50837,1034477,1034809,332
c_50842,1034809,1035139,330
c_50845,1035139,1035469,330
c_50849,1035469,1035802,333
c_5085,1035802,1036135,333
c_50854,1036135,1036468,333
c_50857,1036468,1036792,324
c_50881,1036792,1037122,330
c_5089,1037122,1037452,330
c_509,1037452,1037783,331
c_5090,1037783,1038115,332
c_50909,1038115,1038445,330
c_50918,1038445,1038778,333
c_50944,1038778,1039108,330
c_50946,1039108,1039438,330
c_50989,1039438,1039766,328
c_50990,1039766,1040098,332
c_51005,1040098,1040432,334
c_51009,1040432,1040763,331
c_51015,1040763,1041096,333
c_51045,1041096,1041429,333
c_51053,1041429,1041755,326
c_51061,1041755,1042088,333
c_51063,1042088,1042413,325
c_51068,1042413,1042746,333
c_51105,1042746,1043079,333
c_51135,1043079,1043412,333
c_51138,1043412,1043745,333
c_51149,1043745,1044077,332
c_51212,1044077,1044407,330
c_5122,1044407,1044729,322
c_51231,1044729,1045062,333
c_51248,1045062,1045381,319
c_51266,1045381,1045710,329
c_51275,1045710,1046042,332
c_51331,1046042,1046374,332
c_51342,1046374,1046707,333
c_51347,1046707,1047034,327
c_51357,1047034,1047353,319
c_51371,1047353,1047679,326
c_51375,1047679,1048010,331
c_51407,1048010,1048343,333
c_51434,1048343,1048675,332
c_51443,1048675,1049006,331
c_51465,1049006,1049338,332
c_51466,1049338,1049664,326
c_51469,1049664,1049904,240
c_51476,1049904,1050228,324
c_51478,1050228,1050562,334
c_51483,1050562,1050888,326
c_5150,1050888,1051217,329
c_51525,1051217,1051543,326
c_51533,1051543,1051876,333
c_51539,1051876,1052208,332
c_5157,1052208,1052539,331
c_51585,1052539,1052871,332
c_51590,1052871,1053204,333
c_51601,1053204,1053537,333
c_51628,1053537,1053868,331
c_51635,1053868,1054196,328
c_51655,1054196,1054528,332
c_51667,1054528,1054856,328
c_51668,1054856,1055184,328
c_51675,1055184,1055513,329
c_51699,1055513,1055846,333
c_51701,1055846,1056179,333
c_51724,1056179,1056510,331
c_51736,1056510,1056841,331
c_51739,1056841,1057175,334
c_51769,1057175,1057507,332
c_51775,1057507,1057840,333
c_51778,1057840,1058173,333
c_51783,1058173,1058495,322
c_51805,1058495,1058828,333
c_51826,1058828,1059161,333
c_51871,1059161,1059488,327
c_51895,1059488,1059816,328
c_51949,1059816,1060145,329
c_51950,1060145,1060477,332
c_52000,1060477,1060807,330
c_52007,1060807,1061136,329
c_52021,1061136,1061467,331
c_5204,1061467,1061797,330
c_52043,1061797,1062128,331
c_52050,1062128,1062457,329
c_52054,1062457,1062790,333
c_52076,1062790,1063118,328
c_52089,1063118,1063449,331
c_52127,1063449,1063782,333
c_52130,1063782,1064115,333
c_52139,1064115,1064446,331
c_52141,1064446,1064779,333
c_52156,1064779,1065107,328
c_52157,1065107,1065438,331
c_52171,1065438,1065772,334
c_52177,1065772,1066102,330
c_52182,1066102,1066435,333
c_52184,1066435,1066764,329
c_52201,1066764,1067089,325
c_52213,1067089,1067421,332
c_52252,1067421,1067750,329
c_52258,1067750,1068084,334
c_52281,1068084,1068415,331
c_52295,1068415,1068746,331
c_52306,1068746,1069078,332
c_52366,1069078,1069410,332
c_52375,1069410,1069743,333
c_52378,1069743,1070075,332
c_52398,1070075,1070408,333
c_52415,1070408,1070741,333
c_52425,1070741,1071071,330
c_52433,1071071,1071401,330
c_52438,1071401,1071735,334
c_52446,1071735,1072058,323
c_52473,1072058,1072389,331
c_52488,1072389,1072721,332
c_52518,1072721,1073053,332
c_52526,1073053,1073385,332
c_52536,1073385,1073711,326
c_52538,1073711,1074037,326
c_52541,1074037,1074370,333
c_52568,1074370,1074701,331
c_5259,1074701,1075030,329
c_52600,1075030,1075358,328
c_52602,1075358,1075687,329
c_52608,1075687,1076018,331
c_52637,1076018,1076341,323
c_52647,1076341,1076673,332
c_52652,1076673,1077002,329
c_5267,1077002,1077334,332
c_52672,1077334,1077666,332
c_52682,1077666,1078000,334
c_5269,1078000,1078329,329
c_52704,1078329,1078660,331
c_52707,1078660,1078993,333
c_52730,1078993,1079327,334
c_52740,1079327,1079660,333
c_52763,1079660,1079984,324
c_52764,1079984,1080311,327
c_52775,1080311,1080645,334
c_52780,1080645,1080977,332
c_52800,1080977,1081309,332
c_52812,1081309,1081642,333
c_52823,1081642,1081974,332
c_52831,1081974,1082306,332
c_52833,1082306,1082633,327
c_52834,1082633,1082964,331
c_52863,1082964,1083296,332
c_52871,1083296,1083626,330
c_52881,1083626,1083954,328
c_52889,1083954,1084282,328
c_52894,1084282,1084610,328
c_52895,1084610,1084944,334
c_52897,1084944,1085276,332
c_5290,1085276,1085609,333
c_52906,1085609,1085939,330
c_5292,1085939,1086271,332
c_52931,1086271,1086603,332
c_5295,1086603,1086931,328
c_52952,1086931,1087258,327
c_52972,1087258,1087590,332
c_52984,1087590,1087920,330
c_53005,1087920,1088245,325
c_53007,1088245,1088574,329
c_53010,1088574,1088889,315
c_53027,1088889,1089221,332
c_53031,1089221,1089554,333
c_53039,1089554,1089886,332
c_53042,1089886,1090216,330
c_53046,1090216,1090537,321
c_53067,1090537,1090868,331
c_53070,1090868,1091197,329
c_53076,1091197,1091525,328
c_53103,1091525,1091858,333
c_53114,1091858,1092181,323
c_53117,1092181,1092514,333
c_53122,1092514,1092842,328
c_53127,1092842,1093174,332
c_53135,1093174,1093507,333
c_53136,1093507,1093838,331
c_53229,1093838,1094167,329
c_53243,1094167,1094496,329
c_53250,1094496,1094826,330
c_53251,1094826,1095158,332
c_53255,1095158,1095488,330
c_53273,1095488,1095821,333
c_53279,1095821,1096153,332
c_53287,1096153,1096483,330
c_53307,1096483,1096814,331
c_53334,1096814,1097148,334
c_53356,1097148,1097481,333
c_53364,1097481,1097812,331
c_53368,1097812,1098146,334
c_5338,1098146,1098479,333
c_53393,1098479,1098811,332
c_53397,1098811,1099140,329
c_53398,1099140,1099471,331
c_53412,1099471,1099803,332
c_53414,1099803,1100136,333
c_53433,1100136,1100469,333
c_53442,1100469,1100800,331
c_53457,1100800,1101133,333
c_53463,1101133,1101463,330
c_53465,1101463,1101796,333
c_53468,1101796,1102128,332
c_5350,1102128,1102460,332
c_53505,1102460,1102792,332
c_53537,1102792,1103124,332
c_53569,1103124,1103456,332
c_5357,1103456,1103789,333
c_53589,1103789,1104122,333
c_53611,1104122,1104453,331
c_53623,1104453,1104786,333
c_53636,1104786,1105115,329
c_53644,1105115,1105443,328
c_53653,1105443,1105776,333
c_53671,1105776,1106108,332
c_53676,1106108,1106436,328
c_53690,1106436,1106769,333
c_53699,1106769,1107102,333
c_53705,1107102,1107435,333
c_53711,1107435,1107767,332
c_53733,1107767,1108098,331
c_53751,1108098,1108430,332
c_53752,1108430,1108758,328
c_53755,1108758,1109090,332
c_53798,1109090,1109423,333
c_538,1109423,1109757,334
c_53801,1109757,1110084,327
c_5381,1110084,1110417,333
c_53810,1110417,1110745,328
c_53821,1110745,1111071,326
c_53822,1111071,1111403,332
c_53823,1111403,1111734,331
c_53836,1111734,1112065,331
c_53837,1112065,1112392,327
c_53838,1112392,1112724,332
c_53846,1112724,1113054,330
c_53860,1113054,1113369,315
c_53868,1113369,1113700,331
c_53875,1113700,1114030,330
c_53881,1114030,1114359,329
c_53893,1114359,1114690,331
c_53935,1114690,1115023,333
c_53957,1115023,1115356,333
c_53964,1115356,1115689,333
c_53979,1115689,1116021,332
c_53984,1116021,1116353,332
c_53988,1116353,1116684,331
c_53989,1116684,1117014,330
c_54001,1117014,1117346,332
c_54002,1117346,1117675,329
c_54006,1117675,1118007,332
c_54007,1118007,1118333,326
c_54011,1118333,1118666,333
c_54014,1118666,1118997,331
c_54028,1118997,1119326,329
c_54031,1119326,1119655,329
c_54033,1119655,1119979,324
c_54047,1119979,1120308,329
c_54059,1120308,1120640,332
c_54065,1120640,1120973,333
c_54083,1120973,1121299,326
c_54089,1121299,1121633,334
c_54097,1121633,1121964,331
c_54104,1121964,1122296,332
c_54131,1122296,1122626,330
c_54143,1122626,1122953,327
c_54165,1122953,1123283,330
c_54174,1123283,1123616,333
c_54187,1123616,1123941,325
c_54188,1123941,1124274,333
c_54192,1124274,1124606,332
c_54214,1124606,1124939,333
c_54224,1124939,1125272,333
c_54247,1125272,1125604,332
c_54251,1125604,1125937,333
c_54253,1125937,1126269,332
c_54254,1126269,1126603,334
c_54266,1126603,1126936,333
c_54287,1126936,1127268,332
c_54296,1127268,1127597,329
c_54323,1127597,1127926,329
c_54340,1127926,1128259,333
c_5435,1128259,1128592,333
c_54354,1128592,1128922,330
c_5439,1128922,1129255,333
c_54394,1129255,1129578,323
c_5442,1129578,1129912,334
c_54473,1129912,1130240,328
c_54524,1130240,1130570,330
c_54535,1130570,1130892,322
c_54548,1130892,1131222,330
c_54570,1131222,1131551,329
c_5462,1131551,1131874,323
c_54636,1131874,1132205,331
c_54638,1132205,1132537,332
c_54660,1132537,1132868,331
c_54671,1132868,1133197,329
c_54674,1133197,1133529,332
c_54687,1133529,1133861,332
c_54699,1133861,1134194,333
c_54708,1134194,1134527,333
c_5473,1134527,1134854,327
c_54763,1134854,1135184,330
c_54800,1135184,1135512,328
c_54807,1135512,1135842,330
c_54826,1135842,1136175,333
c_54827,1136175,1136497,322
c_54854,1136497,1136827,330
c_54869,1136827,1137160,333
c_54910,1137160,1137492,332
c_54911,1137492,1137823,331
c_54915,1137823,1138155,332
c_54925,1138155,1138487,332
c_54965,1138487,1138816,329
c_54971,1138816,1139146,330
c_54973,1139146,1139478,332
c_55012,1139478,1139805,327
c_55019,1139805,1140129,324
c_55044,1140129,1140461,332
c_55047,1140461,1140789,328
c_55049,1140789,1141118,329
c_55056,1141118,1141450,332
c_55057,1141450,1141774,324
c_55069,1141774,1142105,331
c_55076,1142105,1142437,332
c_55080,1142437,1142765,328
c_55112,1142765,1143098,333
c_55120,1143098,1143432,334
c_55121,1143432,1143763,331
c_55137,1143763,1144096,333
c_55141,1144096,1144429,333
c_55146,1144429,1144761,332
c_55155,1144761,1145094,333
c_55158,1145094,1145428,334
c_55160,1145428,1145756,328
c_55193,1145756,1146086,330
c_55196,1146086,1146418,332
c_55208,1146418,1146751,333
c_55230,1146751,1147084,333
c_55254,1147084,1147415,331
c_55256,1147415,1147741,326
c_55267,1147741,1148072,331
c_55281,1148072,1148403,331
c_55288,1148403,1148735,332
c_55291,1148735,1149067,332
c_55306,1149067,1149400,333
c_55329,1149400,1149731,331
c_55347,1149731,1150064,333
c_55356,1150064,1150393,329
c_55359,1150393,1150725,332
c_5536,1150725,1151058,333
c_55363,1151058,1151384,326
c_55383,1151384,1151711,327
c_55485,1151711,1152045,334
c_5551,1152045,1152375,330
c_55516,1152375,1152707,332
c_55544,1152707,1153041,334
c_5555,1153041,1153373,332
c_55585,1153373,1153707,334
c_55587,1153707,1154034,327
c_55613,1154034,1154362,328
c_55616,1154362,1154695,333
c_55617,1154695,1155020,325
c_55645,1155020,1155353,333
c_55654,1155353,1155683,330
c_55662,1155683,1156014,331
c_55664,1156014,1156343,329
c_55724,1156343,1156675,332
c_55729,1156675,1157007,332
c_55743,1157007,1157331,324
c_55763,1157331,1157652,321
c_55768,1157652,1157985,333
c_55770,1157985,1158318,333
c_55801,1158318,1158650,332
c_55809,1158650,1158983,333
c_55820,1158983,1159315,332
c_55831,1159315,1159647,332
c_55850,1159647,1159981,334
c_55902,1159981,1160310,329
c_55913,1160310,1160644,334
c_55944,1160644,1160978,334
c_55955,1160978,1161312,334
c_55956,1161312,1161643,331
c_55978,1161643,1161975,332
c_55997,1161975,1162308,333
c_560,1162308,1162638,330
c_56013,1162638,1162971,333
c_56017,1162971,1163304,333
c_5602,1163304,1163635,331
c_56025,1163635,1163960,325
c_5603,1163960,1164293,333
c_56030,1164293,1164626,333
c_56032,1164626,1164954,328
c_56045,1164954,1165279,325
c_56089,1165279,1165612,333
c_56097,1165612,1165944,332
c_56121,1165944,1166278,334
c_56123,1166278,1166602,324
c_56133,1166602,1166934,332
c_56156,1166934,1167261,327
c_5616,1167261,1167580,319
c_5618,1167580,1167911,331
c_56193,1167911,1168243,332
c_56198,1168243,1168574,331
c_56202,1168574,1168906,332
c_56203,1168906,1169236,330
c_56221,1169236,1169563,327
c_56227,1169563,1169886,323
c_56236,1169886,1170215,329
c_56251,1170215,1170545,330
c_56263,1170545,1170878,333
c_56266,1170878,1171209,331
c_56281,1171209,1171542,333
c_56299,1171542,1171868,326
c_56302,1171868,1172200,332
c_5631,1172200,1172244,44
c_5632,1172244,1172577,333
c_56322,1172577,1172910,333
c_56324,1172910,1173243,333
c_56330,1173243,1173563,320
c_56331,1173563,1173892,329
c_56368,1173892,1174218,326
c_56371,1174218,1174551,333
c_56381,1174551,1174882,331
c_5641,1174882,1175216,334
c_56442,1175216,1175546,330
c_56452,1175546,1175876,330
c_56454,1175876,1176200,324
c_56455,1176200,1176372,172
c_56465,1176372,1176690,318
c_56471,1176690,1177022,332
c_56485,1177022,1177354,332
c_56504,1177354,1177688,334
c_56506,1177688,1178018,330
c_56514,1178018,1178352,334
c_56535,1178352,1178682,330
c_56539,1178682,1179011,329
c_56541,1179011,1179344,333
c_56542,1179344,1179675,331
c_56570,1179675,1180008,333
c_56571,1180008,1180341,333
c_56580,1180341,1180669,328
c_56583,1180669,1180995,326
c_566,1180995,1181314,319
c_56607,1181314,1181646,332
c_56624,1181646,1181920,274
c_56632,1181920,1182252,332
c_56634,1182252,1182586,334
c_56635,1182586,1182919,333
c_56637,1182919,1183248,329
c_56652,1183248,1183574,326
c_56663,1183574,1183906,332
c_56673,1183906,1184238,332
c_56702,1184238,1184568,330
c_56707,1184568,1184891,323
c_56710,1184891,1185223,332
c_56758,1185223,1185555,332
c_56761,1185555,1185885,330
c_56770,1185885,1186215,330
c_56782,1186215,1186544,329
c_56813,1186544,1186877,333
c_56814,1186877,1187206,329
c_56816,1187206,1187536,330
c_5682,1187536,1187860,324
c_56826,1187860,1188183,323
c_56843,1188183,1188513,330
c_56846,1188513,1188847,334
c_56850,1188847,1189178,331
c_56857,1189178,1189507,329
c_56880,1189507,1189821,314
c_56895,1189821,1190150,329
c_56922,1190150,1190482,332
c_56926,1190482,1190814,332
c_56932,1190814,1191147,333
c_56943,1191147,1191473,326
c_56946,1191473,1191803,330
c_56957,1191803,1192134,331
c_56977,1192134,1192463,329
c_56998,1192463,1192796,333
c_57004,1192796,1193128,332
c_57006,1193128,1193461,333
c_57019,1193461,1193792,331
c_57053,1193792,1194122,330
c_57068,1194122,1194452,330
c_57069,1194452,1194784,332
c_57075,1194784,1195110,326
c_57078,1195110,1195443,333
c_57083,1195443,1195772,329
c_57087,1195772,1196106,334
c_57094,1196106,1196425,319
c_57124,1196425,1196757,332
c_57127,1196757,1197088,331
c_57131,1197088,1197420,332
c_5715,1197420,1197751,331
c_57165,1197751,1198080,329
c_57178,1198080,1198411,331
c_57184,1198411,1198743,332
c_572,1198743,1199075,332
c_57280,1199075,1199405,330
c_57317,1199405,1199738,333
c_57321,1199738,1200070,332
c_57347,1200070,1200395,325
c_57351,1200395,1200728,333
c_57353,1200728,1201059,331
c_5736,1201059,1201392,333
c_57377,1201392,1201721,329
c_57387,1201721,1202055,334
c_57394,1202055,1202388,333
c_5741,1202388,1202717,329
c_57424,1202717,1203050,333
c_57428,1203050,1203382,332
c_57429,1203382,1203710,328
c_57433,1203710,1204041,331
c_57441,1204041,1204369,328
c_57446,1204369,1204696,327
c_57460,1204696,1205016,320
c_57486,1205016,1205346,330
c_57492,1205346,1205680,334
c_57518,1205680,1206012,332
c_57567,1206012,1206345,333
c_57607,1206345,1206675,330
c_57655,1206675,1207008,333
c_57685,1207008,1207340,332
c_57687,1207340,1207671,331
c_5770,1207671,1208004,333
c_5771,1208004,1208335,331
c_5773,1208335,1208665,330
c_57730,1208665,1208993,328
c_57742,1208993,1209325,332
c_57760,1209325,1209651,326
c_57766,1209651,1209971,320
c_57772,1209971,1210298,327
c_57774,1210298,1210631,333
c_57776,1210631,1210964,333
c_57777,1210964,1211296,332
c_57778,1211296,1211626,330
c_57807,1211626,1211956,330
c_57812,1211956,1212288,332
c_57834,1212288,1212615,327
c_57844,1212615,1212947,332
c_57852,1212947,1213280,333
c_57875,1213280,1213613,333
c_57898,1213613,1213943,330
c_57908,1213943,1214273,330
c_57924,1214273,1214603,330
c_57935,1214603,1214935,332
c_57943,1214935,1215269,334
c_57951,1215269,1215602,333
c_57953,1215602,1215932,330
c_57954,1215932,1216259,327
c_57965,1216259,1216591,332
c_57980,1216591,1216923,332
c_57992,1216923,1217244,321
c_58004,1217244,1217577,333
c_58068,1217577,1217907,330
c_58070,1217907,1218240,333
c_58076,1218240,1218574,334
c_58088,1218574,1218906,332
c_58094,1218906,1219231,325
c_58108,1219231,1219564,333
c_58145,1219564,1219897,333
c_58153,1219897,1220230,333
c_58157,1220230,1220564,334
c_58160,1220564,1220896,332
c_58173,1220896,1221226,330
c_58182,1221226,1221550,324
c_58191,1221550,1221880,330
c_58221,1221880,1222210,330
c_58242,1222210,1222538,328
c_58246,1222538,1222865,327
c_58264,1222865,1223198,333
c_58295,1223198,1223527,329
c_583,1223527,1223858,331
c_58312,1223858,1224191,333
c_58323,1224191,1224521,330
c_58339,1224521,1224853,332
c_58348,1224853,1225186,333
c_58362,1225186,1225517,331
c_58367,1225517,1225847,330
c_58378,1225847,1226176,329
c_58380,1226176,1226506,330
c_58392,1226506,1226839,333
c_58405,1226839,1227169,330
c_58431,1227169,1227502,333
c_58476,1227502,1227830,328
c_58507,1227830,1228163,333
c_58546,1228163,1228491,328
c_58564,1228491,1228824,333
c_58580,1228824,1229156,332
c_58590,1229156,1229489,333
c_58603,1229489,1229821,332
c_58616,1229821,1230152,331
c_5863,1230152,1230475,323
c_58646,1230475,1230808,333
c_58714,1230808,1231142,334
c_58721,1231142,1231472,330
c_5875,1231472,1231805,333
c_58779,1231805,1232138,333
c_58792,1232138,1232471,333
c_58829,1232471,1232790,319
c_58830,1232790,1233120,330
c_58854,1233120,1233451,331
c_58875,1233451,1233780,329
c_58876,1233780,1234111,331
c_58878,1234111,1234441,330
c_58884,1234441,1234771,330
c_58935,1234771,1235105,334
c_5895,1235105,1235437,332
c_58951,1235437,1235769,332
c_58986,1235769,1236098,329
c_58992,1236098,1236425,327
c_59008,1236425,1236756,331
c_59010,1236756,1237089,333
c_59017,1237089,1237418,329
c_59018,1237418,1237747,329
c_59019,1237747,1238078,331
c_59049,1238078,1238409,331
c_59061,1238409,1238738,329
c_59068,1238738,1239071,333
c_59081,1239071,1239393,322
c_59108,1239393,1239722,329
c_5916,1239722,1240054,332
c_59191,1240054,1240381,327
c_59207,1240381,1240714,333
c_59210,1240714,1241045,331
c_59239,1241045,1241377,332
c_5924,1241377,1241710,333
c_59272,1241710,1242043,333
c_59284,1242043,1242375,332
c_59298,1242375,1242708,333
c_59305,1242708,1243033,325
c_59307,1243033,1243364,331
c_59370,1243364,1243696,332
c_59373,1243696,1244026,330
c_59390,1244026,1244357,331
c_59418,1244357,1244685,328
c_59435,1244685,1245015,330
c_5945,1245015,1245346,331
c_59469,1245346,1245677,331
c_59487,1245677,1246009,332
c_5949,1246009,1246331,322
c_59508,1246331,1246661,330
c_59523,1246661,1246994,333
c_59533,1246994,1247324,330
c_59566,1247324,1247648,324
c_59581,1247648,1247977,329
c_59598,1247977,1248308,331
c_5961,1248308,1248636,328
c_59629,1248636,1248794,158
c_59676,1248794,1249123,329
c_59711,1249123,1249448,325
c_59721,1249448,1249779,331
c_59742,1249779,1250109,330
c_59746,1250109,1250440,331
c_5977,1250440,1250771,331
c_59771,1250771,1251100,329
c_59777,1251100,1251428,328
c_5981,1251428,1251758,330
c_59814,1251758,1252091,333
c_59825,1252091,1252423,332
c_59829,1252423,1252757,334
c_59830,1252757,1253089,332
c_59855,1253089,1253422,333
c_59905,1253422,1253755,333
c_59918,1253755,1254088,333
c_59936,1254088,1254417,329
c_5995,1254417,1254750,333
c_59960,1254750,1255071,321
c_59961,1255071,1255401,330
c_5998,1255401,1255735,334
c_59980,1255735,1256065,330
c_59998,1256065,1256384,319
c_6,1256384,1256718,334
c_60002,1256718,1257046,328
c_60017,1257046,1257380,334
c_60032,1257380,1257703,323
c_6004,1257703,1258036,333
c_60060,1258036,1258369,333
c_60091,1258369,1258699,330
c_60117,1258699,1259030,331
c_60119,1259030,1259359,329
c_60123,1259359,1259690,331
c_60127,1259690,1260020,330
c_60131,1260020,1260349,329
c_60139,1260349,1260679,330
c_60148,1260679,1261007,328
c_60169,1261007,1261337,330
c_60186,1261337,1261668,331
c_60196,1261668,1261999,331
c_60199,1261999,1262330,331
c_60200,1262330,1262663,333
c_60208,1262663,1262996,333
c_60211,1262996,1263329,333
c_60219,1263329,1263655,326
c_60236,1263655,1263987,332
c_60238,1263987,1264321,334
c_60244,1264321,1264651,330
c_60266,1264651,1264983,332
c_60275,1264983,1265314,331
c_60306,1265314,1265642,328
c_60318,1265642,1265972,330
c_60326,1265972,1266300,328
c_60333,1266300,1266632,332
c_60356,1266632,1266961,329
c_60367,1266961,1267294,333
c_60396,1267294,1267626,332
c_60399,1267626,1267959,333
c_60419,1267959,1268289,330
c_60436,1268289,1268622,333
c_60442,1268622,1268952,330
c_60462,1268952,1269282,330
c_60474,1269282,1269615,333
c_60485,1269615,1269938,323
c_60520,1269938,1270270,332
c_60521,1270270,1270602,332
c_60529,1270602,1270932,330
c_60532,1270932,1271261,329
c_60537,1271261,1271581,320
c_60548,1271581,1271904,323
c_60558,1271904,1272235,331
c_60585,1272235,1272567,332
c_60587,1272567,1272896,329
c_60595,1272896,1273225,329
c_60596,1273225,1273555,330
c_60606,1273555,1273885,330
c_60637,1273885,1274217,332
c_60640,1274217,1274549,332
c_60642,1274549,1274873,324
c_60650,1274873,1275204,331
c_60695,1275204,1275530,326
c_60698,1275530,1275863,333
c_60718,1275863,1276192,329
c_60724,1276192,1276525,333
c_60728,1276525,1276855,330
c_60737,1276855,1277186,331
c_60755,1277186,1277517,331
c_6076,1277517,1277851,334
c_60767,1277851,1278183,332
c_6078,1278183,1278510,327
c_6083,1278510,1278840,330
c_60847,1278840,1279172,332
c_60855,1279172,1279502,330
c_6093,1279502,1279834,332
c_60936,1279834,1280165,331
c_60937,1280165,1280494,329
c_60940,1280494,1280827,333
c_60942,1280827,1281154,327
c_60950,1281154,1281487,333
c_6099,1281487,1281815,328
c_61005,1281815,1282148,333
c_61007,1282148,1282477,329
c_61035,1282477,1282810,333
c_61037,1282810,1283127,317
c_61052,1283127,1283457,330
c_61061,1283457,1283787,330
c_61084,1283787,1284117,330
c_61096,1284117,1284450,333
c_61100,1284450,1284783,333
c_61104,1284783,1285116,333
c_61112,1285116,1285442,326
c_61118,1285442,1285765,323
c_61126,1285765,1286098,333
c_61136,1286098,1286429,331
c_6116,1286429,1286761,332
c_61178,1286761,1287083,322
c_6118,1287083,1287417,334
c_61200,1287417,1287749,332
c_61205,1287749,1288082,333
c_61227,1288082,1288415,333
c_61266,1288415,1288747,332
c_6130,1288747,1289077,330
c_6131,1289077,1289404,327
c_61325,1289404,1289738,334
c_61357,1289738,1290069,331
c_61382,1290069,1290399,330
c_61400,1290399,1290731,332
c_61405,1290731,1291064,333
c_61411,1291064,1291396,332
c_61425,1291396,1291728,332
c_61472,1291728,1292057,329
c_6148,1292057,1292289,232
c_61502,1292289,1292622,333
c_61511,1292622,1292955,333
c_61518,1292955,1293286,331
c_61534,1293286,1293618,332
c_61536,1293618,1293935,317
c_61544,1293935,1294264,329
c_6160,1294264,1294592,328
c_6161,1294592,1294925,333
c_61651,1294925,1295255,330
c_6167,1295255,1295586,331
c_61688,1295586,1295917,331
c_61709,1295917,1296250,333
c_61736,1296250,1296581,331
c_61739,1296581,1296911,330
c_61741,1296911,1297244,333
c_61802,1297244,1297575,331
c_61805,1297575,1297902,327
c_61820,1297902,1298236,334
c_61830,1298236,1298567,331
c_61837,1298567,1298897,330
c_61846,1298897,1299228,331
c_61875,1299228,1299555,327
c_61884,1299555,1299887,332
c_61892,1299887,1300216,329
c_61903,1300216,1300549,333
c_61920,1300549,1300878,329
c_61931,1300878,1301209,331
c_61962,1301209,1301532,323
c_6197,1301532,1301862,330
c_61980,1301862,1302195,333
c_61981,1302195,1302529,334
c_62012,1302529,1302860,331
c_62025,1302860,1303191,331
c_62029,1303191,1303524,333
c_6203,1303524,1303856,332
c_62033,1303856,1304184,328
c_62040,1304184,1304518,334
c_62044,1304518,1304847,329
c_62071,1304847,1305173,326
c_6208,1305173,1305503,330
c_62090,1305503,1305835,332
c_62121,1305835,1306168,333
c_62123,1306168,1306499,331
c_62130,1306499,1306820,321
c_62137,1306820,1307149,329
c_62155,1307149,1307481,332
c_62178,1307481,1307814,333
c_62187,1307814,1308147,333
c_62193,1308147,1308479,332
c_62195,1308479,1308810,331
c_62196,1308810,1309143,333
c_62214,1309143,1309465,322
c_62236,1309465,1309798,333
c_62238,1309798,1310126,328
c_62264,1310126,1310456,330
c_62272,1310456,1310784,328
c_62280,1310784,1311116,332
c_62284,1311116,1311449,333
c_6229,1311449,1311783,334
c_62325,1311783,1312115,332
c_62343,1312115,1312447,332
c_62352,1312447,1312777,330
c_62360,1312777,1313109,332
c_62365,1313109,1313443,334
c_62371,1313443,1313773,330
c_62393,1313773,1314104,331
c_62402,1314104,1314434,330
c_62414,1314434,1314767,333
c_62423,1314767,1315099,332
c_62428,1315099,1315431,332
c_62430,1315431,1315758,327
c_62484,1315758,1316089,331
c_62504,1316089,1316407,318
c_62539,1316407,1316739,332
c_62549,1316739,1317067,328
c_62555,1317067,1317397,330
c_62578,1317397,1317723,326
c_62579,1317723,1318051,328
c_62581,1318051,1318380,329
c_62597,1318380,1318707,327
c_62615,1318707,1319039,332
c_62616,1319039,1319367,328
c_62642,1319367,1319699,332
c_62665,1319699,1320023,324
c_62667,1320023,1320355,332
c_6267,1320355,1320689,334
c_62672,1320689,1321022,333
c_62685,1321022,1321350,328
c_62687,1321350,1321681,331
c_62710,1321681,1322009,328
c_62736,1322009,1322334,325
c_62763,1322334,1322665,331
c_62765,1322665,1322999,334
c_6277,1322999,1323330,331
c_6278,1323330,1323662,332
c_6282,1323662,1323988,326
c_62823,1323988,1324311,323
c_62852,1324311,1324639,328
c_62888,1324639,1324970,331
c_62894,1324970,1325304,334
c_62931,1325304,1325628,324
c_62937,1325628,1325954,326
c_62946,1325954,1326287,333
c_62980,1326287,1326610,323
c_62985,1326610,1326944,334
c_63,1326944,1327274,330
c_6300,1327274,1327604,330
c_63039,1327604,1327934,330
c_63041,1327934,1328267,333
c_63066,1328267,1328599,332
c_63073,1328599,1328932,333
c_63104,1328932,1329265,333
c_63106,1329265,1329598,333
c_63112,1329598,1329930,332
c_63115,1329930,1330264,334
c_63134,1330264,1330590,326
c_6316,1330590,1330920,330
c_63184,1330920,1331253,333
c_6322,1331253,1331584,331
c_63263,1331584,1331914,330
c_63281,1331914,1332246,332
c_63316,1332246,1332575,329
c_63317,1332575,1332619,44
c_63318,1332619,1332948,329
c_6333,1332948,1333280,332
c_63331,1333280,1333613,333
c_63341,1333613,1333944,331
c_63342,1333944,1334276,332
c_63348,1334276,1334609,333
c_6337,1334609,1334942,333
c_63386,1334942,1335271,329
c_63388,1335271,1335589,318
c_63390,1335589,1335912,323
c_63392,1335912,1336245,333
c_63423,1336245,1336577,332
c_6346,1336577,1336905,328
c_63464,1336905,1337239,334
c_63467,1337239,1337569,330
c_63500,1337569,1337894,325
c_63505,1337894,1338227,333
c_6353,1338227,1338546,319
c_63535,1338546,1338876,330
c_63542,1338876,1339202,326
c_63558,1339202,1339524,322
c_63578,1339524,1339849,325
c_63579,1339849,1340180,331
c_63602,1340180,1340510,330
c_63607,1340510,1340841,331
c_63634,1340841,1341172,331
c_63638,1341172,1341500,328
c_63644,1341500,1341832,332
c_63645,1341832,1342164,332
c_63679,1342164,1342495,331
c_63687,1342495,1342826,331
c_63726,1342826,1343158,332
c_63780,1343158,1343490,332
c_63781,1343490,1343820,330
c_63791,1343820,1344153,333
c_63811,1344153,1344486,333
c_63841,1344486,1344819,333
c_63847,1344819,1345112,293
c_63863,1345112,1345445,333
c_63867,1345445,1345774,329
c_6388,1345774,1346104,330
c_63880,1346104,1346436,332
c_63881,1346436,1346769,333
c_639,1346769,1347099,330
c_63912,1347099,1347430,331
c_63969,1347430,1347762,332
c_6397,1347762,1348088,326
c_63980,1348088,1348421,333
c_6401,1348421,1348751,330
c_64015,1348751,1349079,328
c_64030,1349079,1349411,332
c_64042,1349411,1349741,330
c_64051,1349741,1350074,333
c_64057,1350074,1350407,333
c_64078,1350407,1350734,327
c_64085,1350734,1351064,330
c_64126,1351064,1351396,332
c_64132,1351396,1351729,333
c_64135,1351729,1352062,333
c_64145,1352062,1352391,329
c_64162,1352391,1352720,329
c_64187,1352720,1353054,334
c_64193,1353054,1353388,334
c_64201,1353388,1353706,318
c_64215,1353706,1354038,332
c_64276,1354038,1354368,330
c_64287,1354368,1354642,274
c_6430,1354642,1354973,331
c_6431,1354973,1355306,333
c_64315,1355306,1355633,327
c_64320,1355633,1355966,333
c_64327,1355966,1356299,333
c_64351,1356299,1356631,332
c_64386,1356631,1356958,327
c_64387,1356958,1357283,325
c_64404,1357283,1357615,332
c_64409,1357615,1357942,327
c_64441,1357942,1358268,326
c_64443,1358268,1358601,333
c_64454,1358601,1358933,332
c_64475,1358933,1359260,327
c_64493,1359260,1359592,332
c_64508,1359592,1359924,332
c_64509,1359924,1360257,333
c_64536,1360257,1360588,331
c_64543,1360588,1360918,330
c_64544,1360918,1361250,332
c_64547,1361250,1361582,332
c_64556,1361582,1361914,332
c_64561,1361914,1362243,329
c_64563,1362243,1362566,323
c_64570,1362566,1362896,330
c_64596,1362896,1363223,327
c_64598,1363223,1363543,320
c_64613,1363543,1363871,328
c_64618,1363871,1364204,333
c_6463,1364204,1364536,332
c_64635,1364536,1364864,328
c_64643,1364864,1365195,331
c_64648,1365195,1365525,330
c_64665,1365525,1365853,328
c_64680,1365853,1366182,329
c_64683,1366182,1366516,334
c_64693,1366516,1366844,328
c_64717,1366844,1367177,333
c_6474,1367177,1367508,331
c_64764,1367508,1367838,330
c_64773,1367838,1368171,333
c_64831,1368171,1368504,333
c_64866,1368504,1368830,326
c_64898,1368830,1369164,334
c_64899,1369164,1369495,331
c_649,1369495,1369828,333
c_6490,1369828,1370161,333
c_64900,1370161,1370490,329
c_64916,1370490,1370823,333
c_64918,1370823,1371155,332
c_64929,1371155,1371488,333
c_64940,1371488,1371820,332
c_64946,1371820,1372149,329
c_6495,1372149,1372481,332
c_64975,1372481,1372807,326
c_64982,1372807,1373138,331
c_64984,1373138,1373463,325
c_65018,1373463,1373793,330
c_65022,1373793,1374124,331
c_65074,1374124,1374456,332
c_65075,1374456,1374788,332
c_65083,1374788,1375121,333
c_65135,1375121,1375452,331
c_65234,1375452,1375785,333
c_65244,1375785,1376114,329
c_65259,1376114,1376446,332
c_65287,1376446,1376779,333
c_65298,1376779,1377111,332
c_65311,1377111,1377442,331
c_65347,1377442,1377774,332
c_65384,1377774,1378107,333
c_65388,1378107,1378435,328
c_65403,1378435,1378767,332
c_65410,1378767,1379098,331
c_65415,1379098,1379431,333
c_65438,1379431,1379765,334
c_65466,1379765,1380092,327
c_65473,1380092,1380425,333
c_65475,1380425,1380755,330
c_65487,1380755,1381088,333
c_65494,1381088,1381399,311
c_65506,1381399,1381733,334
c_65525,1381733,1382066,333
c_65536,1382066,1382397,331
c_65542,1382397,1382730,333
c_65544,1382730,1383062,332
c_65548,1383062,1383395,333
c_65567,1383395,1383715,320
c_65569,1383715,1384047,332
c_65592,1384047,1384378,331
c_65606,1384378,1384711,333
c_65626,1384711,1384994,283
c_65635,1384994,1385323,329
c_65639,1385323,1385655,332
c_65641,1385655,1385985,330
c_65643,1385985,1386318,333
c_65648,1386318,1386652,334
c_65653,1386652,1386981,329
c_65656,1386981,1387314,333
c_65663,1387314,1387646,332
c_65671,1387646,1387977,331
c_65678,1387977,1388305,328
c_6568,1388305,1388638,333
c_65689,1388638,1388970,332
c_657,1388970,1389299,329
c_65703,1389299,1389630,331
c_65727,1389630,1389963,333
c_65732,1389963,1390293,330
c_65750,1390293,1390625,332
c_65755,1390625,1390954,329
c_65757,1390954,1391277,323
c_6576,1391277,1391608,331
c_65824,1391608,1391940,332
c_65856,1391940,1392273,333
c_65859,1392273,1392605,332
c_65892,1392605,1392932,327
c_65904,1392932,1393262,330
c_65906,1393262,1393595,333
c_65911,1393595,1393927,332
c_65913,1393927,1394251,324
c_65916,1394251,1394582,331
c_65921,1394582,1394915,333
c_65930,1394915,1395244,329
c_65931,1395244,1395576,332
c_65935,1395576,1395902,326
c_65936,1395902,1396235,333
c_65948,1396235,1396565,330
c_65949,1396565,1396894,329
c_65964,1396894,1397224,330
c_6597,1397224,1397556,332
c_65987,1397556,1397889,333
c_65990,1397889,1398221,332
c_65992,1398221,1398542,321
c_66006,1398542,1398874,332
c_6601,1398874,1399200,326
c_6602,1399200,1399533,333
c_66023,1399533,1399859,326
c_66037,1399859,1400190,331
c_66048,1400190,1400523,333
c_66049,1400523,1400855,332
c_66058,1400855,1401188,333
c_6607,1401188,1401521,333
c_66134,1401521,1401853,332
c_66147,1401853,1402184,331
c_66152,1402184,1402516,332
c_66166,1402516,1402849,333
c_66178,1402849,1403182,333
c_66193,1403182,1403514,332
c_662,1403514,1403846,332
c_66204,1403846,1404171,325
c_66232,1404171,1404504,333
c_6627,1404504,1404836,332
c_66274,1404836,1405167,331
c_66279,1405167,1405500,333
c_66288,1405500,1405831,331
c_66306,1405831,1406163,332
c_66328,1406163,1406495,332
c_66334,1406495,1406824,329
c_66339,1406824,1407146,322
c_66345,1407146,1407479,333
c_66366,1407479,1407808,329
c_6637,1407808,1408139,331
c_66372,1408139,1408468,329
c_66380,1408468,1408787,319
c_66391,1408787,1409118,331
c_66394,1409118,1409449,331
c_66409,1409449,1409782,333
c_66415,1409782,1410114,332
c_66416,1410114,1410447,333
c_66418,1410447,1410774,327
c_66421,1410774,1411104,330
c_66426,1411104,1411433,329
c_66476,1411433,1411765,332
c_66495,1411765,1412097,332
c_66509,1412097,1412420,323
c_66519,1412420,1412751,331
c_6652,1412751,1413084,333
c_66522,1413084,1413416,332
c_66525,1413416,1413748,332
c_6653,1413748,1414075,327
c_66534,1414075,1414403,328
c_66537,1414403,1414736,333
c_6655,1414736,1415069,333
c_66571,1415069,1415398,329
c_66585,1415398,1415731,333
c_66589,1415731,1416064,333
c_66638,1416064,1416395,331
c_66643,1416395,1416724,329
c_66646,1416724,1417054,330
c_66648,1417054,1417387,333
c_6665,1417387,1417719,332
c_6667,1417719,1418050,331
c_66690,1418050,1418383,333
c_66695,1418383,1418715,332
c_66703,1418715,1419045,330
c_66706,1419045,1419377,332
c_6673,1419377,1419705,328
c_66738,1419705,1420035,330
c_66788,1420035,1420368,333
c_66796,1420368,1420700,332
c_66807,1420700,1421029,329
c_66813,1421029,1421360,331
c_66826,1421360,1421691,331
c_66861,1421691,1422022,331
c_66875,1422022,1422352,330
c_66893,1422352,1422681,329
c_66910,1422681,1423012,331
c_66919,1423012,1423343,331
c_66920,1423343,1423675,332
c_66922,1423675,1424007,332
c_66931,1424007,1424337,330
c_66934,1424337,1424665,328
c_66935,1424665,1424995,330
c_66942,1424995,1425326,331
c_66944,1425326,1425658,332
c_66951,1425658,1425992,334
c_66966,1425992,1426325,333
c_6697,1426325,1426658,333
c_66976,1426658,1426989,331
c_67015,1426989,1427322,333
c_67053,1427322,1427651,329
c_67063,1427651,1427983,332
c_67082,1427983,1428316,333
c_67095,1428316,1428649,333
c_67130,1428649,1428980,331
c_67133,1428980,1429313,333
c_67139,1429313,1429644,331
c_67142,1429644,1429976,332
c_67179,1429976,1430308,332
c_67208,1430308,1430632,324
c_6721,1430632,1430963,331
c_67226,1430963,1431295,332
c_67234,1431295,1431623,328
c_67235,1431623,1431955,332
c_67238,1431955,1432289,334
c_67248,1432289,1432622,333
c_67254,1432622,1432948,326
c_67261,1432948,1433281,333
c_67262,1433281,1433612,331
c_67271,1433612,1433945,333
c_67272,1433945,1434272,327
c_67282,1434272,1434600,328
c_67284,1434600,1434929,329
c_67294,1434929,1435262,333
c_67300,1435262,1435590,328
c_6732,1435590,1435921,331
c_67346,1435921,1436254,333
c_67347,1436254,1436578,324
c_67358,1436578,1436905,327
c_67365,1436905,1437232,327
c_67372,1437232,1437546,314
c_67383,1437546,1437873,327
c_67399,1437873,1438206,333
c_67427,1438206,1438537,331
c_67449,1438537,1438870,333
c_67454,1438870,1439204,334
c_67456,1439204,1439531,327
c_67464,1439531,1439864,333
c_67470,1439864,1440197,333
c_67474,1440197,1440516,319
c_67486,1440516,1440847,331
c_67513,1440847,1440887,40
c_67515,1440887,1441220,333
c_67586,1441220,1441548,328
c_67602,1441548,1441879,331
c_67614,1441879,1442210,331
c_67632,1442210,1442542,332
c_67633,1442542,1442870,328
c_67665,1442870,1443203,333
c_67666,1443203,1443532,329
c_67670,1443532,1443866,334
c_67682,1443866,1444198,332
c_67685,1444198,1444527,329
c_67689,1444527,1444860,333
c_67697,1444860,1445188,328
c_67700,1445188,1445521,333
c_67702,1445521,1445851,330
c_67704,1445851,1446183,332
c_67716,1446183,1446511,328
c_6772,1446511,1446843,332
c_67730,1446843,1447175,332
c_67738,1447175,1447499,324
c_67743,1447499,1447828,329
c_67747,1447828,1448161,333
c_67750,1448161,1448493,332
c_67757,1448493,1448824,331
c_67766,1448824,1449152,328
c_67774,1449152,1449481,329
c_67783,1449481,1449814,333
c_67785,1449814,1450147,333
c_67810,1450147,1450479,332
c_67836,1450479,1450809,330
c_67855,1450809,1451142,333
c_67856,1451142,1451459,317
c_67862,1451459,1451791,332
c_67869,1451791,1452120,329
c_67877,1452120,1452451,331
c_67888,1452451,1452783,332
c_67890,1452783,1453108,325
c_67891,1453108,1453440,332
c_67893,1453440,1453768,328
c_67900,1453768,1454100,332
c_67907,1454100,1454422,322
c_67919,1454422,1454754,332
c_6792,1454754,1455082,328
c_67925,1455082,1455400,318
c_67956,1455400,1455726,326
c_67988,1455726,1456058,332
c_680,1456058,1456391,333
c_68004,1456391,1456724,333
c_68014,1456724,1457056,332
c_68017,1457056,1457389,333
c_68042,1457389,1457722,333
c_68052,1457722,1458056,334
c_68057,1458056,1458390,334
c_68078,1458390,1458722,332
c_68092,1458722,1459046,324
c_68104,1459046,1459372,326
c_68111,1459372,1459703,331
c_68130,1459703,1460035,332
c_68151,1460035,1460368,333
c_68161,1460368,1460699,331
c_68165,1460699,1461031,332
c_6817,1461031,1461361,330
c_68203,1461361,1461695,334
c_6821,1461695,1462028,333
c_68210,1462028,1462343,315
c_68235,1462343,1462676,333
c_68263,1462676,1463008,332
c_6828,1463008,1463336,328
c_68285,1463336,1463667,331
c_683,1463667,1463995,328
c_68364,1463995,1464328,333
c_6837,1464328,1464660,332
c_68370,1464660,1464992,332
c_68416,1464992,1465320,328
c_6842,1465320,1465650,330
c_68506,1465650,1465981,331
c_68515,1465981,1466309,328
c_68519,1466309,1466641,332
c_68534,1466641,1466969,328
c_68537,1466969,1467299,330
c_68555,1467299,1467631,332
c_68556,1467631,1467964,333
c_68576,1467964,1468296,332
c_68587,1468296,1468612,316
c_6859,1468612,1468944,332
c_68596,1468944,1469277,333
c_68606,1469277,1469609,332
c_68635,1469609,1469931,322
c_68649,1469931,1470260,329
c_68664,1470260,1470593,333
c_68669,1470593,1470924,331
c_68678,1470924,1471248,324
c_68680,1471248,1471581,333
c_68682,1471581,1471903,322
c_68685,1471903,1472234,331
c_6875,1472234,1472565,331
c_68769,1472565,1472891,326
c_68774,1472891,1473222,331
c_68778,1473222,1473553,331
c_68789,1473553,1473885,332
c_68802,1473885,1474217,332
c_68818,1474217,1474549,332
c_68840,1474549,1474878,329
c_68868,1474878,1475211,333
c_68880,1475211,1475543,332
c_68904,1475543,1475873,330
c_68911,1475873,1476205,332
c_68924,1476205,1476536,331
c_68947,1476536,1476866,330
c_68951,1476866,1477192,326
c_68953,1477192,1477517,325
c_68955,1477517,1477847,330
c_68967,1477847,1478178,331
c_68977,1478178,1478508,330
c_69,1478508,1478777,269
c_690,1478777,1479108,331
c_69035,1479108,1479440,332
c_69040,1479440,1479773,333
c_69043,1479773,1480099,326
c_69048,1480099,1480431,332
c_69074,1480431,1480765,334
c_69076,1480765,1480787,22
c_6908,1480787,1481119,332
c_69081,1481119,1481452,333
c_69103,1481452,1481781,329
c_69116,1481781,1482111,330
c_6912,1482111,1482432,321
c_69129,1482432,1482762,330
c_6915,1482762,1483096,334
c_69157,1483096,1483427,331
c_6916,1483427,1483759,332
c_69173,1483759,1484092,333
c_69184,1484092,1484423,331
c_69196,1484423,1484751,328
c_69209,1484751,1485081,330
c_69231,1485081,1485412,331
c_69236,1485412,1485745,333
c_69278,1485745,1486073,328
c_69295,1486073,1486395,322
c_69297,1486395,1486724,329
c_69311,1486724,1487055,331
c_69326,1487055,1487388,333
c_69336,1487388,1487721,333
c_69372,1487721,1488051,330
c_69373,1488051,1488380,329
c_69383,1488380,1488709,329
c_69386,1488709,1489041,332
c_69418,1489041,1489367,326
c_69425,1489367,1489700,333
c_69471,1489700,1490031,331
c_69478,1490031,1490364,333
c_69481,1490364,1490696,332
c_69497,1490696,1491026,330
c_69501,1491026,1491358,332
c_69521,1491358,1491689,331
c_69541,1491689,1492022,333
c_69548,1492022,1492354,332
c_69555,1492354,1492687,333
c_6957,1492687,1493011,324
c_69592,1493011,1493343,332
c_69596,1493343,1493672,329
c_696,1493672,1494004,332
c_69617,1494004,1494335,331
c_6963,1494335,1494666,331
c_69653,1494666,1494999,333
c_69681,1494999,1495329,330
c_69703,1495329,1495661,332
c_69704,1495661,1495982,321
c_6971,1495982,1496315,333
c_69711,1496315,1496643,328
c_69731,1496643,1496971,328
c_69738,1496971,1497302,331
c_69740,1497302,1497630,328
c_69744,1497630,1497960,330
c_69750,1497960,1498291,331
c_69758,1498291,1498621,330
c_6977,1498621,1498952,331
c_69774,1498952,1499286,334
c_69776,1499286,1499618,332
c_69778,1499618,1499939,321
c_69788,1499939,1500270,331
c_69792,1500270,1500599,329
c_69794,1500599,1500933,334
c_69815,1500933,1501266,333
c_69823,1501266,1501595,329
c_69831,1501595,1501929,334
c_6984,1501929,1502262,333
c_69850,1502262,1502595,333
c_69864,1502595,1502928,333
c_69871,1502928,1503258,330
c_69886,1503258,1503576,318
c_69919,1503576,1503908,332
c_69923,1503908,1504236,328
c_69931,1504236,1504568,332
c_69981,1504568,1504901,333
c_69992,1504901,1505229,328
c_70006,1505229,1505558,329
c_70011,1505558,1505888,330
c_70021,1505888,1506220,332
c_7008,1506220,1506550,330
c_70095,1506550,1506879,329
c_70106,1506879,1507209,330
c_70108,1507209,1507529,320
c_70116,1507529,1507863,334
c_70130,1507863,1508192,329
c_70174,1508192,1508525,333
c_70193,1508525,1508857,332
c_70203,1508857,1509184,327
c_70219,1509184,1509517,333
c_70243,1509517,1509851,334
c_7026,1509851,1510183,332
c_70267,1510183,1510516,333
c_70283,1510516,1510842,326
c_70286,1510842,1511176,334
c_70291,1511176,1511506,330
c_70310,1511506,1511833,327
c_70317,1511833,1512162,329
c_70327,1512162,1512492,330
c_70331,1512492,1512822,330
c_70337,1512822,1513154,332
c_70342,1513154,1513488,334
c_70349,1513488,1513820,332
c_70351,1513820,1514144,324
c_70352,1514144,1514475,331
c_70355,1514475,1514756,281
c_70373,1514756,1515089,333
c_70387,1515089,1515415,326
c_70393,1515415,1515746,331
c_70419,1515746,1516078,332
c_70423,1516078,1516410,332
c_70430,1516410,1516741,331
c_70432,1516741,1517072,331
c_7044,1517072,1517404,332
c_70446,1517404,1517737,333
c_70448,1517737,1518070,333
c_70455,1518070,1518391,321
c_70467,1518391,1518724,333
c_70469,1518724,1519055,331
c_70500,1519055,1519384,329
c_70508,1519384,1519714,330
c_70526,1519714,1520044,330
c_70540,1520044,1520375,331
c_70586,1520375,1520707,332
c_70600,1520707,1521034,327
c_70610,1521034,1521366,332
c_70615,1521366,1521700,334
c_70620,1521700,1522034,334
c_70640,1522034,1522365,331
c_70647,1522365,1522695,330
c_70669,1522695,1523026,331
c_70686,1523026,1523356,330
c_70690,1523356,1523688,332
c_70693,1523688,1524019,331
c_70694,1524019,1524350,331
c_70697,1524350,1524676,326
c_70711,1524676,1525007,331
c_70734,1525007,1525339,332
c_70737,1525339,1525671,332
c_70741,1525671,1525995,324
c_70747,1525995,1526325,330
c_70756,1526325,1526657,332
c_70765,1526657,1526984,327
c_70766,1526984,1527308,324
c_70769,1527308,1527633,325
c_7077,1527633,1527965,332
c_70848,1527965,1528293,328
c_7087,1528293,1528626,333
c_70882,1528626,1528956,330
c_70897,1528956,1529288,332
c_70903,1529288,1529620,332
c_70913,1529620,1529948,328
c_70953,1529948,1530280,332
c_70957,1530280,1530611,331
c_70963,1530611,1530941,330
c_70968,1530941,1531271,330
c_70979,1531271,1531604,333
c_70993,1531604,1531935,331
c_71000,1531935,1532266,331
c_71012,1532266,1532595,329
c_71013,1532595,1532928,333
c_71030,1532928,1533259,331
c_71043,1533259,1533591,332
c_7105,1533591,1533924,333
c_71055,1533924,1534254,330
c_71058,1534254,1534577,323
c_7106,1534577,1534908,331
c_71077,1534908,1535236,328
c_71085,1535236,1535564,328
c_71097,1535564,1535897,333
c_71099,1535897,1536227,330
c_71141,1536227,1536558,331
c_71152,1536558,1536887,329
c_71153,1536887,1537221,334
c_7117,1537221,1537555,334
c_71178,1537555,1537887,332
c_71180,1537887,1538219,332
c_71186,1538219,1538551,332
c_71212,1538551,1538882,331
c_71224,1538882,1539207,325
c_71239,1539207,1539540,333
c_71253,1539540,1539873,333
c_71271,1539873,1540207,334
c_71278,1540207,1540537,330
c_71284,1540537,1540868,331
c_7129,1540868,1541200,332
c_71312,1541200,1541521,321
c_71318,1541521,1541847,326
c_71321,1541847,1542179,332
c_71331,1542179,1542510,331
c_71368,1542510,1542843,333
c_7139,1542843,1543157,314
c_71398,1543157,1543482,325
c_71417,1543482,1543816,334
c_71447,1543816,1544149,333
c_71475,1544149,1544472,323
c_7150,1544472,1544805,333
c_7166,1544805,1545134,329
c_7171,1545134,1545467,333
c_7173,1545467,1545801,334
c_718,1545801,1546129,328
c_7190,1546129,1546462,333
c_7191,1546462,1546794,332
c_7240,1546794,1547127,333
c_7241,1547127,1547458,331
c_7257,1547458,1547790,332
c_7278,1547790,1548122,332
c_7283,1548122,1548451,329
c_7301,1548451,1548783,332
c_732,1548783,1549112,329
c_7354,1549112,1549445,333
c_7374,1549445,1549778,333
c_7391,1549778,1550112,334
c_7400,1550112,1550445,333
c_7428,1550445,1550763,318
c_7454,1550763,1551094,331
c_7470,1551094,1551425,331
c_7483,1551425,1551757,332
c_7485,1551757,1552088,331
c_7490,1552088,1552412,324
c_7503,1552412,1552743,331
c_751,1552743,1553076,333
c_7527,1553076,1553408,332
c_7529,1553408,1553739,331
c_7531,1553739,1554061,322
c_754,1554061,1554391,330
c_7549,1554391,1554719,328
c_7553,1554719,1555046,327
c_7561,1555046,1555379,333
c_7582,1555379,1555710,331
c_7583,1555710,1556040,330
c_7601,1556040,1556368,328
c_7602,1556368,1556688,320
c_7616,1556688,1557012,324
c_7640,1557012,1557345,333
c_7641,1557345,1557674,329
c_7658,1557674,1558003,329
c_7673,1558003,1558334,331
c_7686,1558334,1558667,333
c_7688,1558667,1558999,332
c_7692,1558999,1559332,333
c_7706,1559332,1559658,326
c_772,1559658,1559989,331
c_7736,1559989,1560316,327
c_7738,1560316,1560641,325
c_7740,1560641,1560974,333
c_7749,1560974,1561300,326
c_7779,1561300,1561633,333
c_7794,1561633,1561966,333
c_7840,1561966,1562299,333
c_7887,1562299,1562629,330
c_7892,1562629,1562962,333
c_791,1562962,1563286,324
c_7914,1563286,1563618,332
c_7930,1563618,1563947,329
c_7972,1563947,1564275,328
c_7974,1564275,1564607,332
c_7985,1564607,1564938,331
c_7998,1564938,1565269,331
c_8001,1565269,1565599,330
c_8045,1565599,1565931,332
c_8054,1565931,1566262,331
c_8066,1566262,1566595,333
c_8068,1566595,1566927,332
c_8077,1566927,1567255,328
c_8081,1567255,1567585,330
c_8117,1567585,1567912,327
c_8119,1567912,1568243,331
c_8135,1568243,1568576,333
c_8137,1568576,1568909,333
c_8139,1568909,1569229,320
c_8146,1569229,1569562,333
c_8183,1569562,1569896,334
c_8186,1569896,1570229,333
c_8194,1570229,1570560,331
c_8226,1570560,1570893,333
c_8232,1570893,1571226,333
c_8234,1571226,1571557,331
c_8240,1571557,1571885,328
c_8244,1571885,1572215,330
c_8253,1572215,1572543,328
c_8266,1572543,1572874,331
c_8267,1572874,1573205,331
c_8280,1573205,1573536,331
c_8294,1573536,1573866,330
c_8316,1573866,1574198,332
c_8334,1574198,1574529,331
c_8337,1574529,1574860,331
c_8357,1574860,1575189,329
c_8364,1575189,1575521,332
c_8367,1575521,1575854,333
c_8374,1575854,1576187,333
c_8390,1576187,1576517,330
c_8414,1576517,1576849,332
c_8428,1576849,1577181,332
c_8438,1577181,1577507,326
c_8481,1577507,1577837,330
c_8484,1577837,1578170,333
c_8485,1578170,1578502,332
c_8490,1578502,1578834,332
c_8496,1578834,1579164,330
c_850,1579164,1579492,328
c_8509,1579492,1579821,329
c_8511,1579821,1580141,320
c_8514,1580141,1580474,333
c_8518,1580474,1580808,334
c_8534,1580808,1581141,333
c_8543,1581141,1581469,328
c_8571,1581469,1581798,329
c_8576,1581798,1582120,322
c_8580,1582120,1582453,333
c_8582,1582453,1582786,333
c_8608,1582786,1583111,325
c_8610,1583111,1583440,329
c_8617,1583440,1583774,334
c_862,1583774,1584075,301
c_8629,1584075,1584401,326
c_8654,1584401,1584733,332
c_8669,1584733,1585065,332
c_8671,1585065,1585395,330
c_8707,1585395,1585728,333
c_8709,1585728,1586058,330
c_8716,1586058,1586380,322
c_8719,1586380,1586713,333
c_8720,1586713,1587041,328
c_8782,1587041,1587367,326
c_8786,1587367,1587697,330
c_8792,1587697,1588029,332
c_8817,1588029,1588361,332
c_8822,1588361,1588680,319
c_8826,1588680,1589009,329
c_8839,1589009,1589341,332
c_8848,1589341,1589671,330
c_8858,1589671,1589997,326
c_8859,1589997,1590312,315
c_8863,1590312,1590644,332
c_887,1590644,1590978,334
c_8886,1590978,1591310,332
c_890,1591310,1591638,328
c_8901,1591638,1591970,332
c_8913,1591970,1592304,334
c_893,1592304,1592636,332
c_8932,1592636,1592969,333
c_8938,1592969,1593297,328
c_8939,1593297,1593621,324
c_8954,1593621,1593953,332
c_8955,1593953,1594280,327
c_896,1594280,1594613,333
c_8961,1594613,1594945,332
c_8966,1594945,1595274,329
c_8995,1595274,1595606,332
c_9006,1595606,1595936,330
c_9012,1595936,1596265,329
c_9040,1596265,1596597,332
c_9047,1596597,1596929,332
c_9051,1596929,1597262,333
c_9054,1597262,1597595,333
c_9059,1597595,1597927,332
c_9092,1597927,1598256,329
c_91,1598256,1598586,330
c_9107,1598586,1598913,327
c_9118,1598913,1599245,332
c_9130,1599245,1599576,331
c_9142,1599576,1599901,325
c_9144,1599901,1600213,312
c_9145,1600213,1600543,330
c_9148,1600543,1600790,247
c_9149,1600790,1601117,327
c_9155,1601117,1601448,331
c_9168,1601448,1601779,331
c_9186,1601779,1602112,333
c_9187,1602112,1602442,330
c_9189,1602442,1602773,331
c_9193,1602773,1603103,330
c_9197,1603103,1603431,328
c_9202,1603431,1603764,333
c_9203,1603764,1604097,333
c_9241,1604097,1604421,324
c_9263,1604421,1604753,332
c_9271,1604753,1605087,334
c_9285,1605087,1605419,332
c_9295,1605419,1605751,332
c_9302,1605751,1606083,332
c_9304,1606083,1606413,330
c_9314,1606413,1606745,332
c_9330,1606745,1607067,322
c_936,1607067,1607397,330
c_9365,1607397,1607730,333
c_9376,1607730,1608063,333
c_9378,1608063,1608392,329
c_9392,1608392,1608720,328
c_9402,1608720,1609052,332
c_9404,1609052,1609380,328
c_9428,1609380,1609713,333
c_943,1609713,1610045,332
c_9443,1610045,1610377,332
c_9445,1610377,1610696,319
c_9452,1610696,1611025,329
c_9470,1611025,1611357,332
c_9473,1611357,1611677,320
c_9478,1611677,1612008,331
c_9501,1612008,1612340,332
c_9510,1612340,1612673,333
c_953,1612673,1613006,333
c_9553,1613006,1613336,330
c_9555,1613336,1613667,331
c_9565,1613667,1614000,333
c_9598,1614000,1614331,331
c_9600,1614331,1614657,326
c_9633,1614657,1614988,331
c_9665,1614988,1615313,325
c_9666,1615313,1615632,319
c_9687,1615632,1615959,327
c_9706,1615959,1616292,333
c_9757,1616292,1616625,333
c_9768,1616625,1616957,332
c_9773,1616957,1617285,328
c_9779,1617285,1617615,330
c_9782,1617615,1617948,333
c_9792,1617948,1618279,331
c_9805,1618279,1618603,324
c_9857,1618603,1618934,331
c_9868,1618934,1619259,325
c_9899,1619259,1619585,326
c_9914,1619585,1619917,332
c_992,1619917,1620240,323
c_9941,1620240,1620572,332
c_9956,1620572,1620900,328
c_9961,1620900,1621233,333
