vm_id,n_points,cv,hurst,acf_10min,acf_30min,acf_60min,acf_120min,acf_24h
1,8634,4.202186751605988,0.7485616373896633,0.8643517342863172,0.6818202442670732,0.5167302058224926,0.3508223349656303,0.01904994587329185
10,16140,18.51005271857283,0.8217334863056203,0.8847991638320355,0.6595177747548671,0.5411358398139193,0.1252998804547821,-0.0006510358590699234
100,20255,2.4928998691013207,0.7742127501801661,0.995545965739128,0.9947096215000718,0.9935898086320565,0.9910830980526686,0.9365554888000432
1000,8640,1.77516088143661,0.41483435352354575,-0.2413963880731603,0.9471537494773753,0.9466582270654122,0.9456446477480669,0.9734087253237789
1001,8640,2.064684376425731,0.7586050196721731,0.3643639693711812,0.27484766379419295,0.21538795644174127,0.14931755882187595,0.015084671368734072
1002,8640,0.1867156133362574,0.5411873501224538,0.7433403783695455,0.7813406920749185,0.7826203942335009,0.7813689120723398,0.8653618653998421
1003,3791,4.33916966469963,0.6238880918025619,0.8518360064807783,0.6913046531501498,0.6781074545650072,0.5434936014692784,0.08258670538972937
1004,3787,0.927055133770472,0.4257704412146559,0.19016357989419932,0.02675485214595677,0.06865620301894088,0.1676421581598812,0.1003740718029789
1005,8640,0.32028500705392,0.9731757572003155,0.7983687300623044,0.6631741341112014,0.6881736762250316,0.514030166638525,0.48869790895285975
1006,8640,0.4040125499246402,0.8245610555482554,0.5482435259405541,0.28788528443357386,0.2396858612815558,0.14480077869894473,0.7019906130506414
1007,8640,0.19292830351804843,0.9991872458481337,0.9044998561860836,0.7769177094805566,0.6297693543829626,0.3852564734980764,0.27036678836501327
1008,8612,1.3862226916167022,0.7427872595561702,0.5086351531796162,0.41959663493219707,0.38327724942324526,0.3738366671695609,-0.09861343763701669
1009,8616,21.055553827438658,0.46151756168355396,0.3141736344418898,0.0483401240763298,0.03021433020566244,0.028469642733970506,0.00194861433760312
101,20255,3.59909553896903,0.8778173009251324,0.8495832073367869,0.8251863945846009,0.8308258259986111,0.7953321935577479,0.3942010217232391
1010,8614,1.5595770349213502,0.7912158116001113,0.42708028582778734,0.3594280453914042,0.3399885672620945,0.29725119488070045,-0.08940553440701096
1011,8636,1.417361730697292,0.34572396655335036,-0.17499653853355296,0.11473387725883398,-0.03164821654980827,-0.026234857255406502,0.012499198280788505
1012,8633,1.484954594193523,0.38201820583946045,-0.11088487453886318,0.1812281572959326,0.025207022881956843,0.004234625598546851,0.061620017430594795
1013,8635,,,,,,,
1014,8636,1.361882473367741,0.2789281463878535,-0.21477139056608435,0.10774300820734982,-0.03715045502820385,-0.024206265498044638,0.03390719707311835
1015,8636,,,,,,,
1016,8635,,,,,,,
1017,8634,0.40057446014488807,1.052775166716068,0.6322184058655776,0.511072220964979,0.32864335156959473,0.2682507646768145,0.3732584846415949
1018,8636,1.367683238129531,0.27422092485182636,-0.21517109415238742,0.1091365783532782,-0.040164664700053976,-0.022872362742909613,0.034984922252338006
1019,8636,1.3670224571441072,0.3169527000107901,-0.20786042026387028,0.10636497409186994,-0.021468892164396083,-0.03510136224809065,0.024724619174573473
102,8617,3.0933928787861005,0.8069396073975152,0.8648244053390799,0.7010020913943676,0.5393811685043148,0.3337377015035349,0.2669217306320046
1020,8633,1.3732492780256698,0.28331385917947727,-0.20933955375787675,0.10377019968353195,-0.025283987276194922,-0.029731880628885238,0.024438324437833853
1021,8632,1.3586934863810625,0.26633516162404186,-0.21288088220291246,0.11147324434424832,-0.034231642185963036,-0.015800023125899718,0.03209642429892491
1022,8636,1.8084569373393593,0.4565270641250231,-0.06863794467994729,-0.0011432609553944449,-0.030266556920739485,-0.0088414675921242,0.013170181026494244
1023,8633,1.5733437563574584,0.45529613305464794,-0.15441101782385805,0.08801902674145302,-0.032274020571650804,-0.020472188936064013,-0.0018408139250651306
1024,8615,,,,,,,
1025,8615,2.064194757934508,1.0827396069042434,0.9376990435112473,0.9247070221957372,0.9014403445986161,0.8471875704024543,0.05166963274307208
1026,8616,0.15371920884741078,0.646279017018373,-0.32325757270090283,-0.002004757077945858,-0.22637250289453612,0.05666126430647109,0.077019424470045
1027,8636,1.4299707827430506,0.37098608837748825,-0.16365868639271533,0.08058352788287675,-0.04587930613269814,-0.04830603869522891,0.024298597209198615
1028,8633,2.0219122161868106,0.4784351840417598,-0.06012076202090265,0.010300815692467519,-0.03313736569029576,-0.01012525205631347,0.010685960416942808
1029,8635,1.3621410510467915,0.28659344817672333,-0.2087784405198244,0.10780526245515278,-0.02218699156715195,-0.038464337017363404,0.022141744132932562
103,20258,3.730157601601802,1.0383212341284815,0.9300451982755034,0.9224459800076129,0.9139615619294794,0.8808269129111215,0.43015879335364465
1030,8636,1.3674593865569586,0.2860450873812612,-0.21276187477327235,0.11018599934949612,-0.03441713136977652,-0.024362190817959286,0.03560087353710368
1031,8636,1.3651120351341326,0.2758892085152024,-0.21552333300754084,0.10920822614600263,-0.03687979403452454,-0.024377583101045604,0.03856882363867667
1032,8636,1.3645040602499203,0.2717432014993838,-0.21599924022068268,0.10862465108837271,-0.02602567692916131,-0.021893555768031057,0.02870305440361267
1033,8636,1.5456098641070544,0.40591860222911297,-0.07424941697081562,0.20813270855964422,0.05522649117235358,0.027024880113684868,0.05892910450497157
1034,1096,0.12719235957432362,0.28391019433717457,-0.6086219367361411,-0.3597780260437908,-0.10433820304481325,-0.22738902388012436,-0.07971032609777899
1035,8636,1.9231430918399728,0.4610260842815941,-0.08334103236401665,0.03637645532832874,-0.05052110445128118,-0.003960470574808899,0.006805299717364178
1036,8635,5.368884186405322,0.9086669904353066,0.26166043910172243,-0.019973206451220023,-0.025868718330396515,-0.009931042014720136,0.25041600938108927
1037,8634,6.3345607873247305,0.8285318969406743,0.48968117682429385,0.0032303040578150082,-0.006599954443531945,-0.00791066107951433,0.3506160276213206
1038,8632,1.3649299879866472,0.2706231175726589,-0.20829100443710205,0.10863295448162509,-0.021851626665861733,-0.03382283358212326,0.013317566506761403
1039,8617,0.13027562200822415,0.5629937682063799,-0.5284401631343711,-0.0027963917973123035,-0.31231627397259626,0.07984607035449422,-0.012585289863705329
104,20259,2.494538276777499,0.868055863650131,0.9961962462959814,0.995321871242373,0.9941009439011926,0.9914535749919537,0.9342866613674491
1040,8615,0.13823980117463575,0.5338483059970763,-0.4921359738681738,-0.019601386875970187,-0.29239709334242264,0.08839055646229943,-0.02454778170717754
1041,8636,2.385343546656088,0.9747398801062228,-0.032215720471895505,0.02123893694205825,-0.008053276413536705,0.0772594504369777,0.4981904181008103
1042,8617,0.13120771063898684,0.44578289532740717,-0.5044266266244936,-0.002610528568280327,-0.3012824801593505,0.08385341654840224,-0.02217483672444428
1043,8634,1.5214000357016466,0.7917131696306462,-0.1405358091008877,0.07718151032394495,-0.016844345169732104,-0.00808205781437112,0.28510928400492475
1044,8632,1.854505188588549,0.8165806666024907,-0.0674047841866204,0.04052036779822926,-0.011636468508956038,0.031409243092583534,0.39016121556682803
1045,8634,2.3991547177916117,0.850652313483176,-0.05547406380513166,0.14051226425348962,0.11664619484655141,-0.011308020779468157,0.496777645662948
1046,8635,,,,,,,
1047,8635,1.4304977384916897,0.3542377366299464,-0.1683670869565992,0.09900177113759386,-0.01655140762648952,-0.015109981186725905,0.02185230643524515
1048,8613,0.23533874989369996,0.8454497890019455,0.40421295466889257,0.479273974151589,0.3405311676387187,0.4096880663501166,-0.009866998183609688
1049,8617,0.12715765653478012,0.5868795818338957,-0.5532521734106527,-0.013148420185717692,-0.33153537335865874,0.08503905401059703,-0.02719572669796396
105,8618,6.104715608944933,0.7296993908503089,0.5705032106628277,0.113518611409547,0.2923193442547932,0.05123361550350534,0.04626834387403299
1050,8618,0.1377031957021293,0.5491634223544095,-0.4940836020882151,-0.030306803336707343,-0.29731565870487886,0.0908142446520192,0.07755345725500355
1051,8613,0.1338442591985879,0.5944526543011226,-0.529570824494506,-0.024528438990320974,-0.30729382305464353,0.07664112336577765,-0.029758662441175823
1052,1926,2.223087469840614,0.49239409288167,0.10430447185986999,0.03758097376539215,0.08267057528799078,-0.003747750023574832,0.025527224582022324
1053,8617,0.13713440749373773,0.7379493666937583,-0.44368651078436,0.030171159077715958,-0.27321241961820336,0.08586571469365417,0.00995631557689188
1054,8537,0.1271647669170359,0.5602843038960091,-0.5397792532137426,-0.01711826649387321,-0.34003077275716537,0.07768679473263179,-0.010848753945215145
1055,8632,1.8089863546813714,0.453812289899449,-0.06363642656886562,0.0014149220977894327,-0.03603089903823081,-0.00846437503875731,0.015345982791046101
1056,8631,1.3857342606507828,0.3220358390934837,-0.2128472892702727,0.12874180059104728,-0.024581838326413568,-0.024158439235508956,-0.004900530373399288
1057,6608,0.56031985566886,0.6201603925288397,-0.01927412930980311,-0.005565023902068621,-0.014809787759551477,0.011379013560440328,0.013932879028745071
1058,8615,0.1295924868847489,0.5656440446182991,-0.5275002580880743,-0.013646537587125534,-0.3143590019776152,0.07774445767166865,-0.02780554528563561
1059,8615,4.229797249705622,0.6045145199306899,0.8662923525737435,0.7688846877759948,0.6391788873876036,0.560390159689089,0.0023867234732311083
106,8611,0.09833463008459685,0.8895260691732535,0.334300848145159,0.375873204514312,0.2506968518505124,0.11363614163601785,0.05201508923933631
1060,8619,0.1299069827927815,0.569792627175404,-0.5239151005427485,-0.003993988117555507,-0.3277988623556072,0.09056898904487007,-0.004985651529065285
1061,8635,1.3601358429195523,0.2699060195192825,-0.2084532349992359,0.10604992001101794,-0.023817423462967554,-0.03748898677547638,0.01981198372847003
1062,8636,2.140488059533543,0.4599864321742556,-0.060927491492245384,0.019684856956818108,-0.04042222371342868,-0.009813655728405537,0.01083054547545978
1063,8616,1.9142830239455981,0.940110601808984,0.9751805943507584,0.9441811780879581,0.898658336954069,0.8444093289546913,-0.08507205531081047
1064,8617,0.16224030644672624,0.6122791776878395,-0.29271493473923166,-0.018363517435907147,-0.2230808160093034,0.06108607001632909,-0.0008668837205575874
1065,2016,0.11918121613283887,0.2832139684069759,-0.6726815054817337,-0.1747441577419751,-0.2546853481951994,-0.06452318638003039,0.07053694164230521
1066,8616,0.12819058481576914,0.564437484848967,-0.5373592646779246,-0.013183669771672459,-0.31440218372720835,0.09270996928135716,0.0038116924736189797
1067,8618,0.12590744465918224,0.5804790097287301,-0.5678846819029182,-0.01541354672718558,-0.330133463653415,0.0897511853752282,-0.01905628856877872
1068,8634,1.3870478879930066,0.29637080785678466,-0.20790462257890072,0.11364608425288253,-0.029246774385316213,-0.030069630122320296,0.01781616414006355
1069,8616,0.16320825425216523,0.5968255588419044,-0.32756102882766264,-0.009867389044540766,-0.19978650731129158,0.05505474783259698,0.12552617538230298
107,8602,0.14106927499354951,0.9108335801248786,0.723765990201689,0.7160812667607942,0.7926011014537476,0.7848120537247314,0.7225295083769069
1070,8616,0.8138598583629905,0.6407300189387288,0.550124924712781,0.0021650449448581653,-0.009022849614801529,0.0009569017350565332,0.00027763573179507927
1071,8616,0.1765093042230579,0.6695408137866277,-0.17512067427936298,0.0040746562338389355,-0.16282743091562288,0.04036199369030396,-0.0002017340828838663
1072,8615,0.12864397641683956,0.5464113079414987,-0.5358174203100786,-0.0004469458144803643,-0.3292522575898816,0.08496809346126599,-0.011190733616030835
1073,6073,1.5745952523507825,0.33280832057368503,-0.10671216791221516,0.14396675243880014,-0.015733089198102675,-0.04555882155677667,-0.015377337038838519
1074,596,2.6199752011097064,0.2840299428611022,-0.10702457613805225,0.1660814646233573,0.06827184355020485,0.01126011834100704,-0.060746397459198055
1075,8633,1.3728846291258294,0.29920756932802534,-0.20511469518027273,0.10846424845501718,-0.02303417527026175,-0.03779919310536074,0.0030607607944825696
1076,7801,0.12999141083401292,0.43763949872225744,-0.4990932121361967,0.03161667420156922,-0.339810211333478,0.10520800650124804,-0.0389754391459152
1077,8616,0.13557495756074076,0.507632074049088,-0.49634361172641034,0.005297219625533594,-0.30278773639399464,0.08572179327240634,-0.036235952271062855
1078,4073,1.5985994792031002,0.41571085025631804,-0.05694766521840194,0.18816677300119697,0.06461660307443043,-0.02532804088560941,0.018571707939396925
1079,8616,2.242181273064727,1.0129221073154837,0.9304340723842149,0.8155049733518499,0.6628921338225833,0.3599605971220794,0.37309842751639366
108,8616,0.17009077684357166,0.9963661364628054,0.7846427116948446,0.762079985391948,0.7783651274713819,0.7557171170621856,0.5786250791173542
1080,8616,0.7438525990405528,0.8844937612048944,0.7191333603313685,0.5608378420450449,0.38056925067839237,0.19013002424338,0.2638976633297097
1081,8619,0.4075798453913554,1.1642948825547734,0.7573281633220034,0.7458169607025673,0.7006831464931311,0.5988914657022638,0.626508098810126
1082,8616,0.12705916425555963,0.5780797003553232,-0.542696078493625,-0.010431113248806403,-0.32283615606521565,0.08051421686018101,-0.004971732403690431
1083,8619,0.13226231559038837,0.4525119896362752,-0.5033554979892869,-0.011767199816997738,-0.31117306379798293,0.07805658487588707,-0.01725007294908155
1084,8631,1.382061024522626,0.3210307352377122,-0.1853064242873384,0.09904223377852749,-0.0397115724544778,-0.036421944173270195,0.031699078402395234
1085,8636,1.3631820019695255,0.28209951452381055,-0.21677012241193022,0.1071944077962149,-0.033935443482413306,-0.0203910849547314,0.03351318864249795
1086,8620,0.13874068094577133,0.59829967807119,-0.4604685545308108,-0.002224156325105028,-0.2766504612884551,0.06624489649413702,-0.006377297147499577
1087,8613,0.5412535767885545,0.8715572916037002,0.1668374689168023,0.1414571879450335,0.13225099839479487,0.1318943829067066,0.09689619276957276
1088,8616,0.1652349928762563,0.6459139340170956,-0.315728996649074,-0.020392190640339515,-0.19775834502465336,0.06850521538069183,-0.019704240064375295
1089,8617,0.42147763791269377,0.727872985570088,0.0974774017211887,0.14958158548294137,0.004655116492818104,0.0158984221163801,0.0038295486980601022
109,8616,0.07082765453184134,0.9117199605843251,0.22953736947813672,0.2267822884869129,0.46566166189536984,0.4410682004622979,0.2880829714463673
1090,8619,0.13015262703913796,0.5772275446359092,-0.5219227730583295,0.003819443618295415,-0.31428512813869314,0.08015256997947383,-0.02046898630055191
1091,8636,2.0628171739339307,0.238447170087438,0.6449323888954005,-0.09699627192245484,-0.17422127385016944,0.08757490834690186,0.8800601738954948
1092,8635,1.859334691758918,0.46084723371542863,-0.05615475129120813,0.022903327974840088,-0.0325932913321681,0.00021735949800418195,-0.0004902082013155535
1093,8634,1.3676525650072768,0.3080560309392755,-0.2072318669885318,0.10637468733675845,-0.0379561359884162,-0.02248751531143472,0.04850677646759483
1094,8635,1.4701034647553706,0.4120930305874733,-0.14145494832646707,0.07079343235532995,-0.051074081754781425,-0.045002897774383196,0.035277962194576885
1095,8616,0.1405355132539585,0.5971644182346694,-0.35664663173974825,-0.024357784396581594,-0.2736009450894633,0.06731986576571049,-0.022020725514833514
1096,8617,0.12721996986704814,0.5803383435957618,-0.5539911984768574,-0.004496728210025048,-0.33377313574050604,0.08343695450294213,-0.020197899350334742
1097,8635,1.3654245682135235,0.2758398507888591,-0.2087958835033552,0.10628568892575557,-0.023173265510461737,-0.040010150659524346,0.022634093643544254
1098,8632,1.549905797911457,0.39025631126575994,-0.1687969756509744,0.0882467367381775,-0.04352504424377094,-0.027453503036917314,0.02323661250848204
1099,8635,1.568746713573312,0.3682237038902384,-0.1454958518500529,0.06496318141859968,-0.02302064590504583,-0.029865986949727665,0.029735268673683035
11,8635,1.7604716551362678,0.6020536118432712,0.2760516153590553,-0.011645016218471459,-0.01361479925079044,0.057561405460467625,0.9156330053381571
110,8619,3.768276837536709,0.9001945733359779,0.9893283070555566,0.972186850845481,0.9510879492471246,0.907616630311375,-0.018719452717117602
1100,8619,0.19755697606210898,0.6647129186011591,-0.1101146038382287,0.09164974543763696,-0.11902934698178462,0.03116461921812974,-0.0026963763751702407
1101,8617,0.12890411546358058,0.6157341327149393,-0.547671043037961,-0.017045072246050376,-0.3326644011262686,0.09446624941708463,-0.023232083151444725
1102,8632,1.3642551661713276,0.2795434995900664,-0.20872542458978988,0.10875152660260592,-0.022062543985511215,-0.030864610423347122,0.013556773335877022
1103,8634,1.4688428229792145,0.3991253731717841,-0.11360983951119048,0.17799837009330746,0.02782457391845645,-0.0003584102823621817,0.028586740443363505
1104,8632,1.8091712288077864,0.47353341755517714,-0.0633904626580581,0.04107656654432366,-0.030697562134237324,-0.019489167664093116,3.94576236853854e-05
1105,8635,1.3629348798553165,0.28604137454045964,-0.21159168074820237,0.1082685094465806,-0.02971321554480493,-0.031176226106276062,0.03512664178709917
1106,8637,1.334536273709232,0.9327608853065663,0.14952535848642598,0.28558102651007716,0.1627235249934763,0.12455668299454967,0.11386557085368917
1107,8637,1.367026813323593,0.509008318826327,-0.1669086200233396,0.11883974845923563,-0.00557857737662368,-0.015520264245701432,0.046550404394455236
1108,8635,1.3698930784578867,0.2788559575583225,-0.20880102381188106,0.10618950447397782,-0.021473638639774816,-0.035592183262140746,0.012423233799856506
1109,8637,1.3653936512703673,0.28423543854014244,-0.21402158344544317,0.10597992657255735,-0.02926432150323851,-0.026323762452824247,0.03015335704153334
111,8616,0.10221949762417787,1.0065253103275817,0.8529808285135466,0.8362876240213996,0.8614161927024364,0.8331752959423119,0.6660015330306817
1110,8636,1.4274100729680146,0.36860633391521114,-0.15624122393989684,0.14540294747177196,0.0014671988597721143,-0.018434120257090392,0.03436516056861591
1111,8632,1.3703788623223379,0.2853451720407766,-0.19458106656579502,0.10089158572940943,-0.03923232779178046,-0.038351585520999966,0.012726101155619115
1112,8614,0.12859196306211285,0.5832770014968872,-0.5334623030104428,-0.005843107345609335,-0.31994922105860635,0.07113447677323871,-0.02403225718752193
1113,2832,,,,,,,
1114,8635,1.3682282844427713,0.28203200793223904,-0.21008949090420975,0.1080287371758915,-0.02353881832223511,-0.037050252601381596,0.013351898435286922
1115,8616,0.3620005227074957,0.648464009752947,-0.018364344821328826,0.026383412757244477,0.023872775162885045,0.019164554105516776,0.009308043638289963
1116,8632,1.6219409363748587,0.4235778575046656,-0.09732744565725039,0.05377140732560878,-0.03748673281226226,-0.040000518486513634,0.01570443240489122
1117,8618,0.2762378638713267,0.722226835032264,0.06621881147678181,0.08299711485534486,-0.05293924821311717,0.036736771966568785,0.007343027909775106
1118,8615,92.81702430050211,0.4584975936318507,-0.00011611704598234918,-0.0001161710037174706,-0.00011625203441060322,-0.00011641443538998955,-0.0001201056930098454
1119,8615,0.1282747242571751,0.40486333494902405,-0.5463629688680086,-0.003001907559614437,-0.33158543121147677,0.08733921015682249,-0.003609810475954814
112,8610,0.34609947648897876,0.8877567866631686,0.6996834262446223,0.46689274951722964,0.4167528186780949,0.3954214925638468,0.24797885949859028
1120,8613,0.2011316830180581,0.772768217900073,0.12550826809262886,0.19141783075083996,0.015378730149010067,0.16291080506484815,0.05118760500839791
1121,8635,1.3682982898433864,0.28041245795407554,-0.21127716272891797,0.10407503982579508,-0.02785543372817378,-0.03269603182302023,0.035164187922836425
1122,8612,0.24511175552289238,0.8253708607712622,0.4087410459954327,0.4445230571854396,0.29507969958558655,0.3145912056809261,0.024069302810256574
1123,8616,0.15516229111759902,0.5185399809813332,-0.3871916744140157,0.002344500162789629,-0.23750804149189292,0.05973093748364349,-0.030378034890231796
1124,8616,0.14716245467947925,0.6175225085977389,-0.40565136394195234,-0.014874753970705243,-0.24213465552677918,0.054355009916939964,-0.0058852036792433025
1125,8616,0.1304666548393717,0.5709772188235591,-0.5193235019708135,0.005900474232595116,-0.31291965427545887,0.08740679657686944,0.014660844887938328
1126,8539,0.12810058138784944,0.5722842917062534,-0.5605989991927417,-0.016484818380417477,-0.34863709954176286,0.08989514558099751,-0.02733622337525107
1127,8635,1.36684785973527,0.27331002972848656,-0.2119979798132193,0.10783386534224636,-0.035353872117960726,-0.022608147922288633,0.029275817419435947
1128,8635,1.8220974804502659,0.7292481682447779,-0.012985056763071198,0.0853872590269656,0.02483607728740497,0.012776593276491171,0.01979812682168203
1129,8637,1.5072141367008676,0.39459261204516827,-0.08551957967352491,0.200248512126125,0.0510565669376899,0.014486515247358098,0.03999370641244795
113,8344,0.9867195737044949,0.9928664735155126,0.6214568350485634,0.15553073042451862,0.05806579151963408,0.007952925063646745,0.4149038350488984
1130,8634,1.360295071149959,0.2839912477260162,-0.21368270893266825,0.11048854516982198,-0.03579101164827114,-0.023871514327211654,0.031923706722523065
1131,8636,1.7980339663311966,0.4749862419124752,-0.0728695624365987,0.04554484655982128,-0.03500303692022569,-0.02635243726683943,0.01345938136423006
1132,6358,1.5329057157389285,0.33361652022963667,-0.08107602933311966,0.17750469574571653,0.026106344628592775,-0.023844765958667264,0.01294596712944035
1133,8636,1.622040303792764,0.6109566625772694,0.04829492799343056,0.13743675985395284,0.020064823348214775,0.03352743084035555,0.018267565240371753
1134,8635,1.513109236661487,0.3926574349317065,-0.15203441837336987,0.07748460742380904,-0.01387450486808081,-0.019901584875712777,0.0211117553070535
1135,8636,1.3649875154886213,0.27434650374141845,-0.2144834986890216,0.10675986972485572,-0.024996049404609755,-0.027026365893581022,0.02744865697313036
1136,8616,0.14077797929487068,0.5523588398450153,-0.4734787893321029,-0.012373344494012901,-0.2888957707390885,0.09396739014311496,-0.00873406892334307
1137,8634,1.3662185462052328,0.2881034154015354,-0.21187326646848553,0.10707860272162466,-0.03739486662900634,-0.022743982397795286,0.034894968169273316
1138,8618,0.12590617694172687,0.5493490497904874,-0.5535505702843653,-0.0062885206547703895,-0.33512416188096783,0.0811408174052724,-0.011276061316633426
1139,6342,0.14172416874028362,0.6892527163728155,-0.42096788504,0.019183406809510094,-0.28397585695299465,0.09745003126137415,-0.03298558751204632
114,8616,0.40252389890176743,0.8304224633430817,0.6608412055767234,0.6157013983822044,0.6073975050022993,0.6042322121636385,0.5290497881306474
1140,8617,0.12740756576912288,0.6128315289094975,-0.5619727175122908,-0.006543452750935958,-0.3359696346510693,0.08787688744662572,-0.02049047202402564
1141,8633,1.791639635638326,0.6445221825356643,0.04374503896745413,0.1074769356897296,0.041456558755598394,0.02270487831294294,0.06336542755293947
1142,8616,0.16121992650207945,0.7069378972352504,-0.09844976967462453,0.14303664668322333,-0.10260877432064217,0.11739721038618411,0.025466480286142536
1143,8635,1.3723466443698658,0.3062495064674569,-0.18039440438257248,0.1156425361547262,-0.024876716798601668,-0.03173298319628385,0.02740184291676518
1144,6564,0.12354425959865982,0.40962295738314913,-0.5834659934543934,-0.047212458084490455,-0.3526210205952221,0.07817774584575655,0.00813720764831091
1145,8637,1.536362156140064,0.4154930292365803,-0.0693797600915272,0.21885709851792742,0.06443917270325245,0.0201170244889518,0.06282233907233759
1146,8619,0.1519089150903862,0.6338169907534084,-0.21134851078846909,0.018699227378537728,-0.13514551611841438,0.09967520086360689,-0.014141644569720868
1147,8633,1.3753914700089582,0.29377396468614836,-0.20793100333826328,0.10838183020519569,-0.03999488388648019,-0.022437607207060076,0.020919401812964204
1148,8615,0.13660767694659595,0.5813191934925621,-0.46876514848790196,-0.00022594115929568383,-0.28885628991390466,0.08227767635610021,-0.0164281989393828
1149,8632,1.3661410704821177,0.2673019463992793,-0.2075568086061317,0.10705076196123277,-0.020836017633568425,-0.03377212477050846,0.014047507301811358
115,8616,0.6621705554434251,0.7110012542473491,0.1829176569040052,0.17879005979691975,0.1274071499226516,0.17351851745657204,0.06501371288435429
1150,8612,0.17457377827093434,0.7766862340962992,-0.048354474723825765,0.1478279195237593,-0.07480717202619179,0.13064169508669932,-0.012937321446108083
1151,1709,0.14387667912203334,0.43362672779724026,-0.4103668095163472,0.026427050548092072,-0.27898351466323773,0.13035991714550316,0.002978949242943903
1152,8633,1.3653390437866064,0.26742340217387,-0.20923156971853518,0.10864455017006705,-0.019006036037512265,-0.031365219913682255,0.021140850641983944
1153,8635,1.372344550059721,0.2869100630423449,-0.21207827642011548,0.10703406768522751,-0.03412270359769446,-0.030796717815202587,0.01812118948777503
1154,8635,1.3693878506781658,0.27647281948217695,-0.21203776236838529,0.10879908813260328,-0.02509431918493087,-0.03824838056287286,0.014276455127541283
1155,8636,1.3653532659374765,0.27335497542579557,-0.21095960666345137,0.10760663386860016,-0.020745002530288676,-0.0401564071526798,0.02580738287398822
1156,8635,1.6981782173097906,0.4679577116867516,-0.09852185397514905,0.06807523260484513,-0.030464495011345127,-0.03270354227099689,0.023460160529714724
1157,4631,0.18228142917989962,0.5300305597356502,-0.38638034483854655,-0.0019262229625743824,-0.26148761884536714,0.09634320014118425,-0.037569168860747876
1158,8629,1.610520489300379,0.5693313357251739,0.20045025023382254,0.15641360605285642,0.017670348766105595,0.015769149331654433,0.04727692150698043
1159,8635,1.3636764592386201,0.2757407910043049,-0.20939540442927848,0.10832078910356951,-0.02283977793799874,-0.034943407425751936,0.011270817984704714
116,8617,0.11168576890709629,1.1083046744359881,0.6294359799450071,0.6272154246709082,0.66900186167522,0.6088735507119062,0.3212658972800163
1160,8619,2.890362300900069,0.906534766746065,0.35460148612258247,-0.01303884884376488,0.12387576253991717,-0.013276113936197645,0.6196796890689582
1161,8629,1.3735790650176443,0.2934175914533276,-0.2066819557178776,0.10357324258408024,-0.018586758227997435,-0.03201230540799031,0.011835096794069463
1162,8616,0.17741811912678515,0.8993936284612238,-0.06183190487940313,0.17412398769661327,-0.03775746186744932,0.12650579075345308,0.039290825712431726
1163,8616,0.20362790825161675,0.5854969163623512,-0.19395711201828625,-0.004265168892427472,-0.1155082327052641,0.022546814846376686,-0.008651334958844936
1164,4076,1.792045406426249,0.3168823264600275,-0.07339359755471644,0.13179922719248421,0.0364060331571375,-0.0368558927002625,0.011563261282484874
1165,8619,0.1267529095340139,0.6109528379805298,-0.5446128358726687,-0.0025143731039838127,-0.3411424083195257,0.10554332718815089,-0.014413200136183767
1166,8618,0.12805359778812325,0.6188216103785538,-0.5573520042012495,-0.009446561605754713,-0.33735042624789474,0.09411930037786756,-0.02590163173165047
1167,8612,2.885002963894114,0.8966081746049059,0.9295691604967672,0.7819120157872335,0.5952533601324084,0.2602338372784064,-0.013928080921960557
1168,8635,1.3723158427335138,0.3102150621480543,-0.20804337575716042,0.10474731507197504,-0.030859147412559605,-0.024502793120450415,0.03157337753769518
1169,8635,1.3713500660721252,0.27940514802424066,-0.2114580109430005,0.1078618325022677,-0.031507866857226466,-0.02816671710086993,0.022358181963814287
117,8619,0.1614345822582279,0.9490991880371759,0.7721819543966023,0.7382602050869292,0.7081181052582365,0.6937896637380875,0.38474001701960586
1170,8635,49.16380697839374,0.4505427217922916,-0.0004138661722345566,-0.0004140581006326815,-0.00041434632723415016,-0.00041492398592578186,-0.0004280528730908827
1171,8632,1.3665946106359816,0.2766911408219507,-0.20747066827629543,0.10924843404057592,-0.020164839092714434,-0.03445061978156524,0.012652141691890464
1172,8635,1.3676676878278062,0.28502786395160246,-0.20643544108266573,0.10936720560123327,-0.015947355017169366,-0.03778056212706484,0.02508603509187684
1173,8617,0.12941012995990833,0.46225354455538625,-0.5327831625552716,0.001311177078659585,-0.320242207157754,0.0910897663966372,-0.024224066762523238
1174,8636,1.3663132558279498,0.2708206956475209,-0.21024926131418709,0.10892641172382453,-0.019251072255379365,-0.03343415964373814,0.027038071651752253
1175,8636,1.530117645163682,0.39493656671645755,-0.07241081104171908,0.21136839788905717,0.06783184141635401,0.014959279597769168,0.06828727505401616
1176,8633,1.753634958096172,0.47192060440062034,-0.06774456785514912,0.03968310562822743,-0.008234037895612405,-0.01087717764578478,-0.009390692723341115
1177,8618,0.12820804461357846,0.5710620807947178,-0.5364493306221803,-0.01928195390067639,-0.3277127754613013,0.08124163197798111,-0.009666076958572764
1178,8635,1.36743919444888,0.28550790779370716,-0.2116786136168883,0.10873911895042059,-0.023312921649108687,-0.03511752821352447,0.018116728541521007
1179,8617,0.155836129522894,0.5762050970177078,-0.37142577646925695,0.017797664151255756,-0.22296265676424104,0.06877976684837758,-0.02390501158332348
118,8616,0.33319039426057157,1.0300441927172375,0.9433037264704491,0.9039494623894004,0.859204274655825,0.7865740463862475,0.247113834165316
1180,8632,1.362909395977231,0.28362861176965515,-0.20772167886766799,0.10659230275627095,-0.0213592608805467,-0.03073870295017105,0.013963507517165557
1181,8635,1.367517679467064,0.27381656351280975,-0.2121193938999029,0.10817160623502298,-0.02987796696160142,-0.03061851079888261,0.023836005143371877
1182,8636,1.4680071633980187,0.39162331227499336,-0.1558164651227457,0.09822031226717423,-0.0325451435082785,-0.03173614614280165,0.010771343237926284
1183,8635,1.3713028160266687,0.2889323367092722,-0.22473494839632127,0.12993929723967648,-0.030396223828891403,-0.03309505907224282,0.011908103775108802
1184,8617,0.2963286004146246,0.9030521887607603,0.7160992941363221,0.7882371012411364,0.7110153267726478,0.7239935063503805,0.36081766842143104
1185,8632,1.3818753947963658,0.2966609685212307,-0.21772270256455176,0.1306885594933256,-0.02523821948765158,-0.034200026462871985,0.01090658808286789
1186,8632,1.3653583635690538,0.27967837735126266,-0.21507621576485475,0.11072309858612689,-0.03750958413994245,-0.020361222735356916,0.01987774566221976
1187,8612,0.16775516026081744,0.711583278460796,-0.12516388926898459,0.138578485567423,-0.10206313668485735,0.10899841465362434,0.013640989178858538
1188,8617,2.6026507519612574,0.8056739641350998,0.41558706994319317,0.21935347512429637,0.06172192949805404,0.04596249870666345,0.13591577871136798
1189,8616,0.1401027627366889,0.6266035629427155,-0.4661917287838399,0.007823402106906262,-0.2804080907926247,0.0854743960764231,0.028636141119384447
119,8614,0.34769057411240584,1.0439804968997142,0.9465336070945726,0.9138668048678116,0.8703480830456871,0.8095383992489289,0.3950311313268038
1190,8636,1.3740313500612424,0.3046182747896127,-0.22054026223288237,0.13035177210288798,-0.029046980114198765,-0.03308963623260901,0.02112956144547358
1191,8637,1.8185611427462396,0.4623795025281838,-0.07048180181676333,0.04993824171150483,-0.028353170215203866,-0.021188190212643447,0.006354389311700121
1192,8632,1.3611714256581655,0.26873991970685895,-0.21399772900464215,0.11260040453303155,-0.03811633106714472,-0.0154374472130203,0.030913557017253675
1193,8634,1.8724816970256153,0.4675892018349674,-0.08985851848159601,0.03493612629416072,-0.05267686142112824,0.006810098594463603,0.028766605208508468
1194,8635,,,,,,,
1195,8636,1.3646601182308944,0.2641198918561729,-0.21300594196871067,0.10840951371895456,-0.022970238816951375,-0.02819476742298024,0.02804344456941408
1196,8619,0.12672771978502584,0.5511839543933876,-0.5599887698818166,-0.018867292123732185,-0.34095726540040083,0.08792066431311393,-0.031429957969035284
1197,8633,1.370211198732072,0.283628136533351,-0.21052111619813973,0.1070182578614294,-0.03759062766465117,-0.02393249294718468,0.04785626204953135
1198,8636,1.8336124880708151,0.476570155867922,-0.08318438382019105,0.02469923813744381,-0.03997714761370118,-0.019538525185842266,0.01324721431370361
1199,8613,0.15725714323683232,0.6174897493976166,-0.34442582081770323,5.86785464718825e-05,-0.21852062087751523,0.05310258996472569,-0.027150422459048112
12,8635,0.19691117746424008,0.4786315127320184,0.004547893872339297,-4.6111235944114194e-05,0.0005883688272616289,0.0009833686759075663,0.002023123435486089
120,8613,0.3689788604143073,1.0529139284970623,0.9672718911272421,0.9303767941878377,0.8906374590738154,0.8303552453937788,0.3205696794045398
1200,8632,1.3632978581587898,0.2868437897666305,-0.20831633816385592,0.10579761730618402,-0.020166336781083424,-0.032647076054962906,0.013531624517062338
1201,8616,,,,,,,
1202,8615,3.3003946591207307,0.7690858489914851,0.9446386102731676,0.8492314335888084,0.7726517809075613,0.7030408401979842,-0.038101310200970226
1203,8617,0.12826507332331596,0.4111737724833652,-0.5391161820777315,-0.002991077151144369,-0.32946257674301144,0.09215702896021057,-0.024552970404263904
1204,8615,0.16061008903401977,0.6563539647615237,-0.11398632878778155,0.20508312983942598,-0.04287279781846015,0.16092824011644286,-0.02619723711735148
1205,8635,1.366571227072641,0.28454651831676686,-0.21333788599535694,0.10617688029453762,-0.03415454477605831,-0.022073841680127868,0.030142407386611784
1206,8634,1.36193632680947,0.26971528382230453,-0.21174465256199754,0.10148328082330282,-0.031474183605342355,-0.020692906622017317,0.030448239163194203
1207,8633,1.507794887897836,0.42012555548865205,-0.08846031309757837,0.09709840250683335,-0.020444056932837185,0.0022418379281199073,0.028684709203672578
1208,8635,1.3691496753066625,0.2805728047249881,-0.21075658979648376,0.11066542054589873,-0.03310149249397957,-0.030796624011071343,0.024283991739508064
1209,117,0.6734108209015828,0.22120072622822562,-0.19597039137930578,-0.1417919426635221,0.004324606909700046,0.09906352637221864,
121,8613,0.24261068703765368,0.8908181239453583,0.728042446866246,0.6423892850805266,0.5792426794387462,0.5230020552831217,0.10494538721469554
1210,4329,0.15076003788346645,0.5467191420491737,-0.3662681667681192,0.05603380652008801,-0.29263487975589736,0.14965749901148562,-0.04743432853172009
1212,4244,0.12718474608715002,0.35610101272422096,-0.5626824877874311,-0.07781822017516891,-0.2634537351475176,0.005458664709072795,-0.018450958409248236
1213,23690,4.576628766569277,1.1587317208116172,0.9783052734064623,0.9701387262866651,0.9912827280173844,0.9851308601141846,0.8430734174954888
1214,13086,5.07549429813878,0.8655980979577325,0.9957794608485132,0.987836193474382,0.9757569670170756,0.9508402891855244,0.35835315620166824
1215,8618,4.802093652565904,0.6955003612499604,0.7539459160042762,0.5269562380894333,0.41967325400605204,0.42682803408111736,-0.0010221346211345525
1216,8636,13.312938688986069,0.4716775669291149,0.0003793467630956732,-0.005646846335657459,0.009444061685968699,0.009256986868591093,0.06696482341251991
1217,8632,4.097758228894322,0.857448773890287,0.8675963779555524,0.6913260351591008,0.5320743036615407,0.2786619457222509,0.036458612777672234
1218,15663,8.5904191570542,0.7826205524414,0.7112061725071074,0.5031011268007978,0.45731038310427613,0.3770802569949952,0.10612992753415403
1219,8634,19.657056145986225,0.4879927010827992,0.01837715945485351,0.04143866744250505,-0.0025919041522820562,-0.002595525938354174,0.012729948552923693
122,8613,0.21720913778323775,0.929612378194109,0.4552076267701878,0.36491376564316796,0.2400302177982802,0.15470588566919097,0.10382062493797985
1220,8616,1.84712557971441,0.7162023036122023,0.7743673459837247,0.38346602252593404,0.03907184374758406,-0.00023589253086702013,0.016439016426539235
1221,8618,1.889780951035176,0.6380153516915561,0.538693281232151,0.10877500580450415,0.026378183570676533,0.02245044103277829,0.022850370533012435
1222,8620,1.3036016767375662,0.9351231408556089,0.8267462637129516,0.7945030971425189,0.7676700330026648,0.7486856698825876,0.33348683858241507
1223,4021,8.331336450089974,0.7293958869274426,0.020573678506582593,0.0019663795064392194,0.02656448837311307,0.0056545759145799936,-0.005453592549213238
1224,6601,3.147838081120133,0.7148496655960536,0.7794673194740637,0.6368949625429132,0.3886049212985433,0.011178781612759493,-0.04422208985335045
1225,8635,0.26865874198171813,0.4445409465651029,0.029320021649065667,0.00695735111335346,0.5923296956355859,0.5722567805549066,0.45037070946734636
1226,8637,0.47749915719745756,1.1582741264541587,0.9282686380509255,0.8846113533135403,0.8630033147717987,0.808120340753845,0.5292563598939976
1227,8633,0.43798896396758474,0.7890413030283314,0.9802703781270449,0.9745898169963556,0.9678106725245416,0.9607618131497018,0.8276902615407191
1228,8635,0.8453408773752876,0.9520582073358919,0.9747747603158214,0.9911989733608751,0.988617061393686,0.9818185765744517,0.8143893363788091
1229,8637,1.616711619963842,0.988760510111548,0.5989758456326428,0.5258842550799877,0.4593436800071917,0.36727734549428154,0.3042974195774368
123,8615,1.1657449137468021,0.7117830080745634,0.7146902554997139,0.5170506670931656,0.3595014657017735,0.046581084035780304,0.42523352557353483
1230,8613,0.6725523644251558,1.063147623251434,0.9590621305873255,0.9298983459636301,0.9087040249866054,0.8876778841878503,0.4493922394313618
1231,8637,1.2465963565597544,0.8557605858720172,0.3254463807737566,0.23283027977220322,0.18087652613092237,0.1578858361260525,0.13626152686686205
1232,8633,1.9717923164275788,0.7797623192875067,0.3947757695098291,0.24236964415740817,0.18949309277674692,0.10064730936871755,0.02409606967748819
1233,8637,1.4186480049162902,1.0936567813254414,0.7003332976091555,0.6507989960249467,0.6028107823681722,0.4856216755148755,0.4999680917019942
1234,5754,0.48447336338112457,0.8215313231903556,0.8964550776371231,0.8966647986815628,0.8824872020543048,0.8800870527959691,0.8765526287648737
1235,1927,9.21960555019643,0.43302478454891463,0.7979576497218883,0.6627933579288792,0.3472038416881812,-0.0038553977790754903,-0.00980429372059267
1236,8635,14.077435294126307,0.46739507631667265,-0.0042227766206884496,-0.005050177176601419,-0.005053708916809227,-0.004153214056546502,-0.004919485892948157
1237,8634,2.7423873918381654,0.2681377674294061,-0.01461610662158639,0.11849953137580668,-0.11058895483890453,0.782943331190251,0.6399718822925451
1238,8634,0.8866279285477012,0.9093329603641647,0.7103443575645955,0.7373125067789114,0.6551642768920694,0.6189830461777479,0.003136369676005172
1239,8632,16.958958018851273,1.0016378587213643,0.9256658599103267,0.7848852870075432,0.5772261500921119,0.15250560445875536,
124,8618,0.292250646764242,0.8761789238733989,0.9175365539806224,0.8280983809754556,0.7751045459566728,0.7299950202168963,0.3191250216120462
1240,8632,16.733166551856602,0.999612739827654,0.9214507113398398,0.786152906361735,0.592078915069289,0.1721824283631813,
1241,8633,16.726477335368866,0.9085206300629548,0.9214562913409138,0.7857728011435471,0.5924740463114903,0.17287854079024395,
1242,8635,16.94191747652004,0.9958943362227286,0.9261023245043412,0.7863092276117534,0.5791229397315473,0.1540260239258135,
1243,8633,16.703556778497763,0.9884400119308296,0.9235998060455285,0.791556000500511,0.5938982289186829,0.1695662295166785,
1244,8636,16.67554021501263,1.002864322377214,0.9217383336032814,0.7853947324129992,0.5922919602006539,0.1722224400341087,
1245,8637,16.596164858196257,1.0119182129984146,0.9174678124720432,0.7796543570576369,0.5959695758847046,0.18285532144742955,
1246,8634,16.77315231042336,1.0165966086689613,0.9190689070068017,0.7822598675332632,0.5890860718495735,0.17049683385600148,
1247,8633,16.669067134622313,1.0106607594304005,0.9215545689807313,0.7894016632716646,0.590541173730491,0.16597484055692174,
1248,8634,16.73905119931791,1.030630288481912,0.9229378902839044,0.7887681611096816,0.5922641511264118,0.16952790430790665,
1249,8636,16.700122899416378,1.018122220597998,0.9143493228958717,0.7778278995186995,0.5936804700107229,0.18149593036735745,
125,8613,0.3998210384596017,0.9988637561962206,0.9296018719124751,0.8900439275111498,0.8536137163413635,0.8060040116325481,0.293643487433927
1250,8631,16.574229481872973,1.010442056531568,0.9269202172215171,0.7946764540345833,0.5985493734266802,0.17505040211222575,
126,8615,0.5578898448977361,0.9220119575640335,0.8062957912549511,0.6555736447290812,0.5437252485580025,0.45331463349208884,0.14072869736292137
127,8619,0.12942052430579631,0.9644410140953583,0.7288374654813385,0.6909837246138422,0.676043278575156,0.6291323054635177,0.4553367002799971
128,8613,0.2775076543429681,0.9245974424408585,0.9649590361069583,0.943622137785963,0.9308153206361517,0.9086769846694402,0.6639073423157431
129,8616,0.802171375113887,0.8820102135466281,0.8693042383449627,0.7266173052728191,0.5468988697831965,0.317399842817007,0.01767443712133155
13,8635,11.565379536266205,0.4606177614844346,0.011269775624802853,0.0011438791998607779,-0.0019455981376899952,0.004805377543771083,-0.0029438665272623283
130,2060,0.07655269107262623,0.5762502196629806,0.5222773429369266,0.011841621331895511,-0.12292034289425204,0.050164217966719715,0.02519817054248755
131,8617,0.2006514208851776,0.931806392495645,0.5763548793729445,0.42481090016081857,0.38196488107932375,0.3513124217352088,0.04272816223639424
132,8619,0.18957525545945167,1.0180813704942802,0.9536402898099122,0.8840672662816297,0.7744383455394418,0.642206654129807,0.0885395709462764
133,8618,0.29490936213632474,0.8413124819041868,0.9514581041278465,0.9341782565754405,0.9154401726687984,0.8801342599019979,0.307630829001634
134,8617,1.6404250490822743,0.8089606754032379,0.909862290502479,0.7924213418224834,0.6225101472681739,0.3105982824932113,0.1459156943205451
135,8617,0.32706311626421203,1.037246928132713,0.9904089022387403,0.9841672670659061,0.977170555867171,0.9633716027645325,0.9135252917471252
136,8614,0.12488891361807151,0.7925908321304902,0.6574285829151011,0.6257695443182077,0.6359376920163509,0.6024648418517982,0.43312989064668905
137,8614,0.12135955605757218,0.856985424950006,0.3109574914818886,0.29724357499147847,0.3489474756432847,0.30383886185302417,0.26528694833926525
138,8619,0.1323291999651044,0.7749277321021537,0.6074746851853435,0.5990184795224003,0.6216764900466486,0.6039726551696423,0.5691184606319462
139,8619,0.14116409232130195,0.8301012905073943,0.3443508026937149,0.31159208008344,0.3324707756719192,0.2879912189664423,0.2006819535651121
14,16143,18.452915831149138,0.8081308998773844,0.8856890915216917,0.6650914905285814,0.5433150990187948,0.1243024229858473,-0.0008432117993624
140,8619,0.12149155730325034,0.7876076191987003,0.106626361970197,0.03229781034079575,0.10101465773097769,0.04134202030519223,0.1364753218824909
141,8633,0.30669217840710816,0.6665709798263202,0.6167139969681289,0.5900676634037145,0.5820609802001023,0.5745587876842714,0.4253720363162876
142,8634,1.0301999281268859,0.9484320368750463,0.867023353991186,0.8300941643458504,0.7992738545513327,0.7452195394079859,0.45560274209234286
143,8617,0.6031913330333478,0.8613719441318264,0.6025291168797516,0.507198083688531,0.46187515324673245,0.4029650887839834,0.20007513706087263
144,8614,0.08724033438768442,0.9902979956418547,0.5041841041797546,0.4860099393707192,0.549418172070677,0.5225706453106446,0.6113126402764498
145,8614,0.9101868118265588,1.0103004247971108,0.974255257440758,0.9264838588139547,0.860237378001363,0.7459662420600702,0.3380712554388811
146,8615,0.6939727633188995,0.7802624866585441,0.7684397854980537,0.6540600185157645,0.5585035938875691,0.48404056756872826,0.1261109204616648
147,8612,0.37856141977124413,0.8160214275114646,0.3815195519962016,0.25691557896070316,0.2050095826483331,0.1625436130780686,0.18937482116231416
148,8618,0.26845733066342,0.7629479043581333,0.8835471079274582,0.841180552587577,0.8418522657245188,0.8352920749714394,0.7393074673699898
149,8616,1.7296724897345812,0.628426026187427,0.31621364361210363,0.06246130655198325,0.17140398748617286,0.16368944101586588,0.10059068633464881
15,8632,0.2461553477946261,0.9057720067184631,0.7509597052787932,0.48571954500523046,0.40592246122346526,0.4817552257821315,0.09170756971205053
150,10370,3.041751371713599,0.4902267968658908,0.5342819295801235,0.3413693043807077,0.41546921166769396,0.3847418679258113,0.06854348601264532
151,8617,0.20749260828094726,0.7263860233845307,0.7694007490391128,0.6516246457759577,0.5341586257449227,0.45934502475844036,-0.018006529979932854
152,6873,3.3928034121018937,0.7867592743574132,0.2892315093127367,0.030358432241559596,0.013291930083490168,0.011323829807593175,0.006414205402381086
153,8618,0.07583994072798955,0.5359108225960348,0.2930997191356805,0.1527736545748301,0.06785000521852393,0.028371430239902806,0.007143038508369245
154,8613,0.18445373988587263,0.6602136659192357,0.7376468728966632,0.5055063891444413,0.31614370581169887,0.15060757316275467,-0.018098231695707397
155,8617,0.15697572295642723,0.6592665820387597,0.6493451537990276,0.6196228865102289,0.5896283734819783,0.5594536672976069,0.14073907875508626
156,8615,0.8472978249427363,0.7516133996103644,0.1985146952549939,0.09901657112077593,0.1125292397755373,0.08797368964526919,0.18680014962924515
157,8365,0.5180386400994063,0.5230192896186927,0.49657486758563324,-0.1506445177682421,0.1521730151447308,-0.1419915933237518,0.012428304785737284
158,8613,7.875027073182183,0.726435886559112,0.11350074484941584,0.02881715587091377,0.07932752735436081,0.023844177211614793,0.019100286900507916
159,8613,0.17601129737583898,0.8393691835042228,0.7563156094747757,0.7431055455616272,0.7203864474208753,0.6807548082161511,0.3563185153018577
16,16141,18.47817203842648,0.8193216939114734,0.8866046852929964,0.6659630535751655,0.5432082347269612,0.12654004209847142,-0.0004789832693282206
160,8614,0.08349184976821303,0.5578809226889543,0.1670949184317573,0.1400349375755309,0.10862722853710667,0.040161973505609856,0.16887299521058588
161,1256,15.861169222379363,0.7825921585861587,0.24564813586228157,0.02260060055052332,0.4689794214622464,0.08650546551295288,
162,1849,21.919524337096817,0.5465100790211543,0.29060124323650255,-0.0019874158459198175,0.005387732447159578,,
163,8615,1.2005282977966834,1.0824520843353942,0.7892493893677022,0.7411050681103124,0.6873643977876915,0.6175131690944664,0.11751696007808164
164,8618,0.1674788557837534,0.78156621212079,0.48698089074626166,0.37470653417115907,0.2708730081145556,0.25093720360451177,0.08811062730988649
165,8619,0.1979103528546224,0.8880569390685273,0.6111512641037075,0.5595369194729299,0.4836240008488082,0.499436397268166,0.2673985268253938
166,8617,0.2685502594860458,0.9209055727444992,0.7972327051388471,0.7602264184272751,0.7402733178213027,0.7025979564898814,0.41843366273350757
167,8615,0.1639804518954812,0.8876065012983625,0.6633673682028547,0.6341817282904977,0.6048856574040448,0.5830546245185919,0.29276340047954635
168,21267,2.868980482784196,0.991581480948023,0.9977320094467402,0.9965483058941248,0.9953329071459481,0.9920814110307198,0.9266709579760813
169,8636,1.0356097932081287,0.5499208716357111,0.004686356053073045,-0.010118743236558354,-0.005274274532459247,0.007801278733395993,0.03226088677393649
17,8636,7.460991652108832,0.5146775787693664,0.021961908923619544,0.014707946490647505,-0.00408075496180582,-0.0069255246947428255,-0.008152538894092239
170,8633,34.139532557265596,0.46531477822782086,0.12049218473313016,0.08177471475819642,0.1577138172180277,-0.0006028367084368577,-0.00043506292367948853
171,8636,8.087167618817364,0.666185316259029,0.264571903637101,0.05077967940288874,0.05547824414003218,0.046637788665961646,0.008347216073640237
172,8612,0.1655940515989125,0.5948162203967269,0.020032745592807186,0.010495144817786115,0.008953753168934585,-0.0023920307942010915,0.003740754108079585
173,8614,39.767564001447475,0.4624251324739297,0.0022532482928103795,-0.0005532703186849801,-0.0006332836201558689,-0.0005899623545192197,0.00018578688395623662
174,9261,0.39822878277846824,0.5289346778696145,0.6959103807816744,0.7009311586506475,0.8331120936275292,0.8238358281404576,0.6743762356340621
175,8615,2.4102367549841355,0.8120960337823917,0.8702840342882497,0.7629587162502919,0.6914790602473437,0.5864724544671607,0.1650654569152887
176,8634,0.34257451138882417,0.5857491859193693,0.012816529965942743,0.0006098972341919453,0.45667472848649127,0.4392741673523985,0.3410861322987265
177,8632,0.22319561982880898,0.7162873166712507,0.2086269864473191,0.139102810580931,0.36745956843090133,0.2931604514339738,0.2066065584383715
178,8634,3.5874862232693587,0.6999870930612953,0.089181711711936,0.08630385278977278,0.08539211177981634,0.09176395145162924,0.07119617727487906
179,20265,2.5879278395188146,0.7649561117289491,0.940725278960242,0.9331276444624469,0.9296643509375726,0.9232817132964081,0.8549622923963358
18,16143,18.48284861857802,0.8100403447298938,0.8853542602154862,0.6624312269794714,0.5404483168800809,0.12295931639706353,-0.0008447967861165097
180,20264,2.7865308716464625,0.770554443838944,0.850957497827201,0.8384592189575076,0.8214207424261044,0.8016688866734052,0.7371980155551935
181,8618,0.09110230597939263,0.9196682681354762,0.790833144448057,0.6934732090394624,0.5800723706934715,0.4530799199936159,0.27964339742574373
182,8619,0.007061426412963309,0.4635953597879524,0.015142097593139385,-0.0003676463967952027,-0.00036790277996350223,-0.0003684166205519293,-0.0003602355968319852
183,11288,1.1018831778211993,0.9767106374369352,0.9842738357169987,0.9662210120307115,0.939233597844774,0.8882080508167358,0.45420929629873985
184,11286,1.1064406794643504,0.9896078202887624,0.9841149252529542,0.9661198314914122,0.9395670003700112,0.8881122694772333,0.4484779137105748
185,11285,1.1008658996320289,1.0413180260492885,0.9852069469553375,0.9695327597828842,0.9439631669936395,0.8943864749442948,0.46605223316159644
186,11284,1.1222284143909556,1.2566432486011085,0.9845464724944235,0.9658164130390552,0.9393237046188441,0.8873881800306825,0.44147386480954304
187,11285,1.1094788931709119,1.02733877112512,0.9843783649701228,0.9670050373666452,0.9408192633392095,0.8901396147155307,0.45860273363736875
188,11284,1.111859014679425,1.0626966321817926,0.986021078543014,0.9685458027644953,0.9409099721825807,0.8879417953194912,0.4508961280947726
189,11286,1.124436287273814,1.0287682554704345,0.9851628092512825,0.9680095223440786,0.9414779207971304,0.8921022148032638,0.46762746323046855
19,16138,18.157587758581553,0.820261885119892,0.8846112269971517,0.6604435961050216,0.5452904409370511,0.1321870855692094,-0.0008512069127401975
190,11285,1.1212999637119572,1.0602331088596066,0.9856701484496487,0.969195617528662,0.9437488876283404,0.8935883291401521,0.4507592659841431
191,11283,1.1218486264948262,1.026564290070386,0.9860864846558721,0.9689897599280516,0.9427973451004152,0.8941600278703999,0.46387712536042325
192,11285,1.1307001320490766,1.0313741401814,0.9841124341357596,0.9659409624185291,0.9395693945204622,0.8904803398990794,0.4438157939689438
193,11286,1.1002574823749738,1.0166075830196932,0.9851852825832661,0.9691232615186836,0.9430688572985957,0.8964468438522916,0.4407018389765259
194,11286,1.1133495639596387,1.0618114415147604,0.9853413492207225,0.9686450345544372,0.9430117506367072,0.8930480347129364,0.4456117547543394
195,11288,1.1237588605925335,1.07052894977903,0.9823333086040316,0.9639887526154073,0.9356029870773505,0.8846557288622872,0.4390249846104034
196,11286,1.127898431066761,1.019270823268017,0.9865473795513171,0.9702550698862269,0.9439891364228966,0.8947116980955674,0.44949953025818057
197,11286,1.1186549818777518,1.0522152160954121,0.9863388196985895,0.9703075111730829,0.94377604042366,0.8944116883135043,0.440052947909777
198,11282,1.1210340003021362,1.0413158598047394,0.9841454154023858,0.9670033100387313,0.9413440242505722,0.8899879692982282,0.45261882804931947
199,11287,1.1254858123915494,1.0301816916025808,0.9846920510059163,0.9674724131785376,0.9415189485063824,0.890151546586018,0.43975651387109826
2,16142,18.49275289835298,0.8401628713231872,0.8859736334324975,0.6644040630850837,0.5434050634695918,0.12509482594531432,-0.000651698018959641
20,8615,13.76493326953109,0.7914270722536831,0.7314062227018135,0.36065949669523956,0.11155640807521464,0.022667092007012696,0.06344459402240468
200,11283,1.120872461714807,1.0525987258595442,0.9861105197884941,0.969733593593511,0.9442135461724169,0.8953837329608317,0.45517657895421443
201,11285,1.1273723678219811,1.047245007685122,0.9843337118939003,0.9675519112259794,0.941231235299787,0.8890938977809836,0.43610470658843375
202,11282,1.1084557455432256,1.0406065130431106,0.9851432120635827,0.9681918607454701,0.9414904743179556,0.8918785502063207,0.46180889174876727
203,11285,1.1047835686170235,1.029545764271501,0.9862410704271116,0.969465053280935,0.943469568230296,0.8951369697399547,0.46436050208071883
204,11284,1.1330920819482653,1.04504376682684,0.9858377368615241,0.9693673449821727,0.9422569433698137,0.8909016905463732,0.4402420310912234
205,11285,1.1261368495406108,1.0434472043133667,0.983987525051622,0.9657264740612428,0.9384952749628879,0.8900892254777811,0.432167857610357
206,11286,1.1291779846250125,1.0442023435047756,0.9853679781278499,0.9683120064512436,0.9418680999281845,0.8915097629174551,0.4531247183189715
207,11283,1.1328448329770047,1.026997017710508,0.9854705174621486,0.9686042506118424,0.941768753273166,0.8897518039658628,0.4486543965258059
208,11284,1.1274165478957487,1.0294997425915242,0.9839156957844529,0.9669460024177373,0.9394144252195437,0.8875690398783987,0.4513966817524336
209,8613,1.3065612555834192,0.9787930985066258,0.9481544880296943,0.8705226986805606,0.7827598973905096,0.7244999026582685,0.2542251761710549
21,8636,2.2697327726506233,0.8939100557072517,0.8627505411053529,0.8156062424899527,0.7936592753109187,0.7660373826994078,0.2841024009394468
210,11281,1.128677206192396,1.134854884459334,0.9843596030490782,0.9665148351822619,0.9378360305324754,0.8842404342373725,0.43165642915682434
211,8616,1.1082124954677925,0.9419354460809932,0.9165496972968781,0.7965499081100506,0.6550027758902169,0.6141145950800321,0.11660263614983143
212,11285,1.122851120054806,1.076598969824146,0.9813544491313768,0.9645277178242911,0.9357892808860802,0.8828728110818806,0.44094950450062775
213,8618,1.094165047773065,0.9526589242164449,0.9280585654229966,0.8093739000777124,0.6669098103198335,0.6315468642296771,0.11642492910526048
214,11283,1.1264954640281013,1.0541893708115868,0.9812207336001623,0.9641994909235063,0.9354525105336472,0.8808548935403574,0.44664519181439966
215,11280,1.1252311984717511,1.085023851788324,0.9815327647841607,0.9647712495649577,0.9359612178868875,0.8820602321473151,0.44039399787138267
216,11287,1.1083488291396082,1.10572997059058,0.9824242273438071,0.9666940806124168,0.9395461729478322,0.8870866548203233,0.4689052752137294
217,11283,1.111211628505504,1.0774717518156416,0.9828911839037924,0.9672029622717907,0.9406498788203712,0.8896948554793679,0.45571537323924954
218,11285,4.005185895764876,0.8812989713003436,0.8860837037541853,0.7777555440640489,0.6815443041244608,0.5511309369006283,0.0021193636878445903
219,7500,0.939865144619646,0.9357620331179746,0.9195551847813614,0.7862042849873692,0.6350219235834563,0.5841105574709453,0.03313103684270766
22,8635,0.4510962466717373,0.563451755732625,0.0405386894066494,0.046926544793667396,0.04926164355825255,0.051509607105544336,0.12311512342061853
220,7481,0.9601452630717797,0.9199001101171207,0.9160077975211794,0.7808553989781066,0.6200554339026052,0.5686767963092607,0.032801238479042226
221,7478,0.9525940731278779,0.9354269063108958,0.9176494863540774,0.7830596220138705,0.6183772421547862,0.5824857905243306,0.01357072313295857
222,7486,0.9417753764310469,0.9369945487126238,0.9198983348426841,0.7878841483394163,0.6373049007813549,0.5841957694103019,0.023302161626292575
223,7491,0.9531423571366485,0.9296294092246604,0.9167945124526511,0.7771114308261594,0.6164155951507252,0.5834084032976931,0.05095994069424443
224,7480,0.9599890136033207,0.9458844737812927,0.9186624782309001,0.7872387414593047,0.6197963662022501,0.5665769044674515,-0.002283882447995028
225,7478,0.9464322970133056,0.9362101674921613,0.9233066909389186,0.7958866643617805,0.6354964227726753,0.5772847256101059,0.028399304170306228
226,7485,0.978729869653728,0.9265159670768728,0.9201042889374687,0.7807603763612471,0.6168315426348445,0.5746573524321458,0.022591922459337506
227,7479,0.9767796232441129,0.9226599615492292,0.9202950027566694,0.7851324666977848,0.6142880865693778,0.583369035588502,0.014942008861432265
228,7477,0.9434835139655957,0.9505147656525126,0.9276665003646207,0.7967220231119289,0.6429695082845758,0.5966512888800762,0.0075833533727237305
229,7494,0.8903009810841619,0.9721150641192822,0.9356436059090458,0.8335255608591075,0.7329181628340905,0.6246156755788126,0.03132386717797784
23,8614,0.3374061450499376,0.7308250278643237,0.24698868030933843,0.1837037552651642,0.2629907712539742,0.2630654475136865,0.11365574778435665
230,7473,0.9158451637781835,0.9934711318887598,0.9385970577489068,0.8345018433148985,0.7108041413453722,0.6313522768796468,0.06833464166471331
231,7485,0.9446780929853991,0.9902091200518717,0.9448799260937107,0.8514016202335012,0.7483830573072792,0.6340802219583527,0.03649690527771799
232,7474,0.9600621872793792,0.9903207357896885,0.9460039311027912,0.8537869859120221,0.7510588523522829,0.6405989494696376,0.006592402644865513
233,7485,0.9805880956074496,0.993408102672503,0.9428333037785693,0.849934943996851,0.7480579424423934,0.6252601722225889,0.04614516425267747
234,7476,0.9661892653092358,0.9876963739775884,0.9449229441536368,0.8541940457433707,0.7441818919674832,0.6405230305937585,0.08204409084909658
235,7481,0.9972997211911824,0.9990938563887108,0.9443010762862009,0.8480417579172608,0.7368168124044343,0.6179862675713741,0.0491641333931767
236,7478,0.9607391912618183,1.0100106430629443,0.943500118643374,0.8519406016099063,0.7321631176342972,0.6097015561669805,0.03156140466074097
237,7477,0.978500486857577,1.0099677987299551,0.9435251922383509,0.845858326510721,0.7239437182918814,0.5997685132054825,0.05789417933695186
238,7475,0.9391551756186365,1.011296381609267,0.9475708594914528,0.8582429601737569,0.7553561073556047,0.6164063157892902,0.002791125959309291
239,8615,0.9301992222019239,0.9863415719220172,0.9379771645005637,0.8338401976423638,0.7003464977356274,0.600493403957507,0.1348693332738945
24,8614,2.182515248038208,0.9578763934017699,0.4866782133810643,0.324905236703812,0.2023940578724363,0.14268350261829765,0.06575202900601898
240,8615,0.9652934184898856,0.9866589297929684,0.9253291418287108,0.8321181631687479,0.7405083482306359,0.6559238376573286,0.11949537033630019
241,8618,0.9584396921597554,0.9840633398115892,0.9384912374126464,0.8396296807425249,0.7145260958714487,0.6143864685247441,0.08721573426876031
242,8616,0.9946834975874465,0.966463951472926,0.9214073591450136,0.8208779483027541,0.7225116902711765,0.6396236862119303,0.10745389164202519
243,8617,0.9567691125518538,1.011516987410908,0.9433204188908733,0.8485562920941674,0.7152487069592729,0.5986817132260225,0.11376097860614193
244,8615,0.9871785381766205,0.9678210346677489,0.9229495051073638,0.8266727803175294,0.7310771955467715,0.6362756252019033,0.12140013415182493
245,8619,0.7782284982430346,1.0594229095158494,0.9579131005370374,0.8934042616887079,0.8060452629920815,0.6771587240707367,0.13113793576989227
246,8612,0.9395090064081285,1.0022898314162636,0.9113406163928717,0.798373868992218,0.7013221646371306,0.6220006756923997,0.04017233480137141
247,8615,0.9241816105466074,0.9791536668083636,0.9472814056122658,0.8588168732527401,0.7464867241164377,0.6359145005971133,0.10742513080404027
248,8619,0.9987646451929968,1.002586437961116,0.9020169511992672,0.7904748022887038,0.6808119119874938,0.6202099754017577,0.07343204073359569
249,8614,0.9399425660662853,0.9772409299309259,0.941525165984902,0.8403122221085573,0.7089946186978592,0.6096995167136247,0.11045732295282408
25,8614,0.36473600333060446,0.6324923124802164,0.3543652621115371,0.3127830559402439,0.4095768896114363,0.4053108401658669,0.31214294029571893
250,8616,0.9924919031206011,0.9851544760270627,0.9073931610974272,0.7970896352392376,0.7004117467459494,0.6175302630852793,0.06288936344708883
251,8616,0.9569529526771282,0.9890559302962323,0.9435857203087658,0.8474130454545756,0.7143678118177365,0.6126563923912208,0.12412631397862336
252,8615,0.9842652961852489,0.9741418456263855,0.9074802068192643,0.8010191021011477,0.7140348856426059,0.6208309987151648,0.09110214372372827
253,8617,0.9451490719197357,0.9988442825340258,0.9461713641939954,0.8483896395676321,0.7210005171608946,0.614344227068329,0.14012432019097062
254,8613,0.9848356223361595,0.9685605287462089,0.912284183176534,0.8019518270539542,0.7148927568306201,0.6293457407628412,0.062136816819234185
255,8617,0.9460567080532,1.025976579888477,0.9446202236513681,0.8514091220127242,0.7326239300078645,0.6240326125656646,0.10563911551326413
256,8617,0.9998321202054132,0.9933521357409727,0.908686019682118,0.8018505284451235,0.7085009477694245,0.6229271864193067,0.04730069344709171
257,8615,0.8887177099809245,1.0141645543503555,0.9553361760798561,0.8826792756506358,0.7876232878266067,0.6553006072299407,0.11600140903560925
258,8615,0.9919675092044099,0.9648142517592687,0.9138980534184826,0.800377786591634,0.714591044101501,0.630667257594486,0.04847274740221329
259,8617,0.9687147832487099,1.0302410391106505,0.9502773139065708,0.8662456587274826,0.7671616036284129,0.6395686429414758,0.10674784940542827
26,8614,2.905561714372796,0.5406573900539764,0.4254304968573329,0.19687929283782116,0.2596162953182793,0.048537925662850014,0.08551609078912496
260,8614,1.002178298153543,1.0105062019799607,0.9520049693773062,0.8727123914304586,0.7686653289284512,0.6353979965611807,0.11418155385189152
261,8614,0.984477685307202,1.0090919296510128,0.9503350383436664,0.8664164123154448,0.7613406603544063,0.639253563154181,0.09996023606829658
262,8612,0.9629396623627088,1.0249728904547624,0.9538364479120036,0.878420096029249,0.7842889174753375,0.6524687203476599,0.14189435188194824
263,8617,0.9795110044434873,1.0145394803905265,0.9531272833918668,0.8712351624645412,0.769237113160188,0.63040827085381,0.10254580719342944
264,8616,0.9927001219351848,1.012817484536118,0.9513014493254621,0.8696678381284284,0.7623553044452859,0.6330552425876701,0.12721967973893436
265,8614,0.9822966211983076,1.015891746561608,0.9573878673331955,0.8813385460129116,0.7798687521743467,0.6450768005718814,0.13732082943865376
266,8614,0.9749855025396106,1.019727258141854,0.958866894686554,0.8832031223550203,0.7835486996435422,0.6531869310059125,0.12403265566626236
267,8617,0.9816568523462459,1.0175402281378507,0.9556530629118635,0.8783304648043817,0.7793133064976533,0.6431902768606215,0.14328479130070446
268,8618,0.9849832336638993,1.0308879311404908,0.9566231439754627,0.8816411408059088,0.7851909644024947,0.6461612476236857,0.12715185583388486
269,8619,1.004656613114418,1.034750157379435,0.957339984812203,0.8849085678731119,0.7971684891231482,0.6633579924287706,0.11624517079735328
27,8619,2.3195189889631225,0.8152204472077764,0.506942701674488,0.3945724267193182,0.37428458213685817,0.285423402524009,0.1552552213121763
270,8619,1.0332305869870833,1.0424786821443641,0.9528623328733771,0.8750164311337355,0.7798182753547103,0.6663956179827428,0.11105590657652166
271,8620,1.0254381342544403,1.0348874900199625,0.9569432651419268,0.883224780738302,0.7930717528946244,0.6737320009562965,0.13246702385435666
272,8617,1.0337063064418506,1.0230924529806003,0.9574036115553064,0.8890860369067887,0.7985147736985835,0.6804208450278593,0.14849627061425344
273,8615,1.022644812064802,1.038775765349969,0.9542886795556362,0.8814340858915283,0.7995074821227313,0.6814450106750265,0.10082578807634586
274,8618,1.0546245622618469,1.0405047822069713,0.9538634115825907,0.8836841855722433,0.8033040147353874,0.6967903353113696,0.10705397336415444
275,8617,1.037074369522285,1.0287424096664795,0.9530377374582041,0.8829833834426426,0.8069636978198155,0.6995793732017663,0.09758152708364388
276,8618,1.0567800076731828,1.0289705901406037,0.9579780333373038,0.8911718704724161,0.8135133340898849,0.7000474759067784,0.09057166253059293
277,8617,1.0736857185083424,1.0411816425712128,0.9559282897781564,0.8867819045346086,0.8067930223178025,0.6910569759242265,0.10109629408159777
278,8617,1.1842091583340737,0.9656949934341275,0.8999030694936855,0.773043518789168,0.6655356608518379,0.5675972017158736,-0.03935907712947885
279,8617,1.072520437494569,1.022315831205617,0.9592532980068885,0.8928192591515975,0.8149626404042501,0.6987465736786262,0.09730699567874602
28,8634,0.3684288648350299,0.461232563559889,0.010786184986962917,-0.04218277202323759,0.412717571012211,0.4103772992584447,0.3471006851927582
280,8615,1.2040137640610398,0.9728897706251773,0.9024249178819306,0.7712614067402125,0.669045401109106,0.5898560601578255,-0.041619310912980385
281,8614,1.0760504266685018,1.0499974906104779,0.9560490435166878,0.8882120464841108,0.812285823674987,0.7021208246615003,0.10608917307733287
282,8615,1.2447518320729192,0.9836971275519469,0.8987723825003084,0.765172324885114,0.6498446822886526,0.5750133077189824,-0.032103482172095694
283,8619,1.077790524029551,1.0424769623077346,0.9560040644915313,0.8930474797653759,0.8224859964647432,0.7144958318823431,0.1396130687581279
284,8612,1.2582009844991688,0.9896669850355935,0.8983327884328524,0.7713641719984141,0.6526502848919099,0.5758887506587161,-0.023124797418923853
285,8619,1.0999943962778829,1.0390347309663333,0.9515140429792177,0.8859536128782877,0.807367876806413,0.6937437207448683,0.1067367281186518
286,8612,1.2466010637879186,0.9691467034389991,0.8995001004333146,0.7715735926697348,0.6582642925704673,0.5744831029839401,-0.023255429033403992
287,8615,1.103500811080872,1.0172662891127837,0.9540728670638358,0.8855900909848654,0.8011133158001426,0.6967765195214457,0.09824484996546816
288,8616,1.2197564810558972,0.9715088505731307,0.910397907322984,0.7896937931004246,0.6780732430956078,0.5929923112374802,-0.01539675155998998
289,8611,1.1107642491135337,1.024885521523456,0.9560512045265543,0.8852881231330384,0.8007634659136774,0.7003335257749491,0.116504198502774
29,8637,5.735787384781106,0.42144860116132177,-0.021778441528288704,0.009524667513933166,0.11973266158492152,0.11352679680959345,0.13365087472287945
290,8616,1.2191193914912204,0.9552711239112165,0.911187600841015,0.7909652790531083,0.66472631417906,0.5860394314346673,-0.01881177656000861
291,8615,1.122995483147609,1.0420860958664755,0.9605596351647029,0.8956684624589206,0.8198316956395413,0.7167725524786338,0.09958681679365083
292,8617,2.3712830456442022,0.9225122238401858,0.8935707584504318,0.7817712400583081,0.6859084419748094,0.5936499127783288,0.15938160440668744
293,8618,2.320884932479887,0.9311621789432271,0.9132271808252443,0.8093128536112784,0.7376049231048039,0.6425144611143719,0.15317677457202722
294,8619,2.5039623976435625,0.9044802296984099,0.8998268872438608,0.7860412697844068,0.6832610886325825,0.5644265442043482,0.1553126128008202
295,8619,2.8339902404863024,0.8206322424572801,0.9644436698286805,0.9030173437141142,0.8732882644131655,0.7913680479023043,0.26054233323845655
296,8615,0.7446243467881107,0.7014711265314287,0.18247501600594676,0.12368238176879183,0.12364706613802749,0.39786093478221235,0.3457642018530197
297,8614,0.9718257127278098,0.6488539912343272,0.21584787051598955,0.20745972693257705,0.10514623398694273,0.09478878348905628,0.05364722698464121
298,8614,0.4056869904953789,1.0516241099631933,0.9013199299505686,0.8619036537419696,0.8256584049105636,0.7486976844915612,-0.01596820384748979
299,8616,0.404151974245172,0.8915444707088496,0.2150877636149189,0.1408848076390406,0.17617123492995548,0.12338372607934918,0.10011668176143539
3,8634,0.156835480923653,0.8964976551051373,0.7544110529596978,0.8351258427871038,0.7554549327241523,0.5997960087954988,0.11917539423201463
30,8635,40.966109516548364,0.4625088690707768,0.21381736898749973,-0.0005963523116934756,-0.0005967675093244975,-0.0005975996414402239,-0.0006165122531810367
300,8617,0.5810409475661394,0.8480013145992409,0.5427235765826586,0.5258969920330961,0.508453900857972,0.47499816458408073,0.2500248743321161
301,8613,0.7696236533215755,0.750811992825797,0.30524969205922703,0.3028243041830892,0.324722795412856,0.31334932446167313,0.36352984956021267
302,8615,0.5509295780296297,0.854164749469337,0.5436443213568285,0.5373993458117723,0.5379082378885258,0.51177529518483,0.4729054211221794
303,2070,8.440091704958386,0.5372396135090816,0.01759805245007209,0.010065367222675084,0.02456001162214047,0.011458253940014327,-0.0015071858584463575
304,2070,5.20420507385074,0.654189191093827,0.016172145146834887,0.004216018234546468,0.01248732907223408,0.002299527666545279,-0.0032610799104831026
305,8611,0.042518460612810734,0.9736158347511157,0.8308351529710177,0.8169310327874821,0.8106377977039986,0.7766296284348781,0.38306685892155723
306,8613,1.0904191836534458,0.9038133312170074,0.7147120061675718,0.58073958693551,0.5687315071286666,0.5520590571107183,0.32494967699675686
307,8613,1.0435545742632664,0.9751544417320562,0.8522058134597907,0.8011062042569965,0.746488039347805,0.643623701123945,0.1664818360827694
308,2070,3.6901009858666343,0.7400742434999913,0.051454927782076526,0.19209310557859788,0.5804973132407567,0.04193067428160386,-0.009313790255793281
309,2068,1.691198580718073,0.8549431336227642,0.03779902821507263,0.18953795322815623,0.5363349862846957,0.08389740336603431,0.04737851560454136
31,8617,0.5511886430841442,0.8646738016153739,0.6040059806403835,0.5679061979575148,0.5873931660904141,0.5593185594031415,0.3568614303137373
310,2070,3.5901629062685396,0.5463319532315664,0.09994996546808833,0.36076756911945246,0.262519866632964,0.23843526297841805,0.17529055697830617
311,8617,0.8602364237879827,0.9052167589949238,0.8527748575221203,0.8357354826796545,0.8217846730941082,0.7875932502922226,0.5450309709284484
313,5774,7.644395623617202,0.6370921795104172,0.7819546238204604,0.47707698800163506,0.1504902581499692,0.17547368927995194,0.0003048632303208602
314,199,1.004896396342526,0.8034812000143985,0.8792994201168741,0.7455577408631074,0.5600769834541137,0.1400329249929158,
315,8617,0.4706020729804869,0.9730445136626713,0.5907343981059114,0.5715709105273956,0.5489326901873662,0.5704999960032211,0.17737810566143802
317,8635,0.2509593394000363,0.5301505783006181,0.09147347909309535,0.0721913235337846,0.05381006594655217,0.034893668454355986,-0.003917248828226514
318,5705,2.0243519641522063,0.8794273743705362,0.9126628032534546,0.7721985102996504,0.6010383114128223,0.34916940593286655,0.17734536870786996
319,8619,1.89044372602659,0.9940152191685876,0.9571744294654319,0.9109162854640706,0.8690883755643903,0.8033784119307503,0.10596718006119481
32,8616,1.664124819791327,0.7918258914284539,0.3487119515671058,0.19630530521085537,0.1702376622527498,0.16744607658738894,0.19995288215407195
320,8635,1.100295706619962,0.8178963844687291,0.6461487882229409,0.38364522082147073,0.21554710677484998,0.13477398910492477,0.08866949953084668
321,8636,1.4918988943128257,0.9693257428995978,0.8423761042491146,0.7239680453262486,0.623720623839563,0.37707868761428426,0.7869069808998262
322,8632,1.4174708907540248,1.078967769640109,0.9292308868085585,0.8583937778319095,0.769180675642929,0.607416372648863,0.2504819423024712
323,8635,0.10285132706144678,0.8232360131155805,0.537017877196701,0.5026032499213178,0.49133973454133145,0.49228123734155826,0.29164388071869923
324,8635,1.7984757927503665,0.7230384290599713,0.8517021307358605,0.6277009158436032,0.3383313633784124,0.20403237263665697,0.031566857284845436
325,8635,0.28022229643707597,0.7091025873811064,0.05669633315298655,0.06173098315128861,0.11416476000121685,0.06918824963549179,0.6624592820266069
326,8637,0.3834465406154677,0.9310871275994443,0.9473238874140733,0.9415292881478524,0.9383737308168298,0.9293853763771697,0.7628163450806309
327,8636,0.20083893587009313,0.7198163982875911,0.32679121404615674,0.35437407145666106,0.3732444272110183,0.3512516130957815,0.5722960581314294
328,8636,0.22857670442089367,0.6150030045306989,-0.028792130357048865,0.05098617705289124,0.07075949975326899,0.0354144351886325,0.6529476248698982
329,8614,1.2730106602343205,0.95076177874951,0.9788220574842542,0.9724042070499446,0.9588460988288062,0.9324464901605809,0.829965529216178
33,8616,0.46688039472561843,0.6369263493605181,0.1310184547821482,0.1174864883973064,0.2018246727017054,0.17033374044650643,0.37341560811381996
330,8632,0.3088991793075263,0.8188282438452696,0.31674041508304984,0.42697333045855373,0.49672886319941073,0.3314963514674391,0.5833201069377065
331,5766,2.1631179838820915,0.9441206411699985,0.9294953195286223,0.788870917213486,0.5964695369072149,0.3237405494689325,0.17694794259777047
332,8636,0.3253403575487098,1.0181932389772328,0.9915451128475793,0.9864616586703645,0.9808514322750344,0.9701315717991456,0.7983231227848229
333,8636,19.897141680724427,0.4940468491327116,-0.0025267934963544444,0.020982285126476784,-0.002529730863705849,-0.0025332647318085117,0.0028726071998160228
334,8614,0.21881877077849216,0.6958560822271603,0.8177439499373692,0.8103072257002913,0.8127993579348757,0.8052409950388432,0.677204958137531
335,8617,0.10433519402765683,0.8556840849975124,0.7148304905496619,0.6899861218641036,0.68335770142517,0.6667271064281173,0.502096030130221
336,4021,8.257619726231292,0.6703110646185639,0.00450261967794816,0.0042255651969359456,0.02156334184143758,0.024021892714682924,-0.023345347298699942
337,8615,1.314416367409236,0.9233806411206082,0.7403959236323298,0.6689509979532325,0.6276504570608292,0.5666759295670856,0.3831353546662028
338,6596,2.688695256675109,0.5530408458224496,0.837998389296041,0.5189256795720604,0.363119481632662,0.21088014045341694,0.23118840419694411
339,8613,0.3694485120263995,0.6033366682896231,0.07171170316254459,0.056795038309584926,0.05297745008181723,0.064065765007968,0.5168799145415283
34,8612,1.144770925508841,0.8773564306442991,0.8334811536860961,0.7807560187414309,0.7325691562793086,0.6518950064542254,0.222188669141231
340,8618,0.328553621524276,1.0786125674507463,0.7942155789156181,0.7330400342245742,0.6858871917518856,0.5724817525778377,0.6049850769327133
341,8613,1.5579787547712416,0.7716489178556573,0.6225840117359179,0.33618712713878457,0.31047753770745234,0.2020655875512798,0.36899728711547874
342,8615,2.8753217562201727,0.6789970140523811,0.7970720610312694,0.5956105569164892,0.30376248720298166,0.292113708527144,0.25404985876277475
343,8615,0.5722274472182025,0.6174013093221585,0.2023498662028961,0.0959648466751408,0.14611315633407154,0.11929754112477772,0.4212733685137954
344,8618,0.27240225437136284,0.8719269623449842,0.817443575705915,0.7534777912577059,0.731912100469635,0.6839276874420541,0.562238441443046
345,8615,0.2513674180760425,0.662234826778151,0.3007276030868444,0.2778488387757982,0.3394056765388389,0.36756550643072516,0.5454166590509762
346,8616,0.1472475208732355,0.9478518727484914,0.2285352104412459,0.36968522873801135,0.2269565784344857,0.36442422145597325,0.08669994788047498
347,8635,10.00271744089015,0.67411377563436,-0.002773088555568322,-0.005336871410141524,-0.004871760208752696,-0.0019707237273920916,0.8777833969684556
348,8617,1.1279860112957312,0.8915295872490441,0.8890750043018141,0.8452159357970598,0.7929633603704904,0.6924333374430365,0.033735376046455115
349,8615,0.40545598022049245,0.8030537330810543,0.33821839666381004,0.17152537660763667,0.20209094306971576,0.15869946867212195,0.2523353196761442
35,8616,0.20385974147491878,0.641161051828036,0.8106579568529572,0.6530918113203384,0.4724084348900515,0.2863631950478577,-0.02334066431426596
350,8618,0.9066633073140112,0.8091276621349801,0.7500446100306355,0.6576646183547581,0.6231537818974824,0.5252052097269964,0.18494928431663624
351,8616,0.29146054904144375,0.5826286807434361,0.04861989446079762,0.04053179652070961,0.13923160055801057,0.14044086117834934,0.3062432218209945
352,8616,0.7285605800960464,0.7688675998401819,0.9069180210128139,0.7980069091969378,0.7452249827172682,0.6584052675195904,0.06868361275638958
353,8635,92.9247006990068,0.45850359636742555,-0.00011584800741427097,-0.00011590171534538751,-0.00011598237067965617,-0.0001161440185830433,-0.00011981787682722245
354,8634,1.227358508019851,0.30136687662300576,0.004774696799127592,-0.011085551669398546,-0.021337571403327368,0.5041615710141435,0.3315566217475616
355,23686,5.198617453424649,0.9291477938098737,0.7641174145549251,0.7448360971928158,0.7447339810499676,0.749332868973124,0.6218720643801185
356,8613,2.8158909640990157,0.7047714566994467,0.04518279480430574,0.024466270180112916,0.1885634705717202,0.02309216776262808,0.0025003637881910556
357,8621,1.3341315115216676,0.9036159890803304,0.8620143709514019,0.7558063372215758,0.601965894092931,0.5358513301472708,0.03342160805276256
358,8635,5.2663327003596105,0.5083613152869182,0.024565194977902775,0.018796732696880137,0.005768101978306791,3.962224441694084e-06,0.13734394513723738
359,23688,4.528276848465865,1.2405438286913304,0.9982341026165531,0.9961902152551086,0.9939069216196508,0.9881762223948835,0.8560515954168109
36,8620,0.02557506644212083,0.38408101631166197,-0.05555374021801833,-0.02972760254441803,-0.02323916958951543,0.017440827461503213,-0.006659963619927991
360,8633,0.4942036402208379,0.5551024955063392,0.9807325514173593,0.9655826310034938,0.9454644641401193,0.9083032332844084,0.37769724966391505
361,9330,0.37372644971306707,1.3984623599720853,0.993308643849075,0.9903092401618864,0.9866813122731486,0.9782000317650841,0.8251456809763174
362,8616,0.1892169500664812,0.7859485701268298,0.6179148290169977,0.5321044275432616,0.46960985502110136,0.4395956320349929,0.25312048235532714
363,8615,0.32228060144045684,0.8251710006326095,0.7710619882910988,0.7274442546471476,0.6998811782510805,0.6622605889118628,0.2457317148612713
364,20255,41.49239261273493,0.49770375164362873,-0.0005809348017192212,-0.0005810496266199263,-0.0005812219491053497,-0.0005598829965286013,0.10446791556253984
365,12745,,,,,,,
366,8620,0.8049378910632317,0.8329254268392567,0.37862977748177595,0.22915658600071806,0.1811563096249668,0.12834205362244697,0.06866205785866912
367,8616,2.137127815172962,0.7665411177407038,0.9216884001097525,0.864065432842923,0.817862546029673,0.76858427236787,-0.0033199158767004914
368,8616,0.31372203543720084,0.8820549411427467,0.3867069689422072,0.3444636493924552,0.4460605573685968,0.42437058472519795,0.4133077371132428
369,8613,1.8814268235938694,0.9497688792639462,0.9037233214815706,0.8088571497479307,0.6923388261393174,0.5330900685268383,0.3629726601276375
37,8637,4.558851051793625,0.6359012019954345,0.06749862143385174,0.02209255875902512,0.03245289622983166,0.02806331066991648,0.022486238541258675
370,8611,0.9689106262400372,0.8044413240259898,0.716187496359337,0.2464792322289944,0.010628690405841848,0.018939379575174557,0.23932799605627814
371,8612,2.1124530020890186,0.8992314370331653,0.9057901892961312,0.8440849717610795,0.7691991495201513,0.672324470699256,-0.06815618906379492
372,8614,0.25638327694810614,0.8014880766620374,0.28442981960296226,0.2487158275576552,0.2785015729035591,0.3071948970049711,0.4548549609779384
373,8615,0.30624456299246977,0.8318717805569579,0.2630332497542072,0.2155920515524314,0.2542061239739617,0.2790171186198034,0.3171460145854937
374,8616,0.3048655666496829,0.7963524656385426,0.13390042601129545,0.08748324855628319,0.12675534370771946,0.16335477677095775,0.3646250891583767
375,8616,0.3756825532983759,0.8266808513210253,0.44018489076847367,0.3795057144976329,0.3868295052097349,0.3874992442335696,0.3423260651498487
376,8618,0.3500621235653607,0.8634386619296747,0.4242593608310514,0.3614341837415124,0.3817065685562333,0.3770460873135551,0.32111908179582643
377,8617,0.3453474762759688,0.8014600321584342,0.3167685732647601,0.2674678397105536,0.29360306463438807,0.31715103706801745,0.31016896716282866
378,8620,0.35422517510870444,0.8373412753232381,0.2738701371285074,0.2305356066613636,0.2217557824880242,0.24234363812113513,0.3122761400470847
379,8614,0.3078906806653002,0.8678796805943105,0.2761040649789083,0.2660400940526407,0.29411923140298124,0.2670580502477021,0.25341132805260214
38,8634,4.047326681164606,0.5487377676138142,0.021175505639092915,-0.003457084047799045,0.045864558774360166,0.05166785775666937,0.10012376776636933
380,8615,0.35304481940181925,0.8975250770538408,0.34144913845845665,0.3187538106971236,0.3279125076415238,0.30795866626897667,0.27924123451054367
381,8612,0.24903976983560566,0.6176953470726045,0.7154560968853219,0.7117173251655466,0.7397953680218292,0.7509191221503169,0.6912509927088182
382,8612,0.34383704123237896,0.7315266549738946,0.12195020198086919,0.09858517003398844,0.13569098969011845,0.13546492400954352,0.36330939818793395
383,8612,0.31386034593556456,0.679844765925637,0.036554509681812494,0.016454345253475024,0.06700896933590482,0.06886241893907406,0.20145159266392054
384,8618,2.1390878519885796,0.9308118377784493,0.9407461082385925,0.8646228402933835,0.7628144629459923,0.67611560225469,0.051153519944145166
385,8615,0.10451975328456646,0.866078711227039,0.2876227450431016,0.23891008015526782,0.3197986878271114,0.28389343646411236,0.37367005438521966
386,8617,0.20284481639524019,0.8625569050616246,0.254615135631653,0.22940940764783155,0.3144741219796226,0.29732618779599346,0.3909063167865812
387,8636,0.4074498776481833,0.6741529539001517,0.5352077504887337,0.35678838507220956,0.2878482658019573,0.19209069847852317,0.33466162597862387
388,8636,0.7990653943341359,0.7626406126860569,0.8469182514746332,0.7953282032791134,0.7769932251241838,0.810650837352475,0.7217959031637902
389,8616,1.7083889719588372,0.9230173933605674,0.8284427088262232,0.5888063836743231,0.21528623393944288,0.061040782511774236,0.05029348163308332
39,8634,41.14861734201659,0.5265902732791727,0.00021154697268613274,0.007967295928994087,-0.00059148562262525,0.01896015046081952,-0.0005964011668950018
390,8635,65.703880723207,0.47976651331397135,0.4998841385702511,-0.00023183030022022713,-0.00023199164830066822,-0.00023231501916599542,
391,8617,3.765259713614531,0.9989235693196648,0.9420442091140361,0.8930991340824354,0.8111918060502481,0.7776205170725177,-0.020631359459065465
392,8616,3.4158166433524726,0.9926387495534259,0.9388605447522098,0.8876053220920006,0.801958013420112,0.7699453148709104,-0.024616980810057712
393,8617,0.2898327909864397,0.7946713976617067,0.10799377021507482,0.15839860633457276,0.1528154106854706,0.14047424562959587,0.04989689102626254
394,8616,0.4482089490149214,0.7292723249963127,0.10332052508947687,0.14602588135561148,0.12908002313030628,0.13970417087820255,0.09348284464100519
395,8615,0.32891771517978,0.8445209135556261,0.12953323539990344,0.1667384760184997,0.15928764241367865,0.15914832125735967,0.07986941333908282
396,8616,0.25602601200457664,0.7560145106560625,0.06988750477826024,0.08697834408918656,0.10081408074610197,0.10148844960544852,0.026491957199871644
397,8616,0.316366025848764,0.741304639195376,0.051585771394232934,0.09260859900759494,0.08009546104886961,0.07806672607282181,0.019898280076570896
398,8613,0.20196402755337017,0.7646687115909659,0.11342882662856418,0.15172642255658317,0.14978196490432538,0.13669893966102903,0.029100532638581145
399,8613,0.32249459757670806,0.7511141806456504,0.26586333523613054,0.2841365530294707,0.3004723733663303,0.3140153714343453,0.24960837343583064
4,16139,18.489763128610573,0.8252277937288695,0.8847362494771092,0.66167948476635,0.5419643605482369,0.12387192593304344,-0.0008329019681907982
40,8616,5.938194673877719,0.9377536428039701,0.8278926037305596,0.49854009524328974,0.09218119985289315,-0.013513099111445404,0.7474495913204193
400,8615,0.32992344647632676,0.866022023470224,0.5193747656726644,0.5198321555348737,0.5304639195428865,0.521921343598503,0.38395389830384785
401,8612,0.23448538759648818,0.796245890410663,0.466451244318625,0.48155097183641127,0.4893043791426646,0.4812904959565703,0.37587406339127777
402,8617,0.35772489919101164,0.9007244175521083,0.08666137960267623,0.11942760915862125,0.13001281519353533,0.12643107625842184,0.04986835755175258
403,8612,0.23724785069584187,0.7866155005766917,0.08599456508537816,0.114513472527593,0.14845016743462544,0.12121863952481937,0.04562823241092396
404,8612,0.28189453537563247,0.8094152721767066,0.11156925262487842,0.15874190764679139,0.14586319606569162,0.1531108786913733,0.0778005209107222
405,8617,0.32155903509847655,0.878321509170062,0.13105416357589653,0.16525189744727556,0.15798309853966763,0.15292759088736982,0.07868426423618943
406,8615,0.37299412309341196,0.8083415367473306,0.16483262002324495,0.19839695283915582,0.20056353875113284,0.1982118411034538,0.13449013426780893
407,8612,0.2777640277754895,0.81112593629828,0.0782157212051496,0.11324982827197837,0.11865642462649918,0.10682668748049422,0.035660360599606665
408,8615,0.29384624882844873,0.7295301914323686,0.19635113194325998,0.22946955449453182,0.24120785060914143,0.2366517761805507,0.19057408256989766
409,8613,0.27338701957745254,0.7854390428514392,0.09719856702827002,0.12905634718397094,0.13159415775584207,0.12498619708878442,0.04737186651162459
41,3095,3.144391935672122,0.6819820297614565,0.06540818796504674,0.06937987768754546,0.06671410883109843,0.06051985786602754,-0.04830297544392958
410,8615,0.32657091739223,0.7643148269444283,0.10209083440050074,0.1360593884696662,0.13613633154820062,0.1287693961693563,0.07290083067535384
411,8616,0.3535844838378763,0.7539338914835574,0.050093549504685156,0.08892549419001677,0.08585540677486175,0.09044527301060956,0.033924669401918794
412,8617,0.3445279285145734,0.8468230186086955,0.10202856013116357,0.14090328349215697,0.14385359817386548,0.12840266611311277,0.05204579108437888
413,8615,0.291440127140773,0.7230001614321393,0.1557732153107492,0.1959395102626122,0.18859595770988302,0.1828316454376876,0.11649452861474177
414,8615,0.265838707040909,0.7534358905184979,0.07045134342228443,0.11351740131299888,0.11752201342647094,0.10951967182665602,0.03684988309188979
415,8616,0.2813167786148396,0.7665747380987675,0.34031148975818143,0.36204883475679767,0.36462711863655933,0.3641233817970911,0.3136978980898048
416,8616,0.21779486982820478,0.7395941938236136,0.07702781670572971,0.11685871856680395,0.11477518199997101,0.11558269742777272,0.05629935326213857
417,8613,0.2998359815633205,0.7435671065372705,0.05093288887697739,0.08981960750784146,0.09371939142235534,0.08718718389303026,0.035293000229486456
418,8614,0.3689526694765639,0.8172154180264467,0.19716359360301317,0.22131865080683488,0.22019181487997408,0.22064720893379722,0.09702507001745206
419,8614,0.421434806684265,0.7236170023790691,0.041276333771882084,0.07806349894351028,0.0722710414897418,0.06774371101992131,0.01623995403245172
42,8616,4.802650209589208,1.0289120304102428,0.8450379793687315,0.4915904397450033,-0.006028765618841869,-0.03621034493554819,0.6419677170283528
420,8616,0.31555026914775547,0.7383989365208257,0.2097708971826521,0.23849787453949794,0.2374865954634899,0.2294620578928685,0.14750491865481052
421,8616,0.34683498477905667,0.7488382215213043,0.03173227981351594,0.07406478807048392,0.07945699067509811,0.07350682565876793,0.01859814211791214
422,8619,1.0060784560169904,0.813126640296,0.5895529755830171,0.16598807439536342,0.02914495224148564,0.014906479500798993,0.030905197195582348
423,8615,1.1663246234128146,0.7745762639334564,0.5833763852706931,0.20108768679105046,0.006854996353373269,0.0045204855692559985,0.01953081765391149
424,8612,1.1084572665315855,0.8145832106390118,0.5872554932569101,0.18004457031193571,0.012041886724954825,0.006420056733816824,0.021548290777615376
425,8618,1.0935497291659646,0.8166406163905844,0.6010968700380082,0.1879186942753328,0.010244579939036755,0.0053848834169094245,0.022829711683401293
426,8617,1.1067798663513362,0.8272931173103365,0.5403133600344395,0.21082158396963932,0.014432986552963446,0.005531571704696901,0.02139663377535062
427,8617,1.1489699869339913,0.8565547720621205,0.5305743210685934,0.15254006533425254,0.024481878603959527,0.016281412916177584,0.030169045451440286
428,8618,1.2421282182799118,0.8229345336021712,0.5877672268524201,0.18315529865764432,0.02270999789967494,0.015504598312675541,0.023543424338564548
429,8618,1.2997596225707824,0.7997623711767807,0.6426827089447188,0.1996375200886079,0.010617687252881295,0.007850150285150992,0.013099457547240227
43,8632,1.2650214092335998,0.3795857557987993,0.3992901929764148,0.11552584324288612,-0.014716911368063761,0.00834583231714073,0.0799432044474512
430,8616,1.2425881475445177,0.790693397136498,0.6302214425183946,0.155624768300103,0.0028507914413495867,0.003260720522982224,0.01496593957904679
431,8616,1.149320383455714,0.7983557032946409,0.6154564350302342,0.1963895031421357,0.022753707828365603,0.017208662209001465,0.02971201214380061
432,8614,0.9998012609034096,0.7772999644505866,0.5677900279558176,0.19781969860308446,0.024077722067760834,0.016353703325105984,0.03174112249129568
433,8615,1.1004551030410092,0.8114626930142033,0.631660801377968,0.19003780022696617,0.017214582459812118,0.013417530392647556,0.02091945986420187
434,8618,1.0434635967788501,0.7866772522332782,0.5547182958804159,0.17855628288622538,0.01469361113693021,0.007673675100487892,0.02319889401666264
435,8619,1.107918852615838,0.8545830338766958,0.5200486532258756,0.21676573480155958,0.018746801079437752,0.011309656560658866,0.022321684905378662
436,8614,1.0967242784696254,0.7516975688362848,0.636552140612737,0.19937727248071557,0.020401186627380982,0.013696109448241803,0.024650172373189085
437,8614,1.1937578122079193,0.7481902379888,0.6251097492195222,0.1953957943159696,0.014021464755414863,0.00916937060632986,0.02103754445813739
438,8617,1.203057839541252,0.9024539095426746,0.6546342116140774,0.22334552937240074,0.02177491093634293,0.01707420189817945,0.020151882096038246
439,8614,1.0532984976902564,0.8766732650906462,0.6084037881889384,0.20341480244698074,0.033689440301284186,0.028021177015869043,0.026762393408820834
44,8634,0.1134674258772179,0.7391603415964144,0.712865497940311,0.6065227268464232,0.49621861847692644,0.33363694649403264,0.07842654957575966
440,8614,1.1920520654971776,0.880046995918446,0.6387930112873064,0.2046298399602511,0.03669730058521414,0.02429257413880291,0.02901097568072857
441,8616,1.064040157871325,0.8642321808977766,0.6386441549223173,0.1928865141761762,0.03874136117697671,0.022821455476253267,0.026466642776875948
442,8614,1.1210374694169105,0.9251832173151846,0.5957743587932531,0.16441952571088408,0.023235742532767088,0.015496569796806787,0.027012662821934055
443,8617,1.08897201497574,0.9144146704508653,0.6581793894086162,0.20923077695061165,0.04669220948517127,0.0396923462798192,0.034512751053362045
444,8618,1.0778167160253336,0.9345692366306626,0.585647131192178,0.14109003604210182,0.027966038160452088,0.017104262996553612,0.025968814062869865
445,8615,1.0415521829455139,0.9618482427341264,0.6001939548922066,0.15774596881797132,0.02999730958370373,0.017594185289968922,0.021756905902113613
446,8614,1.0360483374969267,0.9186217425857052,0.6004914680389304,0.18555781097658727,0.028855851935219137,0.025399634245531974,0.028542900570507252
447,8618,1.1137187465557887,0.9025531862462874,0.6125943467850574,0.19248470563384673,0.02883290071431064,0.023036823965941998,0.021107927094354165
448,8615,1.0485795260846686,0.9278070033517987,0.600936641003113,0.23161886610264,0.03582521126742359,0.03203817039076909,0.03002608917299948
449,8615,1.0376609507133985,0.8956039464260369,0.5738051979123285,0.20716823843317203,0.038663874925890594,0.025271892677004158,0.02538193202967287
45,8636,2.224996925163613,0.6369414040555675,0.15015077680557407,0.050867321740461505,0.07508101889206426,0.1659602617013906,0.5611093585647975
450,8614,1.0692246311427795,0.9233179516601953,0.6221880356332269,0.16017428538716322,0.03660893164107607,0.025602740004646674,0.031958186174682185
451,8615,0.953390889830825,0.800748358944203,0.592139887032128,0.20332742989341948,0.018068714094736926,0.004296461637222648,0.020904416207203822
452,8612,0.9333033815654074,0.7850895695243651,0.5725327576581719,0.19242647625117998,0.015031151466082991,0.00524728547569133,0.019381430929310092
453,8615,1.1197993046029744,0.7850002812465438,0.6829720493490901,0.16209138702802303,0.028498888798489982,0.014812848733743134,0.01194517764579667
454,8614,0.9679216199899018,0.7803114746220251,0.6117699020930014,0.1585751649880539,0.0148710280404961,0.002216182945976017,0.016952254581964574
455,8616,0.9766133944513673,0.80273242578207,0.5566960705880168,0.16111543995924432,0.013116478688777617,0.0033817413573598576,0.020058579443282692
456,8619,0.8577282536243536,0.7571477212572626,0.582625018612682,0.22822903679994608,0.026750198069299427,0.015521436632775852,0.02885698630183556
457,8612,0.9258285725033182,0.7916812245586689,0.5972763194409618,0.19642356772207084,0.013863933934839054,0.0014946182446083775,0.01641948465036937
458,8614,1.0723121253092065,0.779637398529583,0.6466525080833497,0.19673859973447153,0.028741497790016467,0.018173373485517362,0.022551481909469442
459,8618,1.1371108439792736,0.7983534962633705,0.6863516612554789,0.19458672783546369,0.015448594431625686,0.006565925107168195,0.01834499891755999
46,8637,0.45781920106532176,0.5290087762418574,0.028707802121110165,0.033457705840591774,0.026736689222687827,0.07854521217846099,0.7975737601903087
460,8616,0.8650033335046469,0.7656973332577943,0.5397675682744341,0.1681620134611094,0.03209869634917073,0.016059115472355015,0.03125304872462886
461,8619,0.8211579397551065,0.7605324300261189,0.5778815073244861,0.19229192996082364,0.01809354644047932,0.00601719617074741,0.027610635040115065
462,8619,1.0306602506386338,0.7568905787677496,0.5589688270197007,0.1843569101474766,0.016865100409632718,0.0036056188333428644,0.016261601314163057
463,8614,0.15961955574015083,0.9471981763285792,0.6862849287395324,0.6528794458706392,0.6398872253507617,0.5882865044144135,0.32088358316193316
464,8615,0.13997264741316037,0.967347714088269,0.6095485417926496,0.5912875184330244,0.6379271733395179,0.6057908961352858,0.5128655248760972
465,8618,0.13481496705358892,0.9387624879524497,0.5453214885921684,0.5151242231529878,0.579907254817116,0.5579646403754356,0.5476099035375329
466,8614,0.1254941384343381,0.9376783727594419,0.38495867608430795,0.36886761150351266,0.4471865733928171,0.4123660026759739,0.406449959689809
467,8612,0.11734579317477623,0.9346940007627431,0.47730949012872664,0.4409185014629634,0.5031030960572734,0.46582761589774585,0.4377746641215339
468,8612,0.137385489202296,0.9699087085028297,0.6562445252549193,0.6026748183883692,0.6110926813821989,0.5470113220040399,0.23062006626265905
469,8617,0.1449423725191997,0.9333480578490609,0.6579740739322684,0.6277605167911584,0.6653355721966066,0.635393242403193,0.5475114926757625
47,8633,0.5644605288362954,0.6492619099825598,0.7437655930773022,0.5601072983899614,0.4361737814585417,0.2404841569686481,0.20136197266819753
470,8614,0.11335787087494867,0.9072464281559318,0.4825644754818669,0.45794266207118123,0.5803883103796376,0.5488505917976392,0.5245017437056458
471,8619,0.11850836452258344,0.9466376031332825,0.48379335699575454,0.45045863869487074,0.5422539846253798,0.497070285426901,0.46733884202699777
472,8615,0.09348213456883271,0.8541473245182472,0.30051243624161317,0.25278249298177125,0.3534069015822394,0.32597524684372875,0.3978992063013304
473,8615,0.11700660337805291,0.9158234084742574,0.5123948532568424,0.47673550470514986,0.6066122196467526,0.5699533699774253,0.5033720968995034
474,8614,0.12089135234319578,0.9179124690198426,0.6154582791304217,0.583030582707307,0.6465936298543493,0.6158505622161464,0.5294713660200489
475,8618,0.09467181127057732,0.8835462140214989,0.3341445561602039,0.2757726931619549,0.38481045762516264,0.3465150255850414,0.4477817369860803
476,8618,0.11110526804288909,0.8955981802507056,0.4428219042688023,0.3310509019555128,0.4128465872332823,0.35355219539880745,0.3971105845191623
477,8618,0.10479219204781338,0.8856963759402449,0.3647267736921408,0.34003740544028116,0.4402139488053011,0.410284814478794,0.4674699071170554
478,8617,0.11851719435900254,0.9067078998031366,0.4651901852903148,0.4220107644598316,0.5012242731379052,0.456662089732141,0.3576190401329763
479,8619,0.10825324862075661,0.871064711368452,0.3381453771876846,0.3351006538785984,0.43640858975481145,0.40660072797416313,0.5401796308198116
48,8051,20.415750012371,0.4609096042618469,0.0029618284081955977,0.006511438626831924,-0.002403104304747828,-0.0024067054825762137,0.2320845359582176
480,8612,0.09174344769470151,0.8278477729610998,0.21918450748144047,0.21093164678110163,0.31016859445115724,0.2850244326264901,0.46434193464950707
481,8614,0.18645658602188336,0.9389501629835815,0.7395654590091254,0.7556463525624947,0.7754127185473687,0.7535160041748836,0.6718748928000062
482,8612,0.09299228856729472,0.8634853583571214,0.23128301750925456,0.29762744909171734,0.3322982715444206,0.3098806123548031,0.4828529215788955
483,8616,0.14269545364105454,0.954146647803259,0.6716710848270133,0.6589471398460052,0.6832361005471091,0.6567221953220161,0.5379970957616574
484,8619,0.12647600247936264,0.9046710667445195,0.29883131004647656,0.2798189447972604,0.37438036866249014,0.34527552607642514,0.43323281375174016
485,8613,0.12616294421682742,0.9205911068628512,0.571299941401681,0.5493498772801978,0.5881626170910922,0.5512835039110207,0.5294367771936203
486,8613,0.1338259765486003,0.8872438743284954,0.6207608291987937,0.582454405854319,0.617216363662445,0.5884840974783633,0.5403435791330828
487,8612,0.09349412482974434,0.9059080799525265,0.3575369736802954,0.31019512188137005,0.3701169305391955,0.34738245929863437,0.46397840400144447
488,8615,0.1418585679111021,0.913125116972844,0.6673551868821018,0.652726927458413,0.6855957235661078,0.6677028181321248,0.6698460852480702
489,8615,0.10944476689385275,0.8418927957322488,0.41316050845690666,0.405497286285358,0.5033128127405506,0.4887401661581044,0.53294831377287
49,8058,0.3028696016905515,0.884512585015091,0.9795654421455005,0.9758184588724007,0.97146654939415,0.9612780074153491,0.7489946038639184
490,8612,0.09624329406971968,0.8903755456375249,0.28917859809663576,0.2786182520433902,0.44022551040339986,0.40289484477271365,0.5322845711308621
491,8614,0.09764360543593434,0.8226376074725501,0.1825526517698611,0.2077368535656984,0.3250677816630573,0.30485707742354523,0.43586309159961273
492,8616,0.14327462185977705,0.8947758113965683,0.6497576622408525,0.6349072581155253,0.6895973891704684,0.6785617377013202,0.6806574969005981
493,8614,0.1273486848989684,0.8493699739329051,0.5302758464239642,0.4837458182018529,0.573299443684073,0.5545537106865257,0.38362842944616204
494,8612,0.09785335769304472,0.8797598392688968,0.2785854297158242,0.27716619881055427,0.3918699180760322,0.37571172180946605,0.47270188218816744
495,8616,0.12947475764705588,0.9470321549545047,0.5994189083631993,0.545071083015374,0.5438256165111448,0.4670096455494544,0.37176719884020076
496,8616,0.13110661235563978,0.9544846233415908,0.5904130447074488,0.5426122180358184,0.5822112450196081,0.5418452270647284,0.34614674191066047
497,8618,0.1919271822150092,0.9419031252365518,0.7589775215355544,0.717606339503947,0.7153749447022476,0.659859236833084,0.2840527762803352
498,8615,0.18842670204180256,0.9624147213765855,0.7109653960396213,0.6660692851822595,0.6751235011358622,0.6079955775716642,0.3527781211485678
499,8615,0.16687602523494993,0.9638151779188249,0.6671380608659466,0.642408934859445,0.6745479036346274,0.6403169915113989,0.5414044254325111
5,16140,18.451567146513153,0.781727913554077,0.8869749038339623,0.66671060479046,0.5431918979059599,0.12523024187334572,-0.0008431780503301106
50,8632,0.3014808355818795,0.5259047572180666,0.8382473937396347,0.8274929843410826,0.8242037242972649,0.8077601313663535,0.5124041612883519
500,8615,0.1628076856377708,0.9746253556297334,0.7004885165255573,0.6774361379977621,0.6491761973572009,0.5814482203183605,0.2756445274755042
501,8615,0.15892462659449064,0.9787670970954179,0.6443366410804281,0.6437863724211488,0.6092122059281666,0.5611872590468827,0.40429860608313306
502,8619,0.17488550470467404,0.9431766685186149,0.7532744904715445,0.730536273222477,0.7357878777910121,0.7148774883077996,0.6049425558942512
503,8615,0.168489077688481,0.983343012370637,0.7244575293846056,0.6887318163304157,0.6854920852220889,0.637702740336405,0.39404774659636593
504,8620,0.1644931524370682,0.9233231559642564,0.7483239873497237,0.7266182806022593,0.7429086788967525,0.7110796874329082,0.5215479837496225
505,8615,0.17799220944397817,0.9720100364945744,0.7223945705069078,0.6784406763944084,0.6704260491283485,0.5922770147005469,0.23849148944544865
506,8619,0.14012112484628778,0.9680839676899469,0.7050825911025829,0.6586560441805888,0.672144842470013,0.6352710680354532,0.4967755000246957
507,8615,0.1873681331899195,1.1153123416287998,0.7981007119149542,0.7723450607728164,0.76507357171104,0.7075177075472092,0.45016832809116336
508,8617,0.16919797787509833,0.9564668912541203,0.7192706226359734,0.6661478676493651,0.6683520715012587,0.5952831389143037,0.2481979756619319
509,8619,0.15841450039027685,0.93744382149646,0.7043728491385448,0.6733485644736836,0.7215366054001991,0.703039342700644,0.5367179918821352
51,8633,0.2967504289549617,0.45852993376158035,0.8283939001024212,0.8231554552657023,0.817175770880517,0.8142167771003119,0.563272867811209
510,8612,0.14043949290929877,0.9457915613811299,0.6096843498418996,0.5723358001302647,0.6098708854353508,0.5576994242687118,0.4469160057786728
511,8619,0.23142855415775596,0.9542950126426453,0.8681630791606098,0.8354685633449412,0.8301314775694603,0.8081207072619636,0.5876568864051647
512,8617,0.1513806762310361,0.949055045757992,0.638273768232241,0.5993736797348522,0.6259261654200416,0.5989290987012713,0.42593350139000724
513,8610,0.1848809038408915,0.9357950594887721,0.7212030660818838,0.6920089080596364,0.7368861284341623,0.6927799895615343,0.4073381683317837
514,8616,0.18811264915353304,0.9496844358481935,0.7742808914141109,0.7489320652748531,0.7610933334301827,0.7295644243623948,0.6097247602471234
515,8616,0.1724157519963096,0.972429769068012,0.7658823881474488,0.7206611758492381,0.7120183129352577,0.6569357632172721,0.4478272435749749
516,8616,0.20858842272492512,0.9849267772477344,0.8151348489750477,0.7643706464458455,0.7537148531473161,0.7203972734107297,0.5688843572219585
517,8618,0.21328077853560373,0.9881421835512513,0.8196363263213803,0.7855463699287609,0.7774264089869659,0.7395165419503701,0.4532953719936107
518,8619,0.19617102814581341,0.9493527902020589,0.7802396077589421,0.7546642428538302,0.7623945529964098,0.7405252658881475,0.6348178729552011
519,8616,0.17450855570484566,0.9904761398374042,0.7196916420551115,0.6862987968718557,0.6984059247786868,0.6283036283415356,0.3466360852493708
52,8054,0.2888579053071328,0.560186878788852,0.9610548526205305,0.958263200032226,0.9513912615317551,0.9407477158483797,0.6775552829552692
520,8620,0.2084504831958798,1.0330278952200342,0.8068937832459224,0.7800877000853192,0.7804568789974705,0.7297573754600142,0.43091693633733547
521,8619,0.17076761207421967,1.0057809815534065,0.7599748520276639,0.7489047712053123,0.7013680792444692,0.6459723457225246,0.29639144869493683
522,8618,0.19909901650663775,1.0139703935965314,0.7857371373998467,0.7764589053431842,0.7521205701392315,0.693278230522042,0.3424868035474312
523,8616,0.21508945154139852,1.0320038971587238,0.8502625040549725,0.8142385720293704,0.7848870132785913,0.739033646514683,0.4208559352473337
524,8618,0.20082299741675302,0.9879325996774179,0.8015112987461884,0.761637165499861,0.7422599731949666,0.6902860966970401,0.4125714618762283
525,8619,0.1374967079773686,0.9559443444028018,0.6507858462112546,0.5957999956646117,0.602080537439965,0.5486450646656674,0.4465486580601005
526,8615,0.19345602142187468,0.982033269529095,0.7839780504858782,0.7326867850593133,0.7402867703770927,0.6985288912639975,0.30528015728547764
527,8616,1.0617149672128776,0.9286957865357843,0.3787205787058934,0.32877569090342007,0.18076730831170104,0.25757601142095987,0.08715843791074888
528,8613,0.17666288570281208,0.884726349621829,0.6842584772226904,0.6477093906723452,0.760145233970689,0.7426510377650353,0.6795683380258857
529,8612,0.15877134910818594,0.8959817781140462,0.5031244553748148,0.47642037171280294,0.5728388834101179,0.5308364436752399,0.5273246453128005
53,4025,6.000205749674769,0.7137993961911359,0.8198959828871333,0.6846213462209146,0.38748587448563104,0.033063962137771914,0.004285944094388824
530,8615,0.13147653598090053,0.8556535097167792,0.24380523984527777,0.20183005958202935,0.3019592330698082,0.2716567576237439,0.29883301796236067
531,8618,0.17285178712556984,0.7891782380394038,0.2931637119728384,0.22899909239543514,0.26207717286268656,0.20760000836878925,0.19842684929343554
532,8612,0.10874216496887426,0.9092071920350344,0.5417095342885031,0.5039722177154765,0.5527605505923057,0.512972812038106,0.4773469521186458
533,8631,6.155449868446245,0.6223537850378971,0.6202218431583437,0.458990105557158,0.3299844605921515,0.1248577919369527,0.03733711165668116
534,8634,1.28534531982095,1.1055550056735988,0.894877075763992,0.845667050809766,0.7842513922234944,0.6601519586012506,0.5803804176314776
535,8631,0.35732970102552775,0.48453611868525925,-0.0019612043192020873,0.006535582662935122,0.0006191896041423907,0.0009982462085432358,0.5720734038878734
536,8319,5.100281088539004,0.7972030333770386,0.9966235286867531,0.9898409471634156,0.9795914362725765,0.9588094110199308,0.25020114402125015
537,12095,0.9265514561353784,0.9493242209638861,0.9223480036953758,0.899393353571258,0.8964840454158572,0.8929098124167398,0.8430977209101393
538,8611,1.204915131633628,0.9602147221994237,0.8142617877037598,0.7455482478074145,0.6766340438974867,0.5771931400440817,0.19004934326301456
539,8632,0.7159338605103812,0.695021748425939,0.29996412917197207,0.28724593000836607,0.28101917508064345,0.2302599667485917,0.03342456576966933
54,8635,0.5662386289745606,0.577216201193847,0.05974868440796527,0.031649957598116875,0.05727655087851046,0.06740466211394666,0.09257640202770362
540,8635,0.7508120840945514,0.8530938847309533,0.35356065677237913,0.2614394628528516,0.23640167297224102,0.18301644168656325,0.13359724282319183
541,8615,0.6547981930735373,1.0019131486547876,0.9636490739479592,0.9198742116801965,0.8731389924423527,0.7974778993690951,0.26680940834153966
542,20267,2.5410508225176955,1.1154756633398755,0.990086393467896,0.9874981148434554,0.9831379132604092,0.9765780863672471,0.8921521294412765
543,23685,4.52636398025669,1.1066858671546496,0.99782355893906,0.9958741613357625,0.9931797958383871,0.9879568581972151,0.8495022492728133
544,8614,12.726386273959765,0.49887745503726644,-0.006176489216057687,-0.006179377067392202,0.024355510263165413,0.0017852562815708873,0.014176107208011386
545,8617,3.019104553761524,0.8151910455760576,0.10292767746481918,0.04574863170140974,0.03455401421382902,0.022669987058837417,0.01723412664004061
546,8614,0.3950883529085084,0.8764129365044582,0.2841585450728737,0.12739822741555257,0.6855230323396205,0.6621718348857871,0.5041856345476909
547,8610,1.2731034817787172,0.8489314626977024,0.7877586094046395,0.7269058458663842,0.6941504350761912,0.6272790921359859,0.33626733164843087
548,8613,1.8825548432629882,0.8270493671346897,0.6224923915266116,0.5551418835684994,0.4771636680523063,0.36811976192891704,0.024858234605497583
549,8615,1.8334978545456255,0.8970364908948703,0.5872868830925282,0.5116647529437586,0.4612073455810607,0.3523425440026334,-0.05867732860737557
55,8632,1.1048360395385803,0.6562058949114444,0.9799083753756371,0.9693046027287163,0.9685031004192927,0.9674873671194483,0.9373292336702784
550,8616,1.7200235398491321,0.839170303948662,0.6197126050281239,0.5081058897143641,0.4630290055955992,0.4124777945125412,-0.05172614010893929
551,8614,0.10415659126580294,1.0711855768997902,0.8191287564382554,0.7139906018992139,0.5811997399678959,0.467527669316906,0.3462336152384822
552,572,10.744758954346667,0.48813141627210516,0.29319545569208366,-0.008769727786096245,-0.008864522077864704,-0.009060394445991382,
553,650,7.320548065542351,0.3582865626791949,0.12039111608016494,0.36151126135456385,-0.004561181869061233,-0.008837684882722128,0.09715803519806265
554,8636,2.8407852188694642,0.8097213042739873,0.8264487592297681,0.6285395123417893,0.5382346988480958,0.4537651770699937,0.26635813437771794
555,8616,0.4658772886765922,1.107320077549129,0.7632401530709987,0.7090362315667748,0.6481180883346859,0.5457902085835594,0.3632138336599517
556,8636,1.297908427878699,0.7715205001131024,0.7786021480095457,0.5162478436231103,0.3913262804590905,0.3262381400837683,0.26773836448144206
557,1924,9.569759118167262,0.6110496861001188,0.015543138788911434,-0.0015459320290973039,-0.00203615730569743,0.005176415599606231,-0.015307257081435035
558,8617,0.33434389064746717,0.7268986534749781,0.6236475466619956,0.5517650640003313,0.6847980823894776,0.606619763882928,0.04531202443135902
559,8619,0.08654198117808386,0.606539132381813,0.5165226454705338,0.1361941976298649,0.017438472807138523,0.012344842213535236,0.0038131612163812747
56,8633,0.19797932770006862,0.6078615674908543,0.13985410347655683,0.02491838033519594,0.09815946643824355,0.10046964688704252,0.16156858750182435
560,8634,16.204178100401094,0.4961775459941705,0.44118898533993395,0.09601810878479566,0.08309130387389092,0.004499674036874899,0.07237008423207535
561,20680,2.7199602987350415,1.0493169545433374,0.9982998854168043,0.9964871619795062,0.994170172752239,0.9893928757432439,0.925807866403751
562,8637,0.46710544179407454,0.6542261475279217,0.6260338683956157,0.35651749901454366,0.04486222005394657,0.02849011291228308,0.03326296379104928
563,8616,4.569208370772408,0.6334700101979883,0.27902730972565415,0.21768600032769664,0.18699131137763533,0.14913164650996993,0.07605578447600196
564,8618,4.45290386803812,0.7585562559384007,0.9257128633782199,0.8786649359177182,0.8279908847919074,0.727693977837075,0.08679669376759692
565,8613,2.3548481197889095,0.7807356182517603,0.947147241909969,0.9082216125392873,0.8757469428823043,0.8159896033572237,0.287693999752445
566,8614,3.449772520665269,0.8537807432451034,0.8481396326045946,0.7784095734876602,0.7057867638981384,0.6491716165269046,0.018215100689509843
567,8613,3.394427478547357,0.668621302244226,0.824107228426381,0.7319899644367149,0.6322026918740709,0.49569700133097483,0.2554970214751945
568,8616,2.789647590727515,0.7568238044205082,0.7718637980805271,0.6737818194214316,0.5888814298258471,0.4332078574649982,0.1000086282489769
569,8617,12.378397546826207,0.558809329081007,0.7999889613395539,0.6672450931293791,0.49745910926032827,0.14564634035740218,-0.0061136908776684975
57,8616,0.3173129959231378,0.9225314786741268,0.9325150577825632,0.919219782174592,0.911940733336359,0.892968470457061,0.687014479689012
570,8613,9.075575907869226,0.7077397896890774,0.6620583245696022,0.22950435692549775,0.20455769554767303,0.1581741573067712,-0.008421734595542072
571,8612,12.659480469788644,0.5630792186127717,0.8051570962567575,0.6732853043481941,0.49620853454995806,0.1378288388633553,-0.005620536586855482
572,8618,12.597042318197245,0.5818898660891485,0.7991169311977858,0.6700978755110191,0.4865033952690821,0.13827774907141577,-0.005842337938829789
573,8613,12.342393738634517,0.5799351214057814,0.8134690997012556,0.6800231730695011,0.5066864212436771,0.1452809402624121,-0.005009007487549056
574,8636,0.3447152438428473,0.9580783477620043,0.7356750508735028,0.7182197758935691,0.6951538805599804,0.6631207983277861,0.27629268176480165
575,8637,19.147513129500343,0.5334182797206067,0.0606910777971181,0.016118387040068606,0.02725187671028932,0.016704517010943613,0.001371976678128513
577,8618,5.440300087813679,0.7304457350062391,-0.004389784311115833,0.09326652581647998,0.0854801399854563,0.07702616607106796,0.15734809691239565
578,8618,11.710821422407788,0.5229975032804922,0.016277502528828452,0.0027831136364946853,-0.006377929474434071,-0.005910201006583854,0.09351356897676248
579,8616,0.3332500322096138,0.8928590999782366,0.9779567083055314,0.955730369075199,0.9254890011325286,0.9089709578347704,0.4096716592443426
58,8614,0.41375994470766464,0.9451156048601687,0.05965518320890893,0.00038241414185758045,0.0031279652684730133,-0.005398938106209786,0.011142683373823955
580,8619,0.3912614371218812,0.8902541028294113,0.532664322806617,0.46685907372041224,0.44300565415551496,0.39755744888914135,0.04288892785281641
581,8614,13.547816300424067,0.36056403084120553,-0.004211788262747802,-0.0036780059303782526,-0.002853567030868329,0.0004886312508464843,0.10333716020843793
582,8618,1.803436835158314,0.9089791503125553,0.3169282085901512,0.27602895797403443,0.19051054943984333,0.18101433957058244,0.09443732974599965
583,8615,1.0930501419906085,0.9163488025386358,0.39023929312265515,0.36113491970554396,0.30974850985962915,0.2191454249263598,0.13678449555788966
584,8617,0.46541609168013864,0.9696086942282596,0.6960213368851922,0.6140544550371451,0.5506226748950971,0.4810482950591781,0.11132741612283094
585,8614,0.8250080379712242,0.7685099741224022,0.5239089582246008,0.45157756050759407,0.439426860827651,0.3323811058701788,0.07542604549151175
586,8616,2.8483163944351237,0.8861213942230507,0.31237188620990347,0.17534620114116511,0.14259617314981332,0.11368802072591325,0.030188382179231112
587,8618,3.1003239943402514,0.9826636773190061,0.7777313438789147,0.6462624492083782,0.518733536628227,0.3328725623599521,0.20196118247585032
588,8616,1.020803717818958,0.9427738030793631,0.9121762769638926,0.8641478564576354,0.8268774287882852,0.7737597747014953,0.4539274707599092
589,8612,0.963590586726929,0.9398454355042427,0.7667008422253206,0.6010823497338356,0.5787536764115231,0.5555923893591233,0.44086135957700057
590,8616,0.9771343607014303,1.0443711849471553,0.8907642516677363,0.846366767601809,0.7958778503826174,0.7077207129009524,0.3926187070624024
591,8636,0.0075254189304856155,0.7985241875071796,0.334811174357784,0.27897333608913355,0.3131313581054292,0.20885078049597763,0.11863364684521563
592,8616,0.10044744720393381,0.9314597213202143,0.6443994147628357,0.5695847028437452,0.5744109732678221,0.5447808569791089,0.3761537778503841
593,8616,3.3977565043685005,0.9157562679824146,0.6638732991523695,0.3409832453419173,0.0026950348076417536,-0.0288329072031931,0.7750668733252384
594,8613,0.0999577883561907,0.9432177314044293,0.6348308718535631,0.5942292455484862,0.6082621894145145,0.5668787321601942,0.19850527767930295
595,8632,2.2655019588044127,0.5054851587591354,0.34464396459082225,0.049930338054731745,0.011887026816411121,0.10595915283334734,0.04971193371290342
596,8632,1.448989876356716,1.0565843192639153,0.9792337129659553,0.9404782778862291,0.8922399478669476,0.8100048592892667,-0.05115323513100631
597,8635,1.4753387362865602,0.9835722175957893,0.9848554660159448,0.9505992301783767,0.9067165666802824,0.8288779579689038,-0.04947673211437292
598,8637,1.4774954410673653,1.002893987004961,0.9847407489751016,0.9507408780469518,0.9072277547245949,0.8288592075925728,-0.04973545373542992
599,8634,1.4781203029977994,0.9739535108791773,0.9847856925740478,0.9504765198289294,0.9068762067193877,0.8288739675275972,-0.04969344228942296
6,16141,18.42059708503251,0.8581555939795228,0.8885933716618948,0.6667886639678128,0.5459131703786919,0.130552390749239,-0.0005148196084983647
60,8635,0.6454294372168973,0.6575313529614465,0.026064104627931347,0.023469252298359684,0.024202467353272708,0.03151938852393187,0.032486662229385004
600,8618,0.9413421379137937,0.7664147951674728,0.9950405224160559,0.9914450081137257,0.9862924643845457,0.9748460357180811,0.7007717142794895
601,8618,0.3398766861070135,0.8879753521067947,0.7931956465044423,0.7536917112519148,0.7093222144592952,0.6097793702450174,-0.017160086744434894
602,8617,0.7565375657543838,0.9860239327441693,0.8756391732619702,0.8407817626384968,0.7912523703025536,0.6916406493922049,0.1673211066912036
603,8614,0.8799436791943842,0.47842282524199103,0.6346529024104304,0.801906386411133,0.8095500267951747,0.7567570483623349,-0.2064126651317466
604,8613,2.711515426992716,0.9123448805085983,0.5902087137222269,0.3799593611660594,0.2525768220200945,0.07562350918720377,0.5968129875969882
605,8632,17.18438759753708,0.4609015840011258,-0.0033875301747740717,-0.003389106344899148,-0.003391473352144264,-0.003396217299448111,0.6190044702361449
606,8616,1.1633766742684455,0.7669489564575407,0.6409651385885948,0.6138691150581208,0.6063151514055322,0.5524346513793158,-0.2347908964612481
607,8613,1.41216829030837,0.8053735759316054,0.9783159057586096,0.9634852397600658,0.9628902683434188,0.9511287840018793,0.7738760589316884
608,17269,2.819195964494226,0.9894173710256506,0.7833090476264757,0.6604906521736864,0.7165655150486834,0.6832717886045792,0.43552734151570294
609,8616,1.8484881843735774,0.9135571121777393,0.7372678567316711,0.5914397458590545,0.6475527314396395,0.6152030807004579,0.3532639144714381
61,23690,5.802423808696549,0.8602361524290212,0.6230015509828348,0.5980634772337574,0.6045822210629032,0.6050081141690236,0.5044380134260261
610,8616,1.6186453939286922,0.8790338118724448,0.7199416412841017,0.5666094549843205,0.6593617378022573,0.5959825983775621,0.4101348041791514
611,8615,1.6161264317337345,0.8785241870162426,0.7091739187938662,0.563432761738546,0.6406740283264333,0.5828628079508216,0.4157524700364856
612,8618,1.8498947760077844,0.9027710262534303,0.733601462140347,0.6047381918828773,0.6329647411546859,0.6098316989868103,0.3522803403371633
613,8617,1.7185416145888865,0.9369432882142918,0.731996836455025,0.5973797724117342,0.6380646882516714,0.6172964612424675,0.36602060259508845
614,17270,2.473257994909611,0.9598956288635798,0.7780751451428137,0.6677017662069764,0.7025054405709152,0.6619247699008411,0.5007548853219623
615,17270,2.75751110505489,0.8946574289910462,0.773808955356305,0.652982716033042,0.6779352116817365,0.6387830179182229,0.4613317076854718
616,17269,2.4260682344980182,0.9553719358614969,0.7814559845411689,0.7046678532631039,0.7309383994482486,0.6903606733975125,0.5480191109960404
617,8616,1.376448902009397,0.9960079692088797,0.7821461524121733,0.618325348072939,0.5905780369936053,0.47957906397511174,-0.018096734049297836
618,8617,1.3686597073046134,0.9850451487775598,0.7849814716758207,0.609574906907368,0.5914736959928077,0.4650870545831677,-0.01793126938621215
619,8616,1.3739339573616245,0.9692488825818989,0.7830945767760206,0.6249343640452336,0.5994183154426855,0.4735585592217077,-0.006473479805521221
62,8616,0.21880352917783144,0.7667126873215232,0.16367595670674365,-0.017836610047561735,0.576232101536273,0.4636850716040271,0.49643515117751497
620,8617,1.2415214384054873,0.9548496409818199,0.7684998435257113,0.57710618324654,0.5776940113993075,0.4442928969362193,0.00748779741964326
621,8613,1.3682501645445966,0.9493533963314493,0.7876905694608869,0.6043529009637223,0.6089939977594256,0.4796710920921673,0.004401578649115628
622,8616,1.264170850953439,0.9406505439618983,0.7728308151918171,0.5860560490396085,0.5936084649958246,0.44093925402713424,0.02074420655841125
623,17368,2.8455864037973138,0.9604569544322946,0.7740223031870364,0.6200055095014567,0.7178691380316576,0.6698072493744227,0.4513667267238174
624,17367,2.6502017477147835,0.9355619760408218,0.7790181193357525,0.6519449452822303,0.7155709049493696,0.658208478171051,0.49095002394185244
625,17370,2.9577881672301363,0.9963475367541246,0.7716202854439345,0.620777991416498,0.7019704260001886,0.6518042099271466,0.43954619506092407
626,17366,2.6636387493460574,0.9585913047067579,0.7726767234956183,0.6378240534003927,0.7019301866772195,0.6486099051622003,0.4885649404472839
627,17372,2.9081182919907067,0.9538311062469749,0.7654724667175387,0.6145563312889326,0.7017681446833165,0.6505775163778575,0.4143382466782286
628,17367,2.903686019991076,0.96113542065449,0.7673869119588056,0.6009718360527323,0.7012803118759626,0.6400274197812602,0.40678946147388156
629,17370,2.8926267467714073,0.9472370107211009,0.7786476788034872,0.6047204896635162,0.722101111868668,0.6481444411452939,0.4014545598822568
63,8619,0.5129645757174652,0.6056332921950272,0.12186729925874035,0.09909182267315024,0.12165109019260607,0.09876660946512812,0.05222101564754402
630,17366,2.8671476809735137,0.9598921473121288,0.7793377642780728,0.6314159645357008,0.7246343274158453,0.6701083886905421,0.4091927211288171
631,17387,2.720697005372876,0.9644098620299524,0.7823663372316131,0.6242875071185786,0.7157149935078215,0.6432177434932275,0.46265958462314094
632,17385,2.8299341924476717,0.9361346579313279,0.7957825195332542,0.651134360428816,0.7259546453848086,0.6735168868291861,0.4280546534015148
633,17388,2.7786315755299715,0.9225061001831913,0.8029604776333759,0.6597888893358407,0.7368922483255492,0.712409088821581,0.4133454035150972
634,17385,2.8912550737355702,0.920170232814983,0.8099273978211382,0.664349528308212,0.7044933012304189,0.6986474832843258,0.35217629550519597
635,17387,2.8960883142322986,0.9519347060079364,0.8193188306112201,0.6821632214264539,0.7119553737403355,0.7086019963939256,0.37962931023666846
636,17386,2.8708003654505587,0.9303121819366067,0.8092824211474983,0.6491455327480645,0.6931556131446509,0.6981852935126017,0.36007098996314335
637,17387,2.944523275243274,0.9529141448651239,0.8119469411638851,0.655413916971991,0.6963172353722386,0.7150316607102688,0.3608554975310277
638,17385,2.765414867231604,0.9522789893833905,0.8133093155845573,0.6666750182806988,0.6868337648686533,0.7111227031479834,0.40615207723127983
639,17388,2.956283121995903,0.9436062928990551,0.8121145596160753,0.6540211490914858,0.6867188368099826,0.7134201602210442,0.34316740542831287
64,11261,0.2768534570176701,0.7978939045232529,0.24426817352870533,0.22342838222739417,0.21217069542365127,0.179837389939837,0.09417399549661348
640,17384,2.9622175666354704,0.9540637126175275,0.8178693181260224,0.6674403732179706,0.6894094199177189,0.7072894142357369,0.3510291961719422
641,17388,2.909169832945587,0.9596301413747068,0.8081821678740745,0.6714007650119179,0.6776677860633334,0.6915907918188947,0.32846013996005685
642,17382,2.6047456041844392,0.9463209974865783,0.7900905845682866,0.6395032575203701,0.6763787776180434,0.6805423357057145,0.46921619367124295
643,17384,2.603329037831475,0.939868160549095,0.7935434910293311,0.6421422153288922,0.6876831188348008,0.6816148850112895,0.46842774764964584
644,17385,2.593316360640883,0.9561188930609348,0.7993230957326038,0.6419127050437895,0.6996035867652558,0.6925577038976706,0.49246575351927974
645,17383,2.905547079938038,0.9515915906923343,0.8086683157869637,0.6641190948937701,0.6892127476335458,0.7110671226786791,0.35045647403511754
646,17386,2.50182431103692,0.9450529541994875,0.8128449413893939,0.699934346316419,0.729866455453715,0.7335704636275495,0.5540734627821782
647,17389,2.892680560829276,0.9158384276227032,0.8079141272905047,0.6639568928335411,0.6698110657415988,0.6588632245089588,0.3591573757814069
648,17387,2.511157113840495,0.9744035658504777,0.8089029107359353,0.7106551088871272,0.7320722130570713,0.7072238836856096,0.5144254859799894
649,17388,2.964222736336216,0.9976565799702724,0.8173526608936995,0.6967334099865589,0.7045116858486424,0.6669448331926802,0.3318051843631702
65,8630,0.3941900584897492,0.6799052118504163,0.6147130415831258,0.5755528788972314,0.5771893732439629,0.5512440058437837,0.3617905128704345
650,17388,3.078414544404891,1.0032908886780167,0.8102128818406152,0.6884031815916616,0.6738321022415881,0.6341421585188431,0.33012559692380394
651,17370,3.021093952243227,0.9988667818945152,0.8323954221141062,0.7227793771809862,0.6936562725692947,0.6569007181700275,0.36334476317699116
652,17368,2.6037790547576094,0.995686085519152,0.8180218891519945,0.7300664925819315,0.742613484010858,0.6975598039422958,0.4866240942799185
653,17370,3.085258026454122,0.9791596381179316,0.8047427991842261,0.6771245699658703,0.667892188063787,0.6237096808889772,0.3451011105118662
654,17370,3.032776914230386,0.9699860261304618,0.8255515920656334,0.7174190174965808,0.6930069975955143,0.6625701425825318,0.3259109359967015
655,17367,2.5887567990407048,0.9104369897230633,0.8181578551522073,0.6968526512858993,0.6928194785667082,0.6492048924301136,0.5050360542409763
656,8614,0.008157893675782327,0.7631709175691073,0.07974311790363289,0.06357963684483746,0.08311528760153003,0.037542255241058434,0.046624444940132403
657,8612,0.21974938900881502,1.0926118039489392,0.628373261688433,0.5896763627864942,0.6062952617578505,0.44790090204831506,0.37426744951473545
658,8619,0.2975814871797585,0.9933942019664621,0.7538114329722477,0.7441833159904475,0.8255090715196116,0.8044146968477112,0.5987207443390768
659,8614,0.17715277725210704,0.9249636268010006,0.38616913632598204,0.3686867421978788,0.40925569102082177,0.38032130639643413,0.4005194671010664
66,8620,0.6773845467818176,0.5458646216730249,0.0160792316384788,-0.0036483926738458947,0.019261252696160424,0.03191687225738402,0.021167578376317525
660,8614,0.2474786970325029,0.9036388067548979,0.6363738737565533,0.6250238845536072,0.6762006180393929,0.6614356896885477,0.6490533905420924
661,8614,0.20852383228438656,0.8946392714851397,0.4247132350821392,0.3988327363107026,0.48550812479275895,0.446906616231668,0.4528997781834283
662,8614,0.17421795358930373,0.9190833448563629,0.41429543831703414,0.37026796085139896,0.46037296906101394,0.42888279043678734,0.46633216337435196
663,8617,0.18480644532023685,0.8568761468489453,0.3738030257350434,0.3002030164975921,0.39190437708811876,0.36139014015711557,0.4517095399129738
664,8616,0.1950066601967372,0.8988471867443268,0.26133366137960595,0.25825613639734785,0.3317701287769757,0.3031734432646855,0.4135006044763231
665,8614,0.21437116268389028,0.9235353787802381,0.39454326374687626,0.36571362415299413,0.44313042674810416,0.4073587723510194,0.4751120240380337
666,8614,0.22666204046114655,0.935622004302473,0.49513692158523503,0.5221825785372787,0.5233302522777293,0.49352221397612134,0.5532022672085213
667,23691,13.421935294268199,0.7255682783263564,0.22548641158875385,0.23294558230780504,0.2808567633865939,0.22974041371563814,0.30226686165678585
668,1742,16.29355170268712,0.4964752041908303,0.1534735866872761,0.06313789680246863,0.12033162329601006,0.2392218739208525,-0.006179319804654411
669,8637,4.391578812812611,0.6191400391680585,0.7238758135380539,0.5198590777295705,0.38214953828059317,0.24650749095257574,0.025049945300874298
67,8613,0.40750338981109135,0.5807128403651931,0.09752559591360932,0.06485225692434768,0.09937657397511561,0.13775786692013517,0.06873329629661809
670,20284,23.8125662442098,0.5243470369407579,0.005642660802956599,0.026010117833684777,0.08834746310075246,0.11596652878331316,0.010897394817303303
671,14459,120.24558203942465,0.4623393472840225,-6.917542888766135e-05,-6.919457514531289e-05,-6.922331441229297e-05,-6.928086462519146e-05,-7.057163020465615e-05
672,3088,2.946668455393988,0.8688734253699049,0.3610991905518753,0.08831670429974983,0.6143836316233674,0.22035825416501312,-0.029017415659289322
673,831,7.253508069668902,0.4437842816913555,0.16730688409604458,0.00692462249359437,0.019786557471141764,0.037496476806116494,0.05362767307137411
675,8614,1.5741011338505675,0.8282837002037928,0.8837644489773766,0.699835476121722,0.47318969864397975,0.3546556714434005,0.19448096130277948
676,8615,1.9031619909936992,0.9645223639492734,0.6717571000572693,0.4323123729589184,0.2727515615437418,0.2314442209119861,0.10389503290857395
677,8617,1.9583545579563153,0.9114199028863827,0.9028743940268242,0.7715664004584774,0.5899961687865739,0.3912440211471786,0.23995859347109874
678,8616,0.5223923312250365,1.0511930804827312,0.7357957527075495,0.481739590404509,0.4526234236890493,0.40321016729748993,0.13306601974492466
679,8615,2.7247456034200526,0.9506910918712306,0.9596872683192719,0.8861617273757625,0.8080865337730001,0.6677248785656418,0.39411594880882306
68,20256,2.647827728102591,0.7919958012490147,0.88383195311824,0.876751123251881,0.8918042536519541,0.8900240237762855,0.8506789956532316
680,8616,0.6829949356798791,0.5895318973318695,0.06710792344756152,0.07930392848116827,0.11555906582409782,0.10823904223885757,0.2707383994723022
681,8619,0.6388042146388775,0.8233240608424999,0.170242676037174,0.15298136632655865,0.184717324662187,0.16253649485993432,0.1984028047460484
682,8615,0.8646039679737694,0.4522411264157149,0.7128709514277511,0.7601913345005693,0.8038322399617072,0.7413136775172691,-0.15891334924121747
683,8619,1.602354953093698,0.8974939654069087,0.8699150101402374,0.699433382086391,0.555851001222581,0.39016788202045055,0.20059646517527432
684,8619,0.41490734502784465,0.5612236822985008,-0.00039228410928244514,0.0022430387067324795,0.0007190471690239226,-0.0011342302906398735,0.00025677647777711085
685,8617,2.0761585939138647,0.6391461600429648,0.12862410687206183,0.12806842029799595,0.12151564291767673,0.09711755135961737,-0.01918700749463927
686,8616,3.2313272980119656,0.949123362766889,0.9702543312976096,0.9202736196320552,0.8644540767616494,0.7835582564997567,0.0022023615243879557
687,3091,1.766342501563699,0.8425779590813536,0.23867854902768604,0.2871404604540908,0.18290442085191527,0.19746419006918323,0.16738381443501957
688,8613,3.1313319701917646,0.8901086317861876,0.972457346152909,0.9209136539650274,0.864610914122621,0.7820292897261176,0.006812823018440178
689,8615,0.5903979499724263,0.6987685698851349,0.6212688772208421,0.5655923124662483,0.4681684685183827,0.31551040555512977,0.06744424489710371
69,8635,0.015021457468065363,0.6183554297056849,0.5122976217572732,0.4846378247862908,0.4613583923943428,0.4419833140387044,0.35612330185969804
690,8616,1.238017154250783,0.7256217313757901,0.8879370134810366,0.7374557617416465,0.5054999610492811,0.24156273252665914,0.004760883313558519
691,8273,0.9676331920757942,0.7086952242009772,0.2234762689765093,0.23469020708164096,0.15341699766184008,0.14878537175533432,0.12935894400520526
692,8616,0.5707025914505698,0.7217625188653461,0.11751185692882005,0.10077476286391016,0.15710621547874526,0.11147552328812836,0.31292872767859714
693,8614,0.3701698558827158,0.9319713798617771,0.4816465841208483,0.45455101844377344,0.44415963262680574,0.40180683501686354,0.12681541555270218
694,2537,2.2409239820319735,0.6605017214366962,0.3020847260270251,0.3206830089452706,0.1504083059557838,0.03458539424638828,0.0011395271624852442
695,2539,0.344320599766098,0.38685075814115366,0.04842128996596899,0.15916876610149414,0.14049092852704112,0.2529728276672169,0.13955043725065241
696,2233,0.6662362635280168,0.7996766711229848,0.25229880131156723,-0.007365846807681137,0.02327816850955271,-0.03333085631456082,0.0008495825802758919
697,8617,4.512494262887629,0.985590727903215,0.9939145687628097,0.9802448847537293,0.9610322667888688,0.9173060565288333,-0.037491924698877764
698,8615,0.8701335394862909,0.9042892197134773,0.46013555911485715,0.43009443969438155,0.40152814667056497,0.38881968271427136,0.15600705717234692
699,8308,2.3055310124618127,0.6969292060336487,0.9643187626701242,0.9379458696692324,0.9204825871369375,0.872148665772644,0.1251402108539908
7,16140,18.453759192497152,0.8318667304075886,0.8826398794735755,0.6588093721498082,0.5424938217191407,0.1279644955341571,-0.0006647580283231622
70,8614,0.5313457042786645,0.7755676527529974,0.271522449887001,0.16659725477846318,0.17570994944934532,0.1109429190474342,0.025697229100121594
701,8259,0.6839982066579068,0.7912103603987113,0.7287140894893538,0.624011686087035,0.6281508787149517,0.6330832181882808,0.561901437557808
702,8308,0.7698241660584934,0.7581075399331243,0.45556945732372406,0.35324113762316234,0.38744605104900975,0.33060386968349054,0.3642889420328504
703,8616,4.463949619370819,0.886769445482877,0.8412366408684926,0.49903653103710743,0.023749788722868117,-0.024744617231840134,0.5451499274813555
704,8614,4.530658009895694,0.8777188963069096,0.8451736507192061,0.5148595501703426,0.05697521491026501,-0.023890457321524367,0.5409289478534016
705,8312,1.558036310359498,0.8366245057056096,0.07013926180870388,0.049798155851031464,0.044874474114919474,0.041664421608726666,0.05393919871350725
706,8617,1.2556222925170635,0.729895997136741,0.7900742046746103,0.5757892705583727,0.2803023371921473,-0.004230173204695378,0.0222145920879806
707,8636,6.7375586139071535,0.5972151271235216,0.29308480642255974,0.04967587874491916,0.06469695399844792,0.050211976702611315,0.011830356989383117
708,8633,1.3817613778482765,0.9387598483425068,0.814485472879485,0.6413048371059276,0.5650361215097187,0.43934369021540093,0.009482801630949675
709,8635,1.433718995459872,0.9302507312609027,0.8277317616682683,0.6539546391506431,0.5999392492121175,0.4713360660846989,-0.04032509989364423
71,8614,0.3698274006410129,0.609092402147063,0.14775640385510164,0.12906346918276554,0.14242605210482004,0.1235417623698909,0.056119557685948146
710,8633,1.3328723039861892,0.9524034199978402,0.8144297952489221,0.6494549615107312,0.5909595471495208,0.47419219961442977,-0.061892778321007015
711,8633,1.399035715607748,0.9508102989942473,0.8446910563512876,0.6838762180660835,0.5889101477172276,0.4828223151624341,-0.01955085112875322
712,8635,1.4670305215776125,0.9597929299574188,0.8487023636288461,0.7070646816144395,0.6526419157797111,0.5347344148035448,0.023350183339279018
713,8634,1.300938785901492,0.9705803109376531,0.795545253480119,0.6110712568033204,0.6097719416634446,0.4473663513812136,0.015226681918407215
714,8635,1.7113068815298715,0.9437647940341043,0.8267808180630009,0.6896903311449715,0.6305571731896137,0.5342764232647264,0.08641081450254523
715,8636,1.7351302838917355,0.9824837313499305,0.8397082204546199,0.6923302266826733,0.6472521173194785,0.534001012842317,0.05920088869554109
716,8636,1.6082506841279303,0.9278569181891811,0.8258934847070311,0.6738515536294504,0.6432012661224022,0.5409441043504388,0.06500515282918311
717,8635,0.20752044486613838,0.9758184216564929,0.7318975183393481,0.6891664969820845,0.6804124541012238,0.6283142176843887,0.3679211516355415
718,8637,0.8118486141901219,0.9312742591394334,0.8598545013292933,0.866434304227248,0.8491845952585427,0.8216602748664821,0.647912453159416
719,8634,1.6876647854585005,0.7511601256796998,0.15812627739146537,0.1399082004769943,0.12122586794802669,0.09030029218715128,0.13403043739937495
72,20268,2.518750961533735,0.9484797598906458,0.9854531530824548,0.9715382528446829,0.9848396921497896,0.9804308803237574,0.9190100321074336
720,8637,1.4243730121959095,0.8018216202836441,0.3551022412855975,0.24746469297677837,0.2270498781712974,0.21725746089267414,0.20288468188138842
721,8612,0.10647345143714912,0.6920430330482815,0.36847023041840904,0.29158203012043055,0.24880780108045406,0.26793582210113415,0.24464893767455756
722,8616,0.40828377966151197,0.7527202365853036,0.2281059986586355,0.2017099671771495,0.213555346182384,0.20292083556546367,0.25193440884113977
723,8634,0.5246048100253784,0.4284984132095872,0.7888377323264895,0.42555577824567115,-0.013865497701382914,-0.27029956093067087,0.06262811597455938
724,8636,10.727243540628113,0.5313012253361505,0.10529215210977055,0.05527067837469879,0.028487885454281398,0.020818375817744775,0.022782114143373368
725,8636,3.423739585878344,0.8291511983270208,0.5145060771628903,0.38421946171832255,0.08091417072864537,0.05500414001111126,0.04893515733533255
726,8632,7.977146286566116,0.27965167329259893,0.49455882435907805,0.3655745450810338,0.014043070689961698,-0.006947271764662848,-0.0006387968771501341
727,8635,11.531455525381496,0.5481639908453594,0.05580845469776981,0.010122090684772926,0.09641743721069837,0.04581557668910489,0.04666708116955518
728,8614,0.09338539631642978,0.7832536747314538,0.27983346540997295,0.2389303829849813,0.2572324442533439,0.25355587787429945,0.10995850013736835
729,8614,1.7725604478979244,0.7025073137323797,0.23773335452030736,0.23191292625634513,0.22428908279737786,0.20169639651422286,-0.1254398147215684
73,23687,5.057756019440389,0.9599656895966027,0.7987439939533614,0.7954142624537411,0.7946961269900782,0.791957695414618,0.6741272980407648
730,8616,1.6831705387826406,0.868050207767305,0.6131929152792556,0.5360930630321078,0.44320100526686507,0.30761283772901926,-0.06425760395124432
731,20256,4.01036518270994,0.7666729001650885,0.6118104615583639,0.5807921123901435,0.603673613181461,0.5986677282332794,0.5236331865163157
732,8614,0.6400441324779925,1.00765458300148,0.8865310938299028,0.8042899112573166,0.6924994413467275,0.5874887577023431,0.32980026703062015
733,8615,0.4700034141989206,0.5314872236150445,0.559647600361692,0.5570310359615961,0.6478663418272947,0.6541554908280448,0.6177574897419841
734,8637,1.3884716184149295,1.1161708818120726,0.7984822229582675,0.7270391786841955,0.6598771054345639,0.5345934728867012,0.45444227961249833
735,8612,1.040490331650729,1.1121007879909532,0.941578593917977,0.883948141277002,0.8102798811844125,0.6862633137967608,0.4818791410781716
736,8616,0.949776228624136,1.046290194804759,0.8470198015586053,0.6581918716810048,0.4784184069288862,0.3864533606044921,0.5092923559358132
737,8614,0.22542344892127827,0.889981746415927,0.6189042078497704,0.5849894270351126,0.5701643350597863,0.5371836600237218,0.23222454720767566
738,8619,0.2763046461199658,0.9333271750675131,0.6793268787146048,0.6637311775914766,0.6492893866024222,0.6116915803854645,0.5310689811323611
739,8616,0.2871087096029816,0.7179775588146378,0.5658899907951793,0.35598042227554827,0.36883620023142427,0.32119260596388693,0.2660878791515195
74,8620,1.1813809271521443,0.8467596927942509,0.8563337848070057,0.7811784200473855,0.7465243474842111,0.7465221237316193,0.5472323162418877
740,8619,0.552547002555432,0.9947603022791236,0.9860367163589274,0.9829043094093786,0.980084234662208,0.9744627282500204,0.87051143415622
741,8618,0.3567236053174745,0.8932562805191093,0.6602701108801112,0.6444538083417711,0.6363915666132781,0.6189107609398096,0.5134146434234409
742,8617,0.31097144403855936,0.9002535236247868,0.8950968218787542,0.8726116608112283,0.8540603165476671,0.8375510664317457,0.7727666007645507
743,8613,0.2413042417468329,0.9313732535998613,0.29998922973854725,0.3023994459891816,0.2742588060606602,0.3113184670425108,0.19833602251288207
744,8614,0.48553644537354873,0.7862047594503179,0.45890970370660156,0.4509380430003676,0.4282168837831094,0.4105660915722025,0.335457538459056
745,8619,0.8301365571973052,0.6812381475848598,0.5054646014085608,0.13286035279925604,0.12737303019493007,0.12430389470742598,0.1290077049331371
746,8619,0.11571071557043344,0.7867879752102713,0.48315287473267415,0.4507408301468884,0.3922233307164835,0.444420247789563,0.43245670242111967
747,8616,0.3690238883152356,0.740767759852303,0.5736320531516186,0.3830644203443504,0.23110094266753087,0.18676569713829774,0.16490583648500107
748,8617,0.26965094125582906,0.969287488027359,0.5288144142998084,0.5555747987603064,0.5840257770149653,0.5788671418193956,0.55721904802813
749,8617,0.7404130630321342,0.9855088758744093,0.7589607619779641,0.7627641849525705,0.6964036582402268,0.6409941455348578,0.4130272874734987
75,8612,1.618237580629239,0.8310772178866821,0.6755772197882239,0.26189088105704095,0.04715465730560769,0.05176464002592689,0.022162847062583497
750,8613,3.3150994768862825,0.9602493960294652,0.8936601716822677,0.8017727872027275,0.6853032475960681,0.47462425366927996,0.2604347966655551
751,8619,0.5600249202909247,0.8666965615536506,0.8973825854129224,0.8336681474532065,0.7612668306081042,0.6376005226574364,0.4479209072289618
752,5198,4.668587022971538,0.7234525685420605,0.6217124972233667,0.41556979575732617,0.2524454890566724,0.11660011480455038,0.010130905545999599
754,8632,12.410560774887688,0.4619117062498629,0.008798267055895917,-0.005678505127405417,0.004211285108361288,0.01114188597522172,0.00022669689077310586
755,8617,3.297960804011993,0.4867792621953146,0.46603792170225794,0.4093160621260643,0.2788164978879161,0.38155542675198717,0.08308147015776703
757,8634,21.780577994572482,0.4669728223227975,0.7069490425340674,0.1306141340643721,0.0016346273335000484,0.002160024475673551,0.011403854271849272
758,8635,1.2864420987529972,0.8092310352837131,0.3298202920808021,0.2647643909298039,0.38384226495460994,0.14800022973444868,0.5653584217361657
759,8632,0.6087219707873405,0.6073001340698952,0.6268280178015729,0.34319871248752687,0.03330416738803019,0.006955951993020594,0.06881299472314592
76,8613,1.9323329009826204,0.7906658606149641,0.7510213141655915,0.2919552456880768,0.05049362317574003,0.0436536647665952,0.028830898741950085
760,8633,2.19320815591962,0.8272615912409775,0.5603988498632524,0.35948232032678973,0.3247450009066731,0.1888291729329458,0.1131489053114698
761,8636,2.6484714708861063,0.7701792677228356,0.2629605686188568,0.19523759804346255,0.19735483070864435,0.13091807185517518,0.13693598391089193
762,8637,1.5471433824703302,0.6445967567139266,0.6335940298806105,0.6034992299170077,0.6165591267247068,0.6095657988000218,0.5000317363409813
763,8635,0.009438768047978767,0.6166395859681362,0.362128436692776,0.32831389900140573,0.2775581698689112,0.24494073581833375,0.20523433432856258
764,8635,0.1352381580046725,0.8064165609655609,0.3808445333663183,0.36220572572769816,0.36552362516317094,0.32957077744504254,0.26548867695882233
765,8634,0.14592540974279217,0.6343174214280833,0.10031926381667705,0.06714012879073893,0.06059194036843418,0.053218210508376176,0.4159436530672811
766,8634,0.08202244614781,0.550177550620329,0.043547570445853126,-0.0059749564403004975,0.002163203601199092,-0.0031575840800502314,0.680952833846208
767,8635,0.06182294326057705,0.7095969440751474,0.9033699941327318,0.7798029916855854,0.599769256482374,0.23987523699257307,0.03519405769923625
768,8632,0.2359737919144344,0.6755362223464159,0.38646675693184124,0.38024359268369584,0.38367747033990696,0.3704359037930597,0.5967801286135042
769,8633,0.5695770613229417,0.3721091158641707,0.001510465234504767,0.0006370592266482413,-0.00015482404245171095,-0.0037414231652144994,0.1109604888973418
77,8614,3.425648511403437,0.5949379778669108,0.8711552551350542,0.7210102683361536,0.39625644451206576,-5.842969199395864e-05,-0.002395292104884694
770,8637,59.51786381566371,0.47100827479637525,0.4422388491543639,-0.0002825254032529477,-0.00028272199822990823,-0.00028311601013009444,-0.0002920709097373977
771,8637,1.3267625423316154,0.6212339289539632,0.8519240473040486,0.8462365679759705,0.8528662162250458,0.8547996608871431,0.802592812937361
772,8616,1.8983908374427183,0.9331413732580873,0.8800818724650816,0.79472384356366,0.7191539889044927,0.5960804985546079,-0.06749552436102213
773,8614,2.978616954117176,0.9864820204392535,0.6820603854043228,0.10613289441976466,0.07304077766124949,0.05359533192576165,0.05055348318014544
774,8614,3.9495644962512513,0.768828280615033,0.5445038708365686,0.23348025603410702,0.0920588364418339,0.029286179169395528,0.0686499299881082
775,8616,0.693736283849459,0.7300759694074961,0.6011998889319191,0.3334927404774034,0.24715540219414042,0.2344126785575362,0.15078126987602314
776,8614,0.4614713593163342,0.7373655476660603,0.41402780947003687,0.36272005953456943,0.3249484555277651,0.30637410157855605,0.11598028070818363
777,8614,3.003059056910598,0.6412739727122903,0.4297857389204422,0.20877911457762935,0.09661940844597208,-0.0037334066684598047,-0.001808638240829099
778,8612,1.0837211287323698,0.8083969120084294,0.07676105689292195,0.0682865692410919,0.0895011639190432,0.06326909659353348,0.003994637460055911
779,8615,1.2085983302787322,0.7556441106411913,0.13431835179998214,0.10903692592996926,0.09428422047611813,0.3834665231847335,0.22561987187850355
78,8616,0.10377693214210607,0.8953039953982083,0.5623720985389029,0.5543274564605967,0.5390610311932403,0.48118564465654207,0.04891148600307217
780,8612,0.1521623218888703,0.6418784748191968,0.34095035175003546,0.32425169886702504,0.6557094311089925,0.6325001571100923,0.2982792662004714
781,2026,9.320845118228672,0.46249805588429915,0.5553682897259974,0.06690440678958039,0.02122658534442988,0.022621096399079145,-0.018156227495304773
782,8617,0.34544683152413763,0.6594423550593238,0.22800753388506204,0.20241944102731677,0.21953837301848203,0.18338387334118575,0.18490830123592908
783,8613,0.8150395718361032,0.6474597634923795,0.0648548810366253,0.0563740015182401,0.06425434632296016,0.053343739988799606,0.24899448978226957
784,1759,4.286405332243136,0.5837203624777713,0.029235938924515346,0.010356352093079016,0.26481454560581064,0.052611260509534775,0.0045893348120217975
785,1754,3.363990539449673,0.6627795880572457,0.028176514464438904,0.3436459810363124,0.050970606150042036,0.10051301090393563,-0.060361314507495774
786,1756,3.8944842318062936,0.6650256394374741,0.05253357599534559,0.00626369890278988,0.0051810360165764425,0.0037197993900170896,0.026183204931774343
787,1756,2.75701398990224,0.6813836835360143,0.08063670718695093,0.01773024688681913,0.017126750636491137,0.015234080976610694,0.06064068961165879
788,1754,2.2784381821012616,0.6230687549437892,0.09491568958191496,0.0095190823108361,0.008163832111757686,0.005473371899744611,-0.03266877698190124
789,8621,0.9323136058575175,0.8107148058721991,0.4694818979116178,0.4823702507074551,0.5049873243329284,0.46417161306315935,-0.11421934089249454
79,6610,3.6339386302438585,0.5973692206338469,0.8730341883967109,0.6452906242739275,0.2848496762277613,-0.007743136508968981,-0.009289314551007484
790,2849,1.6897667137936754,0.5684535202576543,0.16310730031284315,0.11680512898761336,0.26630829417814866,0.001123964477598402,0.19030958772544934
791,8615,0.15319374884207945,1.0258783420507998,0.9368947704151851,0.9267631916696941,0.9175204771105485,0.8887785577379184,0.7305344459870862
792,8621,0.11575780413151318,1.2603120690251692,0.8978977627381741,0.8324123585309294,0.7240158399809681,0.5083845543723271,0.8018281195349127
793,8616,0.07602698992628737,1.0299942163451103,0.5859845736145929,0.48213991565271325,0.4280176367164133,0.30874711791319187,0.22431907823697206
794,8634,0.11129936510646737,1.0295393731375353,0.9303908523741918,0.9246901526557172,0.917310948757374,0.9023327269676105,0.7720382892698856
795,8634,2.1592982759617567,0.7709761333572136,0.7583681036103667,0.5702762425354291,0.3931580096471695,0.22371627964641083,0.12677599020560265
796,8634,5.679798088177395,0.6346121478882891,0.31741499136642515,-0.010833603236294388,-0.012916188446950274,-0.012658964657966535,0.922770784073324
797,8614,7.297247432270378,0.6550657865940805,0.7196799686614708,0.41398642352200593,0.21984681145247853,-0.0005770101991908306,0.02638437596968215
798,8616,3.6324925831368784,0.8698824476200716,0.9039341612816154,0.7896015161049259,0.6931043643616207,0.5964969419034052,0.2462564900714487
799,8621,0.5302693965751926,0.6929414131498922,0.10605762216855048,0.08160713081679036,0.0779892764869397,0.07687426130392094,0.005821551795703941
8,16142,18.461479121547804,0.8146449357580439,0.8861816279100042,0.6648049840442383,0.542651786003402,0.12472843282238129,-0.0008458334939091889
80,8617,0.7161123902938193,0.5324370924757202,0.0400534727157372,0.011323434710299665,0.023266283457315524,0.024793823517758076,0.5206710815419963
800,8621,0.49520551471305957,0.3872125800524261,0.14956039792886447,0.13237571174251797,0.1431378786842727,0.13142786938734208,0.15473995038867344
801,8620,0.056344722736435544,0.6189472780566821,0.3880046363725565,0.38253153996137995,0.3753983713228301,0.35696702076297826,0.15055346124750135
802,8611,0.8387467595001783,0.9443589898242299,0.5953424598469013,0.5620614821239681,0.5187192083135032,0.4319515963311356,0.06614059249653298
803,8635,1.5524087133002373,0.7893640562768263,0.6389006300789172,0.5248021724576211,0.45485924972631264,0.418637746235763,0.35349608463289767
804,8615,2.409793616383283,1.0049597327658764,0.8515951268336449,0.7446321296940448,0.8089834296926621,0.7032793883752362,0.5276197132887455
805,8615,2.946064720590678,0.8202071873470755,0.9505262902272689,0.8604482451926849,0.7633499357320966,0.6955422462770087,0.06658916504420635
806,8617,18.526917199879843,0.7156707606018613,0.6007082530532574,0.047667193968481014,0.026771940470417113,0.025234655325519367,0.008572333950862505
807,23688,4.547285745821228,0.8799199329920779,0.984892694108631,0.9829836042868502,0.9798367168501387,0.9745141010696844,0.8474719590427443
808,8634,0.08603212755657788,0.5486444693840564,0.012754367195726373,0.044278416377482664,0.068162113730148,0.09511622853958246,0.3982160090788533
809,20256,2.645749935634736,0.7621228229434781,0.892720715586812,0.8869363179430727,0.8891288986805056,0.8823403265629854,0.8227734997024838
81,8621,0.28074273159772245,0.5526060951296616,0.3727523952179357,0.359082422117344,0.5278663855344778,0.5296972048186704,0.48069687823568036
810,20265,2.6255288077666488,1.0793836331539781,0.9336055464155504,0.9310967027601378,0.9290796290407369,0.9252191304281248,0.8465240307293248
811,8616,20.213688138755323,0.7417882820418529,0.564528166884747,0.041990137599116545,0.01884565251168713,0.017950978426613282,0.00816864053345574
812,8615,0.8150793470364465,0.997670893776091,0.9471115461945347,0.9088079717875704,0.8529653175539063,0.7572262448349817,0.25853314060365534
813,8613,3.46033390518848,0.8084538533499984,0.6558114626314953,0.6414184994282832,0.6753667736343623,0.6561264212502957,0.5506394486057756
814,8612,2.660349186609545,0.8168924318313311,0.8384058156271765,0.7178227912177535,0.5743575298384557,0.44194794483309224,0.020535561763599885
815,8613,3.235666158851393,0.8358418593388419,0.9516243154220565,0.9067518261581452,0.8457383428731436,0.7600345574519113,0.010060037278788264
816,8619,1.9138185894282402,0.7959230151280423,0.6080186584950966,0.4509780167532305,0.3489955492937786,0.1621547687434662,0.06824060817933314
817,8615,1.667742329756678,0.8601975417536791,0.6497076666348258,0.3532548514314423,0.30077635473404984,0.2207856416031498,0.1226599211542195
818,8616,0.9685189829982339,0.6458394719040769,0.5645926460416121,0.17315412531709332,0.12435359514565489,0.11268580383802661,0.2466509299471128
819,8614,1.3881524081255323,0.8992378759957438,0.5775150436008425,0.4356302094421979,0.34466110125542665,0.2412999054256938,0.21829457158735097
82,20284,2.905496345645146,0.9470232448619057,0.7695765618822942,0.7569098246447513,0.7621146084568826,0.7562550418642482,0.699548163479936
820,8617,3.5896328627872967,0.8004333731538924,0.9603345211007018,0.8951179779953577,0.8264293134426217,0.7204401929580373,-0.01876061130367578
821,8618,2.1482047654244494,0.8673550672789057,0.5310283373797905,0.33102012221133587,0.18211093559947056,0.168911209473848,0.1266994361475672
822,8614,1.6796435914502768,0.9639824905623215,0.7559074223147043,0.6077321373098593,0.45847645815411114,0.35649895266489123,0.3033613784094797
823,8618,1.2652065027592765,0.8742647395780792,0.5648596420888163,0.3782613695484148,0.3155831134109165,0.2545729382527594,0.11074069727690954
824,8615,2.0655969086888044,0.8259306127141848,0.9243183783977416,0.8750434148900658,0.7925993077494917,0.6986747101011809,-0.04584986278854203
825,8612,0.2662417039575904,0.827261412601354,0.8177083553511847,0.7801536829582,0.7637520441536676,0.7435719487291363,0.5534016913572182
826,8617,0.9022966690567601,0.946122791042844,0.9920944696479366,0.9865881808071407,0.9826437007222751,0.9795758007205307,0.9206775815546756
827,8614,0.3717780484107632,0.9905062570020233,0.9836963469840612,0.9747864646093339,0.9673935304813847,0.9579627580480535,0.760956173436411
828,8614,0.7546113560697026,0.8446033932825785,0.5939951475941628,0.3894103251724237,0.32811739191947603,0.27893432449846695,0.29001006724121536
829,8615,0.6804622789280985,0.7032806213278942,0.2533188971781675,0.23788428255439498,0.11057789584079811,0.143488920198614,0.14837754244747364
83,1928,7.327202396044157,0.6608119742269448,0.8504827029438745,0.7381198754627492,0.48791686730602357,0.017964322759402976,-0.006281185689399449
830,8619,0.18001435885095945,0.638950598677108,0.028922877777784618,0.03323027787174429,0.035638441625022006,0.03268965795458465,0.011127152733175157
831,8614,22.226816086320383,0.7291992433683208,0.06168742586310882,0.0034036192828997116,0.0203356928961363,0.03520448429140172,0.015177357242554113
832,8616,0.26164667938610275,0.6359921700143452,0.1328685613239718,0.12280592256815723,0.1351503123143548,0.13104362486622909,0.09657466595236276
833,8635,0.5295633315062568,0.689862225355728,0.9528248051259336,0.9260627136419363,0.9284188193477115,0.9161520039738098,0.8320771294534303
834,8637,0.5283193288013406,0.6611034935648339,0.955396954357351,0.9317441591341689,0.9328191978945191,0.922165264450697,0.837908704685736
835,8630,0.13301975990036655,0.6928676749773022,0.475638347227933,0.31154477654008844,0.2559199783879747,0.22894194984983846,0.02946286631487248
836,8636,1.8143462545454478,0.7357715079911431,0.6556134749763903,0.4235066433382439,0.29193720109179294,0.170569050826007,0.06610775881064025
837,8636,15.995220595574173,0.46923935049005616,-0.003909946423114332,-0.00391176577014455,-0.003851869346408659,-0.003919973828227786,0.1117923206417206
838,8635,0.07784565352524489,0.671654792309658,0.06213434507618574,0.15128362124618705,0.17612523329147997,0.15584138116565385,0.1459781459268817
839,8614,0.9390562223502175,0.9428409275740753,0.5534130109343972,0.5364724349383229,0.49912467104235114,0.44899515736113055,0.15270153981005063
84,8617,0.23602076508398795,0.6607577906949682,0.1326974901480451,0.09910346508566452,0.13856397916976734,0.13052224064476295,0.05426810618863882
840,8634,0.03580551453860956,0.5917460116661977,0.05074628462486808,0.05056823738693635,0.01748965299204201,0.020268350070856804,0.008877818293191068
841,8634,5.12972777223916,0.7536271315146733,0.7246500686830565,0.4683327867077771,0.369678723389996,0.19212118709970935,0.001979764728208907
842,23692,4.547847645119901,1.1000169620133535,0.9898394185660288,0.9885381367290154,0.9870449187102229,0.9806618906920093,0.8426299716232661
843,8636,0.08992887541873676,1.0015889577885726,0.8413472228551886,0.7683947400650513,0.680480513163718,0.49554626594978246,0.5010281786544595
844,23691,4.677990468982249,1.1971819711528093,0.9416972227734332,0.9401799945080387,0.9425480370762442,0.9370606735509062,0.8481748837389118
845,8636,0.8044337501613917,0.8017011514063064,0.31050954602926983,0.2437619581978124,0.10280582530599874,0.08812526849929217,0.7622129257717565
846,8635,0.7460321476320255,0.8956810818266441,0.982361013839458,0.975127054605213,0.9810930039904616,0.9766907392329032,0.9031518084268134
847,8618,14.476117500681331,0.4778539468174007,-0.00019485013427457236,0.00495826432091996,-0.004580152335468027,-0.0046617698739414406,0.17708998240109514
848,8612,4.747245117980272,0.6935976189635323,0.7429717473135325,0.6271288363203457,0.47169389040934606,0.20060771753231407,0.11358829212541291
849,8634,0.2562376659675393,0.47167012850425677,-0.0004455277112992022,0.00232441026651864,-0.002323903783019646,0.016565195653409824,0.12385616867853905
85,8618,0.19653233086640548,0.6669572507635627,0.08380252252804227,0.040696785954047195,0.10165596548406261,0.11477283665313952,0.03636866066631255
850,8634,0.5168776296492694,0.8163409056531808,0.3124914258377738,0.22900485530742473,0.15388940162980466,0.07243474742174824,0.44657888354978315
851,8633,0.5755554773126377,0.7422370828475044,0.6834183227869167,0.6064741148106694,0.6333993418286423,0.6060995948692494,0.6309584863717818
852,8635,0.4561020855195352,0.7868106670096207,0.6006695453602492,0.5415370017392753,0.489500062336331,0.4215430556082004,0.13796109556478958
853,8635,1.6143306276393363,0.5654275352918071,8.561651524663257e-05,-0.003910942549659796,-0.004060294096445328,-0.006399788450481062,0.8587536101461181
854,8635,1.3598477821495711,0.9462288671247583,0.700350999783111,0.49173660133514535,0.35446712061049385,0.27089418999954684,0.22102531888580534
855,8637,1.9658523490705424,0.9716679834870167,0.9384807734047278,0.8748254038236483,0.8104932841639662,0.7247503722903017,0.07440071020616189
856,8635,0.9538801573387353,0.3931839385404551,-0.027395038645987455,-0.04182475900957479,-0.01548670085103136,0.9390211292753025,0.7852953919097673
857,8634,4.762992954855353,0.4852594458765759,0.22361026098768572,0.20841374019657985,0.20369962020560461,0.22712629116663488,0.08787388517251883
858,8636,1.7073736134116615,0.48899933752019886,-0.05347320058269907,-0.06875884243864366,0.6072589530955037,0.6305326635046807,0.5032292966544815
859,8619,5.230577199705998,0.8477200812217194,0.6012523125331538,0.2682248373525126,0.1993342351959638,0.1300003632754532,0.022996426726508847
86,8618,0.3401289509701952,0.6929926190009145,0.5278391178947192,0.5123941711696277,0.5199909967481655,0.5195169102887239,0.4331950304873941
860,8619,0.14144042720827996,0.7463785954651255,0.5191586821585737,0.21329580519014138,0.016422544816634334,0.020221903628166053,0.01755153401579009
861,8619,0.13789542495806545,0.9058649760931927,0.514150908022589,0.4696420602013573,0.436881714051189,0.38681119341639186,0.13605348796965727
862,8619,0.4958263139332448,0.8755998521990449,0.3220911679745866,0.31830999511330854,0.28034569856867864,0.23665182963146697,0.10340715300104353
863,8616,0.39824098467292307,0.9300164363028762,0.5487829279051626,0.5085158628975823,0.4816523062257639,0.4597166658542697,0.09641211964675567
864,8616,0.5992445560788907,0.8653368528118479,0.31947343141723544,0.663554839693547,0.6002553059732786,0.5299790852144929,0.7147362468255485
865,8614,1.0636626996059562,0.7346909683297221,0.32529115030027145,0.5212347505791878,0.5315711888801891,0.41584621110321923,0.4483532344942726
866,8616,0.39039068411330013,0.9352010407794116,0.7016544989425546,0.6710630389702041,0.6162454830911863,0.5411530447835419,0.10120095018485081
867,8636,0.716110547011706,0.7184137881885618,0.681112125667998,0.08503655709428655,-0.02435080868263806,-0.0395593869945127,0.8905819010732007
868,8634,1.0271765734157334,0.6194211449967543,0.19635856192874354,-0.013961095651193965,-0.02216048486939182,-0.023617753534851436,0.6392558073172105
869,8637,1.1920854137804184,0.9787968382019263,0.9610002797236009,0.9097901986347052,0.8481032304601037,0.7522495641719132,0.2367342056762971
87,8532,3.921636699147645,0.7903370986502903,0.9982783423555887,0.9941753336159259,0.9879961523885837,0.9755469189258872,0.6567953703521703
870,8636,0.46708075339722227,0.9189944953859908,-0.012145775278328542,0.5946848578419298,0.5591605286368263,0.46320160736741955,0.3764427059786693
871,8634,1.803775591869642,1.0096039051814576,0.9156912506940876,0.790387095675801,0.5264551617512779,0.034438863418655125,0.9700951921544861
872,8637,1.1357102978115876,1.0739257629423644,0.9174367536280128,0.8393358543849834,0.7439080255663512,0.5273697635847869,0.6686614936949579
873,8632,0.2407683248564603,0.9770438713303009,0.28886213600296395,0.23652177279875045,0.24848243652978116,0.24730470778527072,0.22688175642951558
874,8636,1.2259265627862161,0.5597867412887345,0.22597326351252203,0.18628397400165514,0.18124807683493582,0.20813783437954483,0.718316548461225
875,8637,0.6443735915254502,0.7133356569349842,0.24133052120771453,0.0002974241702343524,0.005307165553819686,0.026793747285507298,0.9098170932260109
876,8637,0.21855008296903652,0.7618056192603851,0.2570129101565231,0.26732346790119393,0.31664324293447255,0.28644846971999677,0.5246413357819176
877,8636,0.30071693354395124,0.6315080988158428,0.10134203068400709,0.04046268871898352,0.28587088708020564,0.2732078623146609,0.6166138710704971
878,8634,0.45065491440838745,0.5700136021769051,0.034205133734949045,0.014006443065692847,0.013243246608405545,0.007999146236805085,0.7637088049074756
879,8634,0.6420943282173179,0.6560761502190362,0.011158902919027318,0.011535392598785055,0.36601534102755595,0.028764214282980358,0.14097415128520188
88,8635,1.4845258930059335,0.7641641122804397,0.1351003220449971,0.12774683280370377,0.13949594686528094,0.11568044417700882,0.044637822516468556
880,8636,0.123649982917215,0.552908730535844,-0.10780026218616383,0.2221336693031249,0.40294403705090764,0.35662674878203465,0.6561728305853458
881,8637,0.30893280173863275,0.8568359866546709,0.15201345168896394,0.1371040009226634,0.1889972285590295,0.10905413595421112,0.3350535348276457
882,8635,0.43791760047773387,0.7574319962394755,0.24552349848984414,0.10653496994423424,0.1668143606051754,0.13594723231396041,0.20537603481857689
883,8636,3.5729558143370075,0.6025139577579505,0.18091602161293674,0.001314766298634492,0.017619707141993058,0.007260573663918627,0.10379336417812646
884,8637,0.8861041137748354,0.840457477276917,0.8553790081178713,0.7196286478927032,0.5339558979884896,0.10420481193196639,0.09630755705700583
885,8633,0.2123723924679508,0.7560565926429025,0.7024377920294164,0.690776486640625,0.7484956163132487,0.7182924699962108,0.6639362222962059
886,8632,0.5763981865302171,0.6699130217388963,0.2188152455469768,0.17896364818436258,0.15220629881965497,0.1610200106629333,0.11868104232492181
887,8636,4.94835568675552,0.5148732239023419,0.1552480249439806,0.14642130409704204,0.1490473926914715,0.14468171395170915,0.8175885296277159
888,8636,0.2980641571813469,0.422783096484718,0.011838172795030568,-0.006567748434569699,0.5346712627838152,0.5193186153648998,0.40158851033686455
889,8632,4.2517669089691905,0.9195422104881007,0.9235731025358285,0.7906931353552823,0.5734946846763272,0.12408635727240512,0.08485892380863139
89,8632,0.7531065426384166,0.8854304735227472,0.21009773124530626,0.16414309075946948,0.17290012899977017,0.13410281695167486,0.14230712457400535
890,8632,1.3128442637609945,1.0152021281339683,0.9221122808766048,0.7917975128562356,0.638867493470041,0.4395228019486085,0.4145400667618827
891,8636,0.23420902437707602,0.9716647418942133,0.22591977237705238,0.45534497931284423,0.3927250135860561,0.2718056887437123,0.3469032398342608
892,8634,0.43807521198514277,0.8616309643377899,0.7891007530332452,0.44500953557902806,0.3429073472361321,0.20421045228342316,0.6375970964962955
893,8637,0.253413412417224,0.6925182612332161,0.2883471089232274,0.1433156923148885,0.1532432390156541,0.12745934046636392,0.3876008100506547
894,8633,1.4097428555340454,1.1020826237398198,0.8954891308263334,0.8108753277100968,0.6448000533175855,0.38164082466761223,0.884916186687882
895,8636,2.225574251132189,0.9808141063655502,0.9104589027152032,0.7205456108392231,0.44633994072032546,-0.03476845650600007,0.955523074970058
896,8636,1.6880128278111184,1.0032244310623673,0.8923195199343399,0.6902659822828092,0.5094815900435219,0.08318679772455453,0.9397621046593767
897,8634,0.3549502025194724,0.6012621145148557,0.9280510705091104,0.9271284072670005,0.9263679409789678,0.9206746045912352,0.8708530290617611
898,8637,1.0299286187058896,0.4266457094139345,-0.011683666832627566,-0.007501785845265025,0.016556706854458012,0.00740465534809976,0.42967034980552443
899,8634,1.0132852119212492,0.4527667490106482,0.028550304610992946,0.03415722042880212,0.030155316084277933,0.042385613201520816,0.35878948494677715
9,16141,18.44733960619207,0.8352638251225367,0.8857341745608202,0.6648797355915009,0.542835202565324,0.1256724146652912,-0.0006798962907876011
90,8636,0.8296123471165677,0.9046028139952151,0.5916717954413553,0.545328445970676,0.5508967354244051,0.4907810670505654,0.4031110999140263
900,8633,1.3469506666202642,0.5129704064179655,0.07385468802759002,0.06286420035424475,0.057525792938216344,0.09683712501629803,0.38011643255961486
901,8636,0.4089168920700316,0.617506871911563,0.3202527223937432,0.2779451540044331,0.22786372832913596,0.19936621288821904,0.1375773396950313
902,8637,1.5965834279570161,0.6111387004809643,0.3715631074846963,0.13907013986706407,0.11442858465662128,0.08065609944361606,0.11237144135073501
903,8618,1.2273250948530692,0.8764437136014039,0.5340792382110796,0.35175671669573766,0.2755668641288553,0.13812433471392022,0.12740851616607282
904,8634,0.3923133603302139,0.6336198755365207,0.219382824605393,0.15558469220597188,0.14810905424385934,0.12755848262617286,0.08485588451511593
905,8640,0.9255296238575096,0.7558736130028681,0.28899814630822435,0.26029185085960715,0.2491980666439567,0.2304338499612813,0.11100473787451368
906,8619,0.3542417779318339,0.8017493341409104,0.11816959369889347,0.10052617355784929,0.08235642520505718,0.08819807611437508,0.020078561166631367
907,8620,2.205972072764303,0.9156881669327005,0.3650969075112818,0.40078802363148675,0.3221129406594666,0.2766429207641879,0.052596253916061216
908,8635,33.708666243567244,0.45491544930836425,0.06645905939402347,-2.9059336652149667e-05,-0.0008813971608370583,0.0033405148412144693,-0.0006857115007606623
909,8634,1.4756460250836112,0.7039490072794409,0.3181088845256925,0.04997947650307994,0.22250517632450129,0.06811125188252021,0.1505096985706166
91,8635,0.6376312833729234,0.5052046243374483,0.2772932920738668,0.2460557141733402,0.28139493159942547,0.2810764645662145,0.2092156714219076
910,8616,2.0082604242185216,0.4707427220812034,0.9950952345524623,0.9919123998436516,0.987493465947078,0.9789054578052813,0.7830423426859355
911,8614,1.376672511957944,0.8747982015766926,0.9975374964451653,0.99642619570019,0.9948662275803448,0.9919232964979856,0.9230488444378555
912,8617,44.2331492814458,0.46377167644609635,0.09705599599226095,-0.0005115137811346129,-0.0005118706264175819,-0.0005125858127376775,-0.0005288415719894484
913,8619,1.4259608291507713,0.7675053924621785,0.9987453073442502,0.9976446859783017,0.9959681801475041,0.9927787567208939,0.9221061307157333
914,8616,13.934531452919733,0.6699148299706597,0.16972436852500986,0.13545224266428427,0.14831594826411343,0.08267622131032576,0.1422307924972618
915,8614,6.438479699023739,0.7649225183492625,0.566488854609436,0.40727412495807597,0.2923873349755518,0.27127536928920043,0.06257819481356673
916,8615,9.349107122596457,0.6405114394624116,0.07855482415938042,0.02436276962373341,0.006133879785902455,0.0007638313801695441,0.04803003888075609
917,8617,0.3164556627382256,1.090451087681132,0.8316873854911833,0.7754547051706344,0.7239617362631893,0.6015129434279048,0.6512230789865212
918,8611,4.521985194726089,0.7353221433060247,0.6889837415315768,0.5618016094350292,0.41413365259620183,0.24390424242459036,0.14250977455333963
919,8613,4.88426775058863,0.7871834466350339,0.18852610856053545,0.16557148426462567,0.12023685575851571,0.09210634808905363,0.10500319499633826
92,8634,0.1402907246610873,0.46150652397081815,0.03676693368422343,0.0032681325259643866,0.0009990743201387187,0.017133682503539763,0.06369803229561931
920,8617,17.087833189722968,0.48457817529348696,-0.003425922762146206,-0.0034275196336732024,-0.003429917734133881,-0.003380650917239143,-0.0033653062468646058
921,8634,7.14619258105812,0.5591260453340451,0.12626421044897618,0.07162611610120805,0.023086991167402635,0.02597384156134244,0.23336052723028392
922,8617,8.699535184406233,0.7117485195866209,0.1329474796245188,0.10960070415783364,0.07543074463162873,0.022457217125041597,0.009965512100641113
923,8619,2.7903613240155893,0.9016151230198255,0.8536434223316364,0.6607680062666207,0.505617539570238,0.3177963170400726,0.18534692771409703
924,8612,13.912701212567745,0.5860183979055031,0.11906671707102245,0.0989632327959656,0.07254633697514318,0.028938062904625795,-0.004825781652362155
925,8616,6.823783963209112,0.6946956865403612,0.8307667799385061,0.7488892107716244,0.7122288484216807,0.6358395278180861,-0.014090264795588753
926,8616,5.766026331611248,0.570041058215805,0.5178835159499797,0.2954400154358645,0.14880588588103902,0.09451386465024604,0.06517260306655881
927,8616,26.381812596260925,0.4797792301658218,-0.0014372824223178775,-0.0014379511095021786,-0.0014389553077287294,-0.0014409679177792268,-0.0014267533904248329
928,8615,11.065795853658063,0.6139079911624392,0.39042989634157355,0.06731969095659664,0.1395453529884566,0.024151733867696923,0.009105434190352087
929,8616,19.150304030615132,0.6655743779272423,0.11512106141389418,0.07290935290106652,0.022935962795040604,0.03794277657716084,-0.0021111150862550866
93,8619,1.2296326929039922,0.9884145939939459,0.6239084236177593,0.6020556193978202,0.5891455902958289,0.5545253670894635,0.22366350928713716
930,8615,33.1055917719593,0.45828099125883753,0.02770446573676042,-0.0009131677256144126,-0.0009138051791885364,-0.0009150827599868883,0.04663778939383358
931,8614,9.847019681449838,0.6924931511979766,0.4924376212528753,0.28475040387857853,0.10978855874634195,0.03660597350325035,0.00802909494642166
932,8614,8.292031566321388,0.5470771598546357,0.44325128186149215,0.2835865229760506,0.08649855830235065,0.09128647999275824,-0.004597137066290073
933,8614,36.30097352716459,0.5354622572804377,0.4505268937843143,0.0002149104210522791,0.0002022008927263941,-0.0007610733246281165,-0.0006854434047439556
934,8616,3.772647680981587,0.7701004344076845,0.7629236426125573,0.564854311033594,0.36681897029652416,0.33338380474799,0.2103032782338558
935,8617,8.025551482038448,0.5802487265616714,0.4759281088564632,0.18821983152231017,0.1879055625228466,0.03783026751684152,0.17228580954449205
936,1735,20.05077634612786,0.8533841712583743,0.006337179942821479,-0.0024974467509449164,-0.002204394283747739,-0.0018786348740585219,
937,1735,12.083869217445866,0.6056309460615397,0.6266336615849336,0.2680031012348015,0.08088985914352442,0.03310792406521726,-0.0022979337548092327
938,3785,7.915581985058854,0.5926406721222709,0.9559972743296395,0.9074157730802802,0.8135008625507227,0.6002176774372802,0.17877930461572913
939,8636,0.8473403704079545,1.080039571828673,0.13669413751129872,0.1256979674760879,0.5151998189983027,0.15477890075020836,0.3644336306074714
94,20265,2.5845210238849075,0.9859499753855525,0.9711564298976292,0.964489725480265,0.961429945401238,0.9497795464509345,0.878134416920832
940,8634,0.6414272301013807,0.6684565566761416,-0.1074045260460683,0.9348851181700869,0.909140120764775,0.8994535909028963,0.7583259328577594
941,8619,0.029088869139210133,0.7947219456141137,0.6980040690105882,0.48792094216753157,0.3880773020625511,0.36488587483735646,0.2910513337434984
942,8616,0.5297378831401565,0.8679104281385887,0.8506131475854132,0.5850182489064707,0.23822458070030214,0.0735143412624512,0.6672149181275185
943,8635,0.17099214193435386,0.8815071595366055,0.8480912049530926,0.7600663942770256,0.6592309554363587,0.6246290812530128,0.38171662447653204
944,8630,1.4381758104111704,0.7651556765091365,0.8044386392902858,0.7182698480749339,0.5976212010019819,0.3615469171317199,0.06863752616823302
945,8635,2.00201467788829,0.6661716072521378,0.6545835763584644,0.6403062950239676,0.6333456726501486,0.6152761131168026,0.47823926206187517
946,8615,0.6124703198431151,0.6968796291667535,0.6034954253632893,0.43987039640840353,0.4290694510926618,0.4240237481870563,0.4131808454769186
947,8619,1.9273935679639402,0.7577650892584541,0.46482433322656386,0.1662128351411803,0.13531574564054163,0.11467153637026127,0.32572938119171924
948,265,0.2989296443162479,0.1725812703777574,-0.1506170649644284,-0.08628262342677084,-0.12082378263807128,-0.12304027855162333,
949,8617,1.1886221605647003,0.9784821334562254,0.8277735037617027,0.768478132025372,0.6342457349390483,0.4420485344425992,0.729140358830275
95,8616,4.123395306942956,0.589884666737852,0.085719662067608,-0.005690562454784228,0.044194566045134095,0.03612447168172411,0.10296210518159851
950,8614,42.22761543794165,0.45849759363185066,-0.0005609939884017004,-0.000561254819651223,-0.0005616465216134092,-0.0005624315680525671,-0.0005178602200257112
951,8614,2.3596366077861672,0.8108020931737191,0.09866318383780083,0.29337269132269117,0.3317124085410272,0.15880506797357183,0.6163322868155413
952,8618,1.512470190597363,1.0055889659736679,0.7435678030621394,0.7308864335189771,0.6187982340225333,0.4531395225857239,0.6089651047077526
953,8614,2.587264208637358,0.672450388786183,0.27929086801767133,0.020799771121378475,0.2498899676636192,-0.02737310549486059,0.605326741425071
954,8618,2.2333624808811106,0.7581097694926029,0.5713821854840198,0.24894331818971707,0.09165600545815289,0.0028441016632824666,0.506410044995464
955,8635,5.614989434632,0.9034689318446367,0.9079274862132615,0.7210018946264408,0.45137419853819943,0.23002803418568804,-0.015939293442700415
956,8614,6.31933725124561,0.5749129445184885,0.3785774190079096,0.0491583429474967,0.03124517258785861,0.009718681010504637,0.5108086546859285
957,8634,1.426544419661893,0.8065855087941807,0.4914027974435067,0.38617128458113154,0.19363808024303375,0.1248085114497243,0.46037021115784005
958,8616,0.11044646084090132,0.9024182618550928,0.8312627389839492,0.7178089524919737,0.666382741630488,0.612520778802259,0.3346770710442474
959,8640,1.2932971896830936,0.6349015476517524,0.49512684765672205,0.488580564841408,0.4823969138748602,0.4525811230094196,-0.3959822709350916
96,4021,7.441269696412547,0.6827783017308681,0.05969159526551506,0.0046275548611539735,0.019640997044986255,0.006381421259053977,-0.0034682749283131502
960,8640,1.4264750500484384,0.6611734726015164,0.41442616917165154,0.3888099051702132,0.3820068931504872,0.35874780393774325,-0.3855300111843936
961,8640,1.4817443934700714,0.6502768704384833,0.38159103016534957,0.3584376029646281,0.3515861696037993,0.3308624025513146,-0.3444859467246634
962,8640,1.4194630942680218,0.7280481039980303,0.40646285430010864,0.4196624281855554,0.4082954352098349,0.3841950181785518,-0.37013738020789877
963,8640,1.8563411917232722,0.6461513922999601,0.23340507277323586,0.2351014715779058,0.2331958533181494,0.2218030912486546,-0.21155394221676774
964,8632,0.662196073747154,0.5869162308107924,0.8376316451508645,0.7856041244507217,0.7698594793037074,0.7331651701188691,0.5875713512955583
965,8640,1.8955037637185213,0.7334902778866585,0.412449971935772,0.08392392696748395,0.1198753699354414,0.07910243817525345,0.7943083797735893
966,8640,1.016929277269607,0.7379751878452285,0.3507464487746196,0.12537561497396235,0.13413459751324225,0.11488420922961926,0.6639676336936398
967,8640,0.548610229914964,0.8947949273287366,0.27507952523443324,0.23835919325192917,0.18305552261983501,0.12380675689336158,0.15089455277683017
968,3767,1.1779376342666137,0.615735075021416,0.31372066952183153,0.05739080472548079,0.0701664746768005,-0.011066482127100898,0.14672300647878891
969,8640,0.7939723426962108,0.5572672331488516,0.10164993765436853,0.008108862408675211,0.007179622410319187,0.004524513891857485,0.7413527661278148
97,23686,4.531122463744862,1.0049538013074157,0.9934254664403975,0.9914359624207224,0.9894577572298475,0.9830314276213254,0.8526157869386292
970,8640,0.25014434618465536,0.7562291004120205,0.5126080614882514,0.0418611709127188,0.893540844167678,0.8474760108464809,0.8090678043602186
971,8640,0.26555365431877953,0.8796190250161384,0.5737087999230703,0.4456800725094657,0.5376153143738681,0.47017614667935215,0.5644646404835738
972,8640,0.48688116014815513,1.024303939147512,0.842006713850707,0.7403069707193182,0.6084119588206525,0.28088271316559643,0.7628519101085535
973,8640,1.642170166563266,0.8658655688066061,0.9459785683879902,0.9054421233203823,0.8696098351733487,0.7883832795355669,0.5211567167336514
974,8640,0.661451534089374,0.5972133158768219,0.27782795881916855,0.08249885879914894,0.058794636940223514,0.05720469539927983,0.692118054968218
975,8640,2.8155319556044036,0.4836517387569239,0.05062150309770699,-0.00754335255235224,0.0032347140244260507,-0.0046361195378214525,0.6211521374997436
976,8640,2.2085532724662924,0.6076914717195782,0.5339469665342439,-0.025100774881416824,-0.032366345879449226,-0.03200583164304808,0.9513102266826107
977,8640,0.541512404190868,1.0048487509740682,0.9084200685656931,0.7742572766102799,0.5798313979594129,0.18924917112088294,0.8280242640822476
978,8640,0.7588571777720861,0.894884200589968,0.8441589323526288,0.625746251525971,0.31291349147399583,-0.04947170825465005,0.8566400027112377
979,8640,0.3608816941687654,0.847250918586484,0.8309797184222157,0.7303261858614373,0.7486094095860647,0.7263224084386649,0.6359008973091312
98,8614,0.27346613148796367,0.7881504257242322,0.6170456770861836,0.5230263909788492,0.4611718394231655,0.37136439703742247,0.29216693409050476
980,8640,0.09539544261143915,0.8661466694992286,0.6939095615221903,0.5802139867307732,0.6047432899294916,0.5077850732349002,0.4744342061528396
981,8640,0.8129359797526213,0.5718154684324842,0.19563938031289435,0.02179060424729593,-0.00410077212798615,-0.0029574281758523303,0.7042289262230512
982,8640,0.43434295657195415,0.5031402164712695,0.04997766933134179,0.09095420499763714,0.017858085329283638,0.022583399063233874,0.874746952106957
983,8640,0.45015716377482196,1.0738737056394334,0.9486993637447649,0.9127301134766624,0.8567690623994371,0.7443283487657202,0.46693821069330416
984,8640,0.6049350464698825,1.0861487178054103,0.9407039406220264,0.8777578446981854,0.8214643813142789,0.6934712262287309,0.4763833871624547
985,8640,0.9918367008697168,0.6769231031647855,0.23144371017209356,0.002824839034996493,0.013663311221526087,0.014432418175563566,0.4211596742080537
986,8640,1.0810230528792564,0.6779471702784452,0.07965511027132043,0.015431029245335204,0.01657138039972633,0.018845879600793234,0.8743460253626982
987,8640,0.19295889265115512,0.753439232699876,0.2880624287864975,0.08370862435430775,0.09915171181253592,0.11282082824039488,0.5361145845667031
988,8640,1.1179110046713203,0.3091721455363067,-0.0034701818063298515,-0.01710232316906761,0.030427682678574052,-0.006876737017706136,0.8354075043125564
989,8640,0.20725426767133626,0.7964369291402347,0.18748323503517741,0.1737563757454999,0.16315107391741007,0.14895059844290862,0.1018901629549444
99,8619,1.3461161439162506,0.7534605789770479,0.30567679224401134,0.26662485335432495,0.27964852847463034,0.2566213017095248,0.24199115712149338
990,8640,0.7199811324919907,0.9607594541998161,0.6867470872682057,0.5256284288550062,0.4949704211000717,0.3230519368454202,0.6292145669961776
991,8640,0.3420305554081111,0.8379849927386318,0.40144874735627994,0.2478508206411505,0.23969030533746874,0.22090323985116075,0.14890876667112252
992,8640,1.6538589508708024,0.7337391072984755,0.32453163468048796,0.20676629483365763,0.2014165884300794,0.17838300940208865,0.584962518764857
993,8640,0.10045025357854834,0.9244918200008139,0.8814245153376349,0.8675716864455337,0.859086886565411,0.8389238680741999,0.7266741944251751
994,8640,6.282546979852668,0.7790220082706024,0.39956586375836034,-0.01187381020773866,0.009673231458895412,-0.004675929891459257,0.7544993672654323
995,8640,1.2546963678973733,0.7339589451258536,0.26063375351033485,0.046559792325829255,0.09214246573339346,-0.044183395560515655,0.6867081510604027
996,8640,1.365239618563626,0.9644505924802489,0.6432399597343447,0.5803017053763261,0.49304772124768337,0.17403422282775624,0.8450201403848305
997,8640,0.21047641486360896,0.999907683500225,0.7662706777594045,0.6918887218005043,0.6718677840515512,0.594586727633797,0.46593763794939536
998,8640,0.045839567094211206,0.781976693011019,0.5968611962724997,0.4753080258184416,0.2927032607787722,0.09495789466842512,0.2773487456970628
999,8640,21.313888730876993,0.45027972344572864,-0.002202042233669042,0.00027681000281998703,0.00024256231610806235,0.0032035780389643147,0.03382237456304179
