container_id,cv,hurst
c_10032,0.34816746272036203,0.7530805527536355
c_10036,0.6685908049592278,0.8641906251094337
c_1005,0.37263118905955767,0.7371320766664702
c_10065,1.0399268650061415,0.727082169544
c_10076,0.36057727612429674,0.638851065993879
c_10082,2.0962436878352184,0.732801242952313
c_10104,0.4256316203863262,0.8239649895345682
c_10105,0.3264765585487743,0.7491720620131455
c_10109,0.3761686067463888,0.8163522668270997
c_10137,0.9522001456515452,0.8070087569882549
c_1017,0.22402698436890037,0.6083782830138001
c_10175,0.5796187895302142,0.759731393332425
c_10188,0.4750368991661573,0.8773113682141789
c_10203,0.2258655892356809,0.8367258700911648
c_10214,0.40850376043817077,0.7701313252079101
c_10215,0.5329053170051196,0.825669325211738
c_1024,0.31586906523981934,0.7359937935194395
c_10241,0.41859086274080776,0.8542814151147948
c_10249,0.3722884509536455,0.7820278615592723
c_10256,0.2800863484004318,0.8810888821531616
c_10260,0.6184846108622812,0.7017111000124163
c_10261,0.5197672910614293,0.721221927655534
c_10264,0.30716876953030553,0.8085019396973674
c_10267,0.42121914838762664,0.8275066057239318
c_10318,0.39857834567282346,0.7019002853782796
c_10326,0.44165658422005477,0.7631402826343421
c_10335,0.7500846769111164,0.8199464017860889
c_10351,0.5003556346026419,0.7925756110327491
c_10355,0.4834438433920215,0.8568371286752237
c_10412,0.5025112474362395,0.738074724197664
c_10415,0.1662084364495351,0.7908254027670787
c_10417,0.2533234602415569,0.7085208957345015
c_10429,0.23987807026900196,0.735686210988573
c_10435,0.3245356079435265,0.7023590212565526
c_10439,0.3469946893655854,0.8322077511833158
c_10441,0.2983273991631117,0.7692332922268292
c_10452,1.4994207485134479,0.8506688603072502
c_10457,0.3256906016373448,0.8580725386990915
c_10459,1.1146234179497805,0.7466967794533984
c_10467,0.3868952969251519,0.7987042049842621
c_10518,0.30206260571514715,0.7891335743212609
c_10527,0.336882106457375,0.8098474225596025
c_10587,0.3253485644735736,0.7213731249177184
c_10588,0.30120043017875014,0.8279681042855402
c_1060,2.073318664476203,0.7413918164675434
c_10603,0.3183369007771517,0.8310338483013995
c_10605,0.4601857699322298,0.7680981584261148
c_10619,0.27561407023660917,0.7512603375563192
c_10620,0.22759931093369046,0.7787270366166699
c_10632,0.34714183144759825,0.7282604465551289
c_10654,0.3529221557311997,0.7712373859475646
c_10663,0.3655409597919103,0.8063405091235016
c_10672,0.4211488170312678,0.6927745508542373
c_10677,0.3677348396669375,0.7511875888771675
c_10684,0.552525437993228,0.8269111661257904
c_10704,0.35331853333162916,0.8602609146186776
c_10728,0.5722274711204342,0.7618834779926085
c_10749,7.516486576636329,0.5015973130692392
c_10775,0.29556643630603724,0.7267453330356863
c_10810,0.4488516785731214,0.8526664103493803
c_10813,1.0346168201662622,0.6449958658911863
c_10816,0.16948698901702863,0.5996470511886114
c_10821,0.21048483945354884,0.8571531796414056
c_10822,0.5647061473692426,0.739961253959444
c_10824,0.5625540850027113,0.8392064177970668
c_10838,0.15201071082611597,0.8142259371181224
c_10844,0.5092638713343094,0.8205155114640621
c_10854,0.33315243470086875,0.7436242817142341
c_10875,0.4631620990873312,0.8441088819653397
c_10903,0.3592300231669476,0.7774633696615183
c_1091,0.4561495538715056,0.7951117631009688
c_10910,0.4132943037000982,0.748899707050809
c_10929,0.33538968855856044,0.7775345301314509
c_10950,0.450886297550851,0.8403873091479603
c_10965,0.6088104500147901,0.6685837408436415
c_10968,0.21819307612554756,0.831515870450456
c_10987,0.536921924740395,0.7416516508226001
c_10999,0.31885153563315555,0.843327252839726
c_11007,0.18510038813085553,0.6924528422481916
c_11015,0.5804225640091978,0.7738594684152676
c_11019,0.1552096939621204,0.7809798901537355
c_11059,0.29151684765687813,0.7874288757855332
c_1108,0.5185213899898201,0.7375033420411702
c_11113,0.5505142011866512,0.7779876913025341
c_11124,0.23950322055435344,0.7697802607025678
c_11133,0.890358055396195,0.7709453864111414
c_11138,0.265180373312626,0.8282239222013016
c_1114,0.2766871458055232,0.819910128137779
c_11178,0.4390640011779166,0.6467391555063715
c_11179,0.16031846561236784,0.7819222834532114
c_11203,0.319462288579153,0.7997228270387524
c_11210,0.367907827805824,0.8158480331569955
c_11227,0.4402709045742421,0.813779529532792
c_11240,0.45065570670739163,0.6954330702192877
c_11243,0.8389842852922498,0.7590003813834119
c_11245,0.36624381718940757,0.5841346384482615
c_11250,0.5019781212701095,0.7251468188104248
c_11264,0.264694556391984,0.8366501868212863
c_11271,0.34757492697626685,0.7175279617796659
c_11277,1.0498649301639702,0.7447134628537357
c_11286,0.23769337134596705,0.7443573928645375
c_11337,0.24193098129162702,0.7493728731602189
c_11349,0.26512946297508583,0.8372029549053437
c_11359,0.21116730932481545,0.7829388274770235
c_1137,0.17110111786343926,0.7416218191808795
c_11380,0.4201409938793247,0.8086523641560344
c_11418,0.32175468383846767,0.6393045841317921
c_11430,0.2794806778362365,0.7514011402013687
c_11433,0.32729215085743535,0.7839862927372986
c_1144,0.33666232742813645,0.821763663962271
c_11450,0.251919406193544,0.8024504805160407
c_11455,0.35463046824781447,0.6966138656770362
c_11459,0.5560207129265119,0.7610194003319137
c_11473,0.3214809535755903,0.8354847202137775
c_11502,0.3336459769825242,0.7568126729381153
c_11505,0.14902847625647622,0.7203356659479675
c_11523,0.39360665647929116,0.717869608838991
c_11532,0.2823062101648916,0.724243096968208
c_11533,0.5340954287022668,0.8045720416700897
c_11539,0.18393051081637113,0.7575187853350311
c_11540,0.32202177594684717,0.7588557580551412
c_11550,18.357559750685816,0.43384491864441693
c_11555,0.5524802198434764,0.8366284594723236
c_11564,0.3201208897641282,0.7177029560835315
c_11567,0.2706760259680861,0.6719407577129122
c_11585,0.4040080748072564,0.8124639275751735
c_11589,0.3023175771552156,0.8728153454138458
c_11591,0.26160034785096953,0.6691139510580608
c_11601,0.47154600818335807,0.7669055736901296
c_11624,0.36307884329656837,0.7578198581226909
c_1163,0.3676825070549943,0.7656283316377716
c_11634,0.26986910802695396,0.7017499815305523
c_11642,0.3339847931063495,0.7486512243849348
c_11655,0.48917952919958724,0.8985664798800139
c_1166,0.42621760703580436,0.8535127581444045
c_11680,0.1980389036482145,0.8076332357644619
c_11687,0.281905172167296,0.7988973573939194
c_11730,0.18648244429039848,0.8661698268236058
c_11732,0.41833440777651204,0.690654500801453
c_11737,0.8487158334421565,0.8303539818700842
c_11751,0.22927229015169973,0.7438278008619703
c_11759,0.3091889136226917,0.8389478657544895
c_1177,0.2366424508409708,0.6539252249842386
c_11781,0.2251901545713615,0.7824888169792323
c_11787,0.3200802033436458,0.8300862291473248
c_11802,0.4015504909702715,0.6758387979580851
c_11809,0.2991955816014797,0.8361384339295643
c_11820,0.21126596234959608,0.8748624981752975
c_11821,0.37173488362836427,0.7255263044079695
c_11843,0.4439173568976446,0.763109106087696
c_11857,0.33947907083111684,0.705678673778036
c_11864,0.35357718412477385,0.8163700642744827
c_11889,0.5322364652785208,0.7699875442421396
c_11917,0.2527596680650383,0.751532218992957
c_1194,4.862113731447058,0.6655444826490935
c_1195,0.3932599591834784,0.8512938121732874
c_11985,0.1523410207848031,0.7987480228441413
c_11999,0.12848397938122844,0.7624914902308921
c_12,0.3550735508169884,0.8277724866625045
c_12008,0.5005843694571388,0.7476174402231173
c_1203,0.24683074154671464,0.7380362850224628
c_12035,0.17577688397503044,0.7232798218411844
c_12074,0.4153696396096931,0.7426519656890285
c_12078,2.7336463200193615,0.7674524670073972
c_12084,0.3149012367835777,0.776008093807012
c_12111,0.25279529946876617,0.7058560926294254
c_1214,0.3113370485337997,0.8003471222613264
c_12141,0.8838221127647189,0.7787964111217446
c_12176,0.2300035613744593,0.8299998347973307
c_12183,0.34490282182334653,0.7848937928792858
c_12209,0.2836985978702132,0.7026824394311173
c_12212,1.5765789128825591,0.7849692480928591
c_12223,0.43721711880017605,0.8883259460477222
c_12238,0.20968899294330673,0.7713145867858615
c_12251,0.45267088400386823,0.775103843645401
c_12254,0.46950837161475406,0.8137807707107914
c_12260,0.46961808194368215,0.8318986731351916
c_12264,0.38959362323198027,0.7939420668846673
c_12272,0.35996628592311813,0.6795540926712064
c_12281,0.37954343538528146,0.7734827064364158
c_12282,0.44380131720458793,0.8301892454315236
c_12293,0.16691285220668267,0.7437917186747857
c_12362,0.2518972937069864,0.8508902487554574
c_12375,0.5774143725307429,0.8573668041504525
c_12425,0.1863096728343518,0.7836993484272089
c_12436,0.36216690325141276,0.92016699373262
c_12448,0.5445281564639987,0.8635475378242761
c_1245,0.18837146305740488,0.7596711819058994
c_12451,0.7479743678936255,0.8719581571168953
c_12462,0.6617761695096704,0.7504288479535193
c_12471,1.0280922972937478,0.7642119919138252
c_12481,0.3607135252419743,0.7317198297043065
c_12499,0.16265260837834442,0.825100199591708
c_12514,0.26479921744763724,0.7900281056123849
c_12526,0.2858919363709891,0.8482861523751657
c_12536,0.26412020406265857,0.766203205997527
c_12545,0.28882223200929885,0.7910600317170615
c_1255,0.31737670818937286,0.8787710448356985
c_1256,3.9680294246215913,0.7144720529675105
c_12562,0.3766044980083925,0.8200694928043557
c_12596,0.7651573359672503,0.7569637186228377
c_12604,0.3945491160472939,0.7794308801165708
c_12607,0.6452547160662767,0.8213234287296275
c_12645,0.31035205078067674,0.8708405359206948
c_12670,0.2719726470512718,0.8108448696934738
c_12674,1.3332556170559664,0.9066555853742598
c_12689,0.27076409301803966,0.8488872131201768
c_12691,0.36784578630717973,0.8719644788917958
c_12695,0.48499783198777613,0.8559346388349682
c_12701,0.21945017819378887,0.7184646305983274
c_12715,0.2333591495445036,0.7353147238916067
c_12722,0.3554704517987323,0.8298192370863005
c_1277,0.2431681706906894,0.8176869498763227
c_12774,0.20558282330011263,0.8135767492274909
c_12775,0.28099604097533737,0.7315155893953255
c_12782,0.5418950694293713,0.7280005598613841
c_12792,0.29098261333763203,0.6957919557016744
c_12798,0.5408587961639637,0.8095111201360031
c_12814,2.517453497268864,0.6026789354429157
c_12819,0.41907681616721465,0.7695269406001883
c_12831,0.5710961898614539,0.8428308425548539
c_12839,1.5930936422113375,0.6648676918513916
c_12840,0.296243750194153,0.7665166833362527
c_12859,0.16195657286615608,0.7726251095086203
c_12879,0.16574727949148532,0.8611349605955563
c_12894,0.4920061826260138,0.7595221175311206
c_12896,0.3792167055055899,0.7263190892551519
c_12903,0.11547122527729149,0.7440730865088682
c_12910,0.4528679268463044,0.5715728970462353
c_12931,0.15675866497303081,0.7676993220001995
c_12935,0.3742451479328999,0.8274760978659466
c_12954,0.23784053219171947,0.8345262163347088
c_12959,0.8696201003264779,0.7722208016097418
c_12962,0.4725914312493318,0.8471219236062351
c_12981,0.32374497066705693,0.7791107282941806
c_12991,1.025787619419296,0.8387676877571031
c_13013,0.246385659691102,0.7768356433859447
c_13025,0.16056653523753248,0.8088265189004977
c_13045,0.3973886899536608,0.6638425804718275
c_13073,0.3937426748419791,0.7644948660176547
c_13083,0.22285247783437043,0.7595039778998411
c_13086,0.3326034133018755,0.7774237752156538
c_13122,0.3265807844602315,0.7662182200077224
c_13165,0.323219736111613,0.8110762051462785
c_13171,1.065850802738158,0.8337516026539158
c_13187,0.28555506977895023,0.713681670037218
c_13200,0.1626127123575464,0.7671784310840963
c_13204,0.2932596230625593,0.8847810646968519
c_13210,0.3046612356294608,0.8035865955887134
c_13231,0.3533324240054601,0.8361384313453311
c_13290,0.40414399732371126,0.8137173161349988
c_13298,0.473687130121537,0.81615557392074
c_13314,0.3053937114871141,0.8557654586009337
c_13323,0.2696214241091615,0.7239971158105026
c_13326,8.221779245330312,0.6240491285163958
c_13329,0.14907471226482216,0.7285917060292864
c_13334,0.22225400902240974,0.7565504728043785
c_13348,0.6419135590204136,0.7089397731500483
c_13357,0.3321488435314373,0.7250405144215106
c_13396,0.5757368267058189,0.8561166998642618
c_1340,0.2409531073892216,0.7718084820655353
c_13416,0.20929030225808573,0.71728497775738
c_13453,0.49316024611109005,0.856457486936766
c_13459,0.3535201951109473,0.7742352128126682
c_1348,0.38058851159461804,0.7251090068839863
c_1349,0.3200794783401819,0.7554437308085302
c_13497,0.25006571632190755,0.731894982577911
c_13518,0.3258413763672616,0.7375820920073041
c_13539,0.5105375047959033,0.8767731571115143
c_13541,0.05360540414333798,0.4339955140934525
c_13595,0.18033762700798145,0.7457911361154218
c_136,0.5734302752796634,0.8291782698594079
c_13606,0.4396789833297356,0.8520615051493496
c_13628,0.2821817385666069,0.7113319701856072
c_13665,0.2063108869458949,0.6729578862326195
c_13666,0.3459206952640149,0.902731344874615
c_13676,0.355870974664393,0.7710366001775177
c_13677,0.34348629809371933,0.7658522662591042
c_13687,0.33195642350529997,0.8684909764535909
c_13692,1.3511842766134403,0.7970401974951291
c_1373,0.3759475293205308,0.6276955787726489
c_13749,0.6113654507482906,0.7236116643443165
c_13760,0.22367579634075208,0.8303422703094756
c_13762,0.30147909577830406,0.6665469717983903
c_13770,0.3571396922046777,0.7410395687388192
c_13773,0.34894493431909834,0.7963726488364201
c_13808,0.3423522175883295,0.7592414091267379
c_13823,0.37279410466941526,0.7181928366480803
c_13828,0.2785757126466644,0.8414034915248882
c_13832,0.24924448871545765,0.6736898856270804
c_13842,0.41528066005092634,0.7442596271962991
c_13866,0.32102561137423274,0.7170934550244937
c_13876,0.25444596156790905,0.7683956258538165
c_13880,0.39082690283624755,0.7720268881506511
c_13906,0.4003595398165854,0.779504241413061
c_13916,0.41446954007437864,0.6866858388273178
c_13919,0.2760027391687196,0.7434310230832981
c_13920,1.233961785194193,0.7724728405205061
c_13949,0.2500505830395706,0.7470135999212142
c_13979,0.5328787228887247,0.7942179015167059
c_13980,0.42813313230606354,0.8691352320419486
c_1399,0.49206478423358385,0.7422213576609605
c_13991,0.29710192841942873,0.8042362679461232
c_13992,0.3949101202286523,0.7886221478518023
c_14009,0.3600971741329613,0.7509791464244475
c_1401,0.33841976570812826,0.6901524446542712
c_14027,0.49082581201375575,0.6862848479728718
c_14035,0.2836322185669266,0.7622040969569028
c_14045,0.22576870821419742,0.6254137307019134
c_14049,0.38332582938388526,0.7841044771803531
c_14064,0.27209660164535804,0.7740687796769758
c_14084,0.5715759550197157,0.8366175199363401
c_1409,0.383950418097248,0.8065009847129554
c_14107,0.3420491093583004,0.7062009188671239
c_14122,0.30425958409157533,0.6837737805774797
c_14125,0.2803577337955597,0.8408803350556281
c_14133,1.1977877616256312,0.6885791879629388
c_14140,0.34737161014188683,0.7693786614535741
c_14169,0.24960577948511403,0.8195372960247792
c_14185,0.37675409066971344,0.8125320841299764
c_14210,0.8565529372415481,0.8696735070272967
c_1422,0.3592211358164238,0.6497348987120505
c_14233,0.23891281048901777,0.7774993561972636
c_14236,0.20629893588036496,0.826937812828878
c_14257,0.20607294965794412,0.8658259932713903
c_14258,0.3862925887004964,0.7312392810633659
c_1426,0.3722845061056074,0.7121219278384456
c_14275,0.7704774326470325,0.7892889241559278
c_14294,0.35132482159374434,0.8280424491466343
c_14347,0.3480994952347633,0.8004757973969165
c_14387,0.1321144492466607,0.7251720142385862
c_14391,0.3143636134123024,0.8556904160979759
c_14397,0.31861803129093075,0.7290653670008778
c_14399,0.5007411996478093,0.7349720614632975
c_1441,0.5968194586300827,0.6498168992790926
c_14429,2.5715220681860824,0.7334701484218753
c_14434,0.3290055258437811,0.7829060894582086
c_14446,0.2764303867610084,0.7306977142906417
c_14469,0.31276854810391047,0.7415019131500542
c_14477,0.7892795349426485,0.7534141439900282
c_14478,0.36932663412276756,0.7705448890995577
c_14485,0.8722122510060851,0.7520144220687535
c_145,0.22114113848832578,0.73465651944015
c_14516,0.24300965540491984,0.7512539026588823
c_14530,0.24975894223289444,0.8102072031889919
c_14537,0.32598805473272263,0.8208577092390175
c_14538,0.2378528811344742,0.759882683793532
c_14558,0.40049929212258895,0.7931680551640565
c_14591,0.3623104536934775,0.8371705052058596
c_14621,0.2876335093393658,0.8382221264691054
c_14643,0.3889623459725003,0.9022515855046644
c_14666,0.20883463280937964,0.7649961157139772
c_14668,0.3703631766818776,0.8350988746687953
c_14670,0.4733425421468921,0.8122295791351036
c_14712,0.2817931726763352,0.6205871021285684
c_14723,0.31566817897962,0.7183233861137894
c_14725,0.2661192401898222,0.7256654495233484
c_14732,0.24876008191278348,0.7526214561042164
c_14733,0.30734536527204304,0.8142599679954596
c_14737,0.6167465636852515,0.8105878329503445
c_14739,0.332124467653607,0.7455719767023153
c_1483,0.48915441095292644,0.7290220228334873
c_14833,0.2824968403962013,0.7520629734893789
c_14852,0.4392528660801081,0.7912565186737783
c_14864,0.49956844089454056,0.8398117363650748
c_14865,0.4262540745460889,0.7950664160187328
c_14884,0.21889039884630154,0.6428907211770525
c_1492,0.20943519747826245,0.7298826776409605
c_14921,0.3362082798707686,0.7469491200241216
c_14937,0.14776043895924434,0.8130511573950256
c_14955,1.1755097026492596,0.6742433884498689
c_14963,0.19369814265343804,0.7238998569215709
c_14964,0.16407292815398739,0.7175310575570293
c_14968,0.4037456406577536,0.7571672554591706
c_14989,0.3832024351234889,0.6102374829321313
c_14998,0.1964055230214611,0.773730597412158
c_1502,0.17937328397347352,0.785688397201432
c_15023,0.232429678003924,0.7353369200973917
c_15049,0.40077142652482106,0.8672124558433167
c_15072,0.2683703961459052,0.7105515628668935
c_15077,0.37660062942016953,0.7658947348492189
c_15095,0.48840655414547274,0.631992423256716
c_15100,0.4881911528485525,0.8273152678424212
c_15112,0.4483590714608662,0.8432913298286759
c_15163,0.3575857010902146,0.823803047286191
c_1519,0.6575440632032544,0.7003449097508031
c_15190,0.3941522294464982,0.7482858968566211
c_15208,0.2227616707022715,0.7750968345993582
c_15209,1.2161907379470662,0.8916307775786336
c_15215,0.2079563201713601,0.7766051397783807
c_1524,0.3600228718959325,0.7269823429793294
c_15241,0.3327404700480616,0.7723445033945047
c_15271,0.2005932088757084,0.8074583827607558
c_15279,0.22679055384188526,0.7664653366383491
c_15294,0.5695566388422584,0.8313470200093673
c_15305,0.2523831770123992,0.7626159493495639
c_15316,0.15670004643156665,0.8477271076830373
c_15329,0.5100785993264098,0.7495463915813659
c_1537,0.3886871734774727,0.8046825069008148
c_15391,0.3500382729276361,0.8019345847862954
c_15405,0.37506224848640873,0.839390042886771
c_15408,0.469229868066465,0.8414056035476136
c_15447,0.41953347002346697,0.7810995111891711
c_15452,0.4387599491700266,0.7554985873729447
c_15468,0.5745849458269119,0.7292034275460182
c_15498,0.1568407774918808,0.7440024013005777
c_15501,0.13180542330907483,0.6864100213724333
c_15510,0.6786528124084292,0.782995189859411
c_1553,0.8725084341212455,0.7778036593671782
c_15543,0.41686059587521074,0.8516872182067372
c_15548,0.379975178447734,0.8234450774936994
c_1557,0.39106716956981863,0.755328089580666
c_15594,0.2966668537500049,0.7275561903319571
c_15599,0.6109603486833894,0.8239319637965938
c_156,0.33451504773893403,0.8391192416674071
c_15602,0.7457594715126227,0.8044768993070734
c_15606,0.9594760044238811,0.7093898893572222
c_15607,0.3742841792483157,0.8880401483604723
c_15612,0.36128054708586127,0.7177371182622554
c_15637,0.45658497666452275,0.7457045009464371
c_15651,1.3601411245009942,0.7353886891150974
c_15674,0.2784879021907768,0.7670936021456588
c_1568,0.2741259215792857,0.7969267732816958
c_15688,0.18680031645877815,0.6496441950937516
c_15736,0.4002630376816968,0.4587231172261429
c_15773,0.48020397086401495,0.6762904292651574
c_15774,0.4879378267280833,0.7567991547789001
c_15796,0.26993748442309,0.8189639722006351
c_15803,0.3918646646492853,0.7266675766886646
c_15805,0.4272505194977458,0.7098625283946244
c_15816,0.5623794342316315,0.7320368534424369
c_15821,0.4232803736312738,0.797979348055561
c_1584,0.4770842604796875,0.763169565064626
c_15846,0.24713783952791438,0.747424762485195
c_15889,0.4396827272681183,0.7814765152129055
c_15893,0.33058206752091235,0.7085810320119618
c_15902,0.44572255400360133,0.7787203943266503
c_15934,0.25313709252042654,0.7023223638964254
c_1594,0.707872153718144,0.8035347215311586
c_15971,0.3075784572884836,0.8571701204171069
c_16,0.4112274633626709,0.7700928532505772
c_16018,0.32134381301247367,0.7236487272692178
c_16021,0.2370281336775158,0.8232109070057623
c_16026,0.279069058793868,0.7537874035154828
c_16027,0.19863539947734182,0.7183142833581087
c_16035,0.4281888283913516,0.8425924574174914
c_16048,0.513333493398289,0.7816549815223204
c_16054,0.27903275792772186,0.8005996787633718
c_16056,1.497088405752638,0.8044780424724012
c_16069,0.7765586551096625,0.8126781059953927
c_1609,0.5542699974012648,0.7199977309065247
c_16092,0.3006643272206911,0.8675015487882952
c_16109,0.37570070541030687,0.7881188515747051
c_16114,0.4508202822534603,0.7074552861105243
c_16148,0.82454172028454,0.8026707574470541
c_16149,0.26444852745071074,0.7776078020327155
c_1616,0.14147876308315085,0.8641223993183512
c_16186,13.038348415798861,0.47049567954458965
c_16201,0.5542058298775511,0.8635645204716508
c_16241,0.37046685765759707,0.7892108459790269
c_16242,0.3183915208473351,0.8400456185957843
c_16243,0.22844982204561534,0.7177036590803602
c_16247,0.3174722320452999,0.8160938867492766
c_16253,0.21979308213769858,0.742624987565443
c_16255,0.374579960636078,0.7911728770817975
c_16287,0.3189346601080512,0.7457235217894914
c_16301,0.37327667437294404,0.8064402807227007
c_16304,0.38206842182672757,0.6917757658348265
c_16324,0.2407769927241327,0.7051770436898988
c_1635,0.09981036734143102,0.6984336410861648
c_16351,0.40529917113039,0.8293859929046241
c_16352,0.2437956306455616,0.7110928808109908
c_16363,0.36458232820646896,0.6960020461337729
c_16384,0.3897857977748468,0.7552343007014336
c_16395,0.42590825694123924,0.8264532195441903
c_16406,0.09659064905839236,0.7577847152259044
c_16441,0.8922950752233105,0.8384079747329916
c_16467,0.47653789243069405,0.79762922206343
c_16474,0.6315238373579136,0.7252338141198441
c_16483,0.41089450912192615,0.8516774729477242
c_16484,0.44045718690001023,0.7698410005088893
c_16500,0.49026140049270917,0.6760963668291717
c_16504,0.30583692357779635,0.7946096546277872
c_16516,0.46015990853800615,0.6628894072571674
c_16538,0.35666144057322474,0.849487495147821
c_1655,0.3365979775654698,0.8234983158858984
c_16563,0.306309357539939,0.7443746214972362
c_16567,0.37207745468813364,0.8317260690424033
c_16570,0.3724905427538437,0.7231836616496741
c_16593,0.2874289898247369,0.7674818812018719
c_16607,0.34756759676018295,0.7534916863260748
c_16651,0.4486916982017979,0.8058762468260849
c_16662,0.46119539475928345,0.8164515179803906
c_16683,0.2850379350333252,0.7610630457378378
c_16685,0.3619557432190425,0.7023298475393829
c_16710,0.385941520427008,0.6745635121189023
c_16723,0.37143623630711364,0.7800575795174265
c_16737,0.4362988229365711,0.7157417737392511
c_16745,0.35657829739732205,0.7887072857847715
c_16750,0.2254039675736587,0.8516173978729448
c_16751,12.961423992168527,0.47080160447433644
c_16782,0.6082346109878599,0.7389883876855112
c_16783,0.3521669310889248,0.6707754082710974
c_16794,0.24414132517827694,0.714708069499694
c_16799,0.2636470985182297,0.7776166884645461
c_16802,0.22081128555832846,0.7355186696615528
c_16803,0.5331277750260203,0.8188476896848429
c_16831,18.57417562100671,0.4340063978438776
c_16834,0.4323920884540172,0.6708736381486411
c_16836,0.31375143856933396,0.7712396052845472
c_16862,0.5536252082345131,0.7216094730242751
c_16870,0.2777035470872377,0.8029423317842672
c_16912,0.5749358175332794,0.675961006769403
c_16917,0.2240720034139163,0.7730109473468746
c_16925,0.39332398412444497,0.6977799638903052
c_16937,4.3921946327928225,0.7086498922299219
c_16965,0.33627168863485407,0.7972518774470642
c_16968,0.656589500469386,0.7530656322264709
c_16974,0.303299290975417,0.7647288336196141
c_1698,0.2701106795061832,0.9005468821159675
c_16984,0.2450346118322352,0.7193914044972051
c_16988,0.4036005720270401,0.8017053955588096
c_17011,0.4383531726367096,0.7379027155019925
c_1702,0.24168208866736793,0.7805747302501952
c_17023,1.2399393714765472,0.8216617440155392
c_17028,0.37294774728799873,0.7885089799118778
c_17058,0.26159389292752283,0.7618041695452291
c_17066,0.26041859581002214,0.6736013399801952
c_17067,1.562537803839332,0.7494352430835486
c_1707,0.2646465649159949,0.8325988508074318
c_17077,0.3701344147075021,0.8073136957706701
c_17089,0.4320839913873936,0.8325880996441024
c_17114,0.2478531810934851,0.7172205585291922
c_17121,0.36728581835808294,0.8433718004733667
c_17124,0.18172055914474358,0.8250276913615382
c_17136,0.13917963980606982,0.6202461149438963
c_17155,0.147828050675759,0.7716009071513527
c_17156,0.975447489528023,0.7438625083488902
c_17188,0.28953772402380173,0.7760555867071901
c_17193,0.429056954408271,0.8302014573616401
c_17199,0.3067016586182921,0.7369806244434098
c_17208,0.38443667501302387,0.8210644910327058
c_17213,0.3305026340511078,0.8522481359821532
c_17248,0.21983460784813308,0.6651486692642784
c_17250,0.4695143495601579,0.7988588773049552
c_17273,0.3255949587153338,0.8633984152882077
c_17295,0.38624147586090884,0.6966536476122547
c_17297,0.13116540566002677,0.8255904574139352
c_17311,0.43782273619698225,0.7791951134414922
c_17312,0.397875402730155,0.8352790984119314
c_17316,0.8029479461759182,0.8336644201493553
c_17363,0.16318562093917405,0.6447727515061741
c_17365,0.30641561452095256,0.8333777002689258
c_17387,0.5101851442074843,0.7003525972230259
c_17397,0.4229469058185548,0.6947899708672192
c_1741,0.3394369936031599,0.8383787165096266
c_1742,0.20597056040853098,0.8334118823117334
c_17430,0.21075574841145622,0.7602998015745694
c_17432,0.2748587203973094,0.8297137574892912
c_17444,0.33479280739208017,0.8332395236254
c_17465,0.2213605758565278,0.8153512310693376
c_1747,0.20907270207305384,0.8211471158070828
c_17471,0.3670938319416548,0.6854620680023163
c_17474,0.38738153761336225,0.8977660923317359
c_17475,0.6515558423829236,0.7695501447421964
c_17511,0.08496242046369042,0.6692768188391367
c_17518,0.4417859025956927,0.7927474494693132
c_17520,0.4990272451652449,0.7397523466676519
c_17530,0.28588207630633006,0.653607050790132
c_17531,0.47957035490928335,0.7571100436966703
c_17558,0.34614140088408757,0.6038261355158758
c_1757,18.466185312619388,0.4340215544236183
c_17570,1.2210770850727808,0.7818819943438969
c_17591,0.25116432047184156,0.7946493638745793
c_17610,0.1630228878385902,0.8161194000934711
c_17625,0.6404379306135728,0.801053966309957
c_17632,0.6463934155153324,0.7811127217932162
c_17633,0.70541258527372,0.7256760295019133
c_17664,0.34293748431976717,0.804775029781555
c_1767,0.2954087889302708,0.6404369389165584
c_17679,0.136963315710545,0.7318746071584864
c_1768,0.16023701306795868,0.7595007319112793
c_17736,0.23903251985078047,0.770679897594508
c_17752,0.21893264579295407,0.8015830493739682
c_1777,1.5025790653353888,0.7998028827817565
c_17771,0.3534078740776426,0.8189818403611386
c_17791,0.37069267216974855,0.7852911873223409
c_17804,0.8482551014513189,0.8379246722272173
c_17812,0.16241233309684303,0.8575123545900547
c_17818,0.444261863870701,0.6914014995821656
c_17826,0.26595213998651024,0.7559868720098403
c_17847,0.3231510006662535,0.8199124364873054
c_17858,2.9958598835156884,0.6740391467841682
c_17899,0.41959282020748834,0.9235554645734136
c_17904,0.28705943824881,0.6094087443227225
c_17929,0.25857750891217246,0.696425810272649
c_17942,0.34433479865564676,0.7925796630190516
c_17970,0.3291351252539057,0.8113656441800886
c_17979,0.8661161032976493,0.6930973461603723
c_1798,0.359497700523651,0.7942446612749023
c_18004,0.33122777560974337,0.68311992590843
c_1801,0.1863430502932438,0.735657711506029
c_18014,0.3408499815221511,0.7668150123635367
c_18027,0.32773521376571546,0.6759333876669508
c_18030,0.2815047101583894,0.84699092326975
c_18057,0.978295740925466,0.8219673827765397
c_18091,0.2532165476899221,0.7410030496680021
c_18104,0.26783884827234544,0.7583816733103705
c_18123,0.36466479743026675,0.6823750250655305
c_18137,0.9488961138801696,0.7472372953596567
c_18138,0.3869331180929151,0.7887692191053768
c_18147,0.20688269550144442,0.7141199265985273
c_18158,0.63330211797404,0.8662581944547587
c_18169,0.4248906753737934,0.6827842210837178
c_18194,0.3290826799495454,0.8612823450599796
c_18212,0.4937083936738569,0.8010903829145167
c_18217,0.40243517448729577,0.7707023103902885
c_18239,0.3502211978016611,0.7550830281896003
c_18244,0.46745097346156556,0.791614408595114
c_18250,0.2169676439972114,0.7325616435712279
c_18294,0.3735171583197566,0.8085674016199473
c_18299,0.20426125424874006,0.8490399806107358
c_1835,0.36942189459531727,0.8458297026180321
c_18352,0.49528129868035725,0.6467136967262049
c_1836,0.4025634368498464,0.7430033665219464
c_18383,0.32592686039249497,0.801843111042057
c_1839,0.39716507531119843,0.6208491192544654
c_18406,0.16501637233817532,0.6284640001279767
c_18422,0.6859981866860965,0.843907282811925
c_18426,0.31225438101320646,0.7758940637891018
c_1849,0.44343096431880813,0.7502209234960512
c_18503,0.537582487023311,0.8315007486617445
c_18522,0.473708871610709,0.6269500772457534
c_18544,0.4120225990533966,0.7408232743266203
c_18548,0.4703701787851257,0.8618715374411905
c_18549,0.6339873570770197,0.767607447102336
c_18555,0.6509884038090499,0.7711278926824036
c_18558,0.35672359320966596,0.7755525457109607
c_18581,0.28902009894208314,0.7881426659467522
c_18600,0.23490933848494436,0.7932277822127975
c_18638,0.09407087331032042,0.4911773824252356
c_18677,0.6144986751532135,0.777598364662005
c_18678,0.30730540373091897,0.8114129530975176
c_18705,0.3843178414140652,0.8512461867222463
c_18733,0.5253578463176221,0.8600331656091105
c_18752,0.2609709981269191,0.7853999494577961
c_18753,0.2818904862636683,0.8239884692592918
c_18771,0.4730252427329143,0.8977518344161469
c_18779,0.476099610608171,0.7885308529801351
c_18781,0.25093870843447086,0.7071655334326671
c_18783,0.17888264021130207,0.7678054360180816
c_18808,0.24142327848653933,0.7633276552081079
c_18815,0.27771754527542186,0.7823294737901336
c_18821,0.7237027296210987,0.680859019796049
c_18830,0.3532831772232387,0.7581561388269331
c_18844,0.28277362903058745,0.8466223668144583
c_18852,0.4348385931493499,0.7509216218913921
c_1886,0.3276950132616987,0.9104251910571874
c_18864,0.4120292386799175,0.733425571546542
c_18876,0.24015880558975566,0.7429419529198841
c_18883,0.9216524984559891,0.7502613116980644
c_18885,0.6325380668960845,0.7429463635281874
c_18901,0.2760840584169347,0.8494610814668959
c_18904,0.31513672383654506,0.8706606964285166
c_18918,0.36867829414754544,0.8193855590092547
c_18943,0.1946469993363852,0.7740601886585343
c_18948,0.2360934100234127,0.5219304051999449
c_18950,0.3997202003486539,0.7523545133553935
c_18960,0.7822465592610661,0.7431903638501366
c_19017,0.27361760240295047,0.738969018966524
c_1902,0.620952694561169,0.8111186537907957
c_19032,0.4044636360355266,0.5794170057512427
c_19035,0.3305234754211038,0.7749815708066548
c_19117,0.36069542328890447,0.8382801729622039
c_19138,0.3697654691593695,0.8786650283942791
c_1914,0.7145268108580535,0.7557146679106914
c_19153,0.7255020122783173,0.73849939120959
c_19169,0.2776159966551217,0.8068151895348019
c_1917,0.29150337482512834,0.7169070479885575
c_19207,0.366796532575034,0.9005304906583387
c_19208,0.34559226432135504,0.8612252661897746
c_19212,0.536380932826637,0.8297484367815589
c_19292,0.8372452387933356,0.7438467845020594
c_19297,0.3165053157927464,0.8184828564288169
c_19300,0.5625235938335464,0.7026043302406599
c_19317,0.2161112667600654,0.791297871918321
c_19341,0.34539933331707773,0.8715294801553078
c_1935,1.637829500273621,0.6325518124464228
c_19356,0.2536504703193881,0.8257317098723844
c_19369,0.3511580452482076,0.7955855817103272
c_19375,0.45710158042466625,0.7571720929279263
c_19388,0.4444478957785702,0.6783381649390532
c_19396,0.3229216330515524,0.881016114365178
c_19400,0.3876992426840665,0.7900349254062458
c_1941,0.40234486983761136,0.8059440837931462
c_19421,0.15053259670397187,0.8812704777042586
c_19433,0.4852598792544726,0.8505866086269152
c_19449,0.4668236878146014,0.7699514215484625
c_19457,0.39266395147501243,0.6893037688586279
c_19459,0.39743864715987604,0.7269217130200006
c_19464,0.4294067541281194,0.7475069999110371
c_19492,0.3670401321092378,0.7744267924327182
c_19497,0.2997836720718962,0.7537689789576775
c_19525,0.6321667015520928,0.7503098838424215
c_19540,1.0772748577901472,0.7289589461944834
c_19552,0.3909686934835727,0.786201071424306
c_19572,0.8527677652249579,0.7828093304096277
c_19573,0.4014864597243559,0.7995997238197368
c_19588,0.19822539474439926,0.5773679144845902
c_1960,0.3603064154012678,0.7918393307445266
c_19620,0.3194137775631899,0.8291912757795326
c_19628,0.4281189014128924,0.7305145169849129
c_19640,0.4479084505401439,0.8080102545576564
c_19646,0.25576558658366433,0.7824841228571617
c_19656,0.47573324948841494,0.7775719566215625
c_19664,0.26454580516638954,0.8384358955180146
c_19666,0.44409464481635935,0.5876009418871428
c_1968,0.3192614947815572,0.7133456385593075
c_19685,0.21031330049108377,0.8101768173945961
c_19689,0.8101792004169002,0.6805321822484907
c_19713,0.21595258464114045,0.7081822283935127
c_19714,0.44026238998088063,0.6902604577622908
c_19715,0.4006246541931423,0.8134043980556207
c_19736,0.2045583066298885,0.7342584543883464
c_19737,0.39683694100206734,0.7588442663122021
c_19747,0.30494067219187626,0.7833306338175491
c_19748,0.15334976508966242,0.7920258509876037
c_19756,0.2700040956969478,0.8079531858758215
c_19760,0.35977873166750923,0.7957121653550201
c_19770,0.4648764327510004,0.8845627282029624
c_19774,0.5311714879084192,0.8645717792581011
c_19786,0.4438872272854795,0.7506723623552374
c_19811,0.26713366140742284,0.7970566181237504
c_19829,18.35755975068582,0.433844918644417
c_19836,0.7276640388003861,0.8873356012428909
c_19853,0.2872993709275169,0.8936630884086659
c_19855,0.18146814118868354,0.7643889695052618
c_19900,0.3164080501200771,0.834479363269498
c_19912,0.22833820630103946,0.7184352806101288
c_19924,0.31132331775015853,0.7878269870391011
c_19937,0.2457080555593633,0.7762102435609394
c_19957,0.32140828260960375,0.8211347782209716
c_20001,0.4615317114685053,0.8011514941127807
c_20002,0.2713703716940501,0.8026960622397783
c_20018,0.24036619395211647,0.7798678035803948
c_20020,0.5008071912234481,0.7538861137144457
c_20031,0.24530008081728216,0.7527246993051937
c_20038,0.11664496016749488,0.7914864056916974
c_20044,0.2652696155664974,0.8356688776497656
c_2007,0.327447931930326,0.8311136609308098
c_20079,0.48254639278360906,0.8621126772442385
c_20117,0.7483770442670786,0.7273639951536593
c_20118,0.23349200844491297,0.7722438855988201
c_20145,0.23633493091116298,0.7713230860598759
c_2015,0.3742292044063096,0.7746240707685291
c_20151,0.26090945878020533,0.7135543275384408
c_20164,0.3592051493570035,0.7984965649270119
c_20249,0.3281755126499669,0.8367155704560139
c_20260,0.27232659689084976,0.8017033145082875
c_2027,0.4051852813734876,0.8571809753053206
c_20280,0.2173907036927994,0.6868798926804726
c_20301,0.29771729560578564,0.8990607212488938
c_20315,0.417459500899909,0.7265033355945745
c_20317,0.19683760472202463,0.7673778252400548
c_20335,0.3447900330909643,0.799361513736191
c_20348,0.16897070361622943,0.7176144251547631
c_20350,0.45504277472473204,0.8101951072923489
c_20427,1.5494145735403837,0.7581158746965738
c_20435,0.29425750355685937,0.8094819865709622
c_20488,0.3456999105288284,0.878685324991765
c_20494,0.21892134521376244,0.7611007753754622
c_20503,0.39455524286795773,0.7759346417028975
c_20505,0.3305787935080061,0.759037101154727
c_20539,0.412637383436587,0.7555397364885668
c_20547,0.36495715246673394,0.7099055733691979
c_2055,0.3766685124243852,0.7786608304821349
c_2057,1.1416788473944386,0.781579740902322
c_20592,0.2674757459622971,0.8920081217032008
c_2060,0.22072428486761353,0.6147324013496978
c_20602,0.7875915856513834,0.6918854829338574
c_20625,0.41457104601813094,0.7813246583841925
c_20626,0.40973698801411507,0.9079156822192826
c_20629,0.898367780041581,0.7974976409438944
c_20645,0.9643762254749029,0.7193557729971011
c_20647,0.41731278278546635,0.758418574810283
c_20648,0.48503577621307026,0.8170496284679027
c_20656,0.4667491273543787,0.6911270536746947
c_20682,0.21907771069029602,0.8077893657023487
c_20693,0.2923192141419358,0.7792675959192186
c_20696,0.8915836320421172,0.8446148323370696
c_20699,0.24770919669214136,0.7049154899759593
c_20713,0.3151746410812644,0.8823022609313381
c_20728,0.40958259971298955,0.6339017319745281
c_20731,0.31180040095070743,0.7970990534084695
c_2074,0.36273053123571175,0.8658901491781505
c_20740,0.4205510060717602,0.8760059226134094
c_20759,0.22433756868792115,0.7596576260209872
c_20765,0.3423084240785114,0.8389768727579964
c_20774,0.4282922005637266,0.6660467212179142
c_2078,0.38281761008117343,0.7754084403715101
c_20793,0.3281502452413606,0.8295938371890467
c_20846,0.24601741455536338,0.689752019249763
c_20895,0.06726456488279706,0.6995226008490201
c_20906,0.31553913639059883,0.7354924813109701
c_20948,0.49904176130648975,0.7592245311620774
c_20951,0.32747365281756047,0.8754813275782712
c_20954,0.3942861824929043,0.7400292585557592
c_20966,0.06211798724995216,0.7802847433429594
c_21,0.2512009203983069,0.82509784667735
c_210,0.4014535639224078,0.8090990981366941
c_21051,0.37541279911312697,0.8790416367176881
c_21093,0.6000134184201048,0.8554252033495242
c_21095,0.28997889813826694,0.6877277582455261
c_21150,0.371624131653259,0.7252966688979441
c_21159,0.38678992068091406,0.882205337031515
c_21173,0.3100848213558553,0.794631349800692
c_21175,0.3131050931232691,0.7251572754055907
c_21183,0.26800992761686826,0.7565315360125611
c_21205,0.9660748255771223,0.7711870075815408
c_21214,0.5760945359716976,0.8680611231955411
c_21225,0.22407495224142202,0.7602427456501721
c_21232,0.3110924779213836,0.7619856160817675
c_21233,0.15439955003476363,0.7471458422656719
c_21252,0.023339002941307276,0.8663750131179013
c_21268,0.34601051743019745,0.786683989835099
c_21283,0.21867184094314956,0.7574105958462953
c_21290,0.18354130220160417,0.7228598811287084
c_21292,0.33497359187424325,0.8250954999616927
c_21301,0.3289360897673202,0.8369454068522786
c_2132,0.3933655285332728,0.7884077708170667
c_21330,1.1483448570661057,0.8115602623811461
c_21345,0.3583751420440322,0.6567448856721393
c_21353,0.2773374666189319,0.7590668759080741
c_21356,0.20589935619487504,0.8093547904531411
c_21393,0.34133046094503355,0.7710874349595811
c_21396,0.30211101872196955,0.728095187587005
c_2140,0.1385350870854812,0.7382978880958253
c_21427,0.24568111509692148,0.7643519836335501
c_2144,0.1983954740640742,0.7287155468997208
c_21444,0.3127249259011458,0.7033126373824728
c_2146,0.19220963810886624,0.68215839044947
c_21460,0.1592238491801378,0.693262438011148
c_21473,0.1359074058974,0.6577363883989518
c_21490,0.5688458083157202,0.7381708395329837
c_21491,0.15889890527909262,0.6047687134894729
c_21493,0.20793502964482372,0.8115319618097512
c_21494,0.27660851271604814,0.7617551956595074
c_21498,0.23879209901770646,0.614061570242082
c_21543,0.27311276667492707,0.8248205327126449
c_21560,0.4343184114613923,0.8151686122863766
c_21563,0.3516475587270812,0.8533355490329269
c_21567,0.18951424693221067,0.7652828764546367
c_21577,0.18288343436497093,0.7121229612121999
c_21621,5.045675317161006,0.4975899738474874
c_21655,0.4302403923765225,0.7614513532224501
c_21658,0.24923136353254224,0.6691127071976781
c_21675,0.28066086061409007,0.8588919292576409
c_21679,0.38438341983864593,0.789550015372007
c_21724,0.6102405015875381,0.6614237527376838
c_21749,0.22378143415142354,0.6934387205437572
c_21775,0.31823640904643824,0.7993384825865171
c_21783,0.14187027182492098,0.7333183526275662
c_21817,0.4211842466041095,0.7727165057861103
c_21820,0.21099531309041497,0.8862879114297528
c_21835,0.2685984849808621,0.8230770281956776
c_21850,0.342493616698218,0.7417923327095111
c_2186,0.3119048957899323,0.7813413889340299
c_21872,0.5211777079855014,0.8271170906486751
c_21884,0.19531053043635735,0.7653767266030731
c_21900,0.38306790087796955,0.6980012935244497
c_21902,0.20488070977358552,0.7768544072180309
c_21927,0.30600828443095257,0.7849682541902954
c_21933,0.4212722302131905,0.7681386351562123
c_2194,0.2947302767277274,0.8517539528356552
c_2195,0.17103846292340344,0.7486032595476717
c_21950,0.4601839228337903,0.7939777313997844
c_21979,1.1309025028666406,0.7871653358811721
c_22016,0.39890428189376714,0.7718208538269624
c_22017,0.4307886296792127,0.7948769767223385
c_22020,0.3505765313773912,0.6175202276102135
c_22021,0.8525956406552591,0.7486011347798347
c_22025,0.07699795491676517,0.7305802077911749
c_22044,0.4044911811988009,0.7669160567770322
c_22048,0.2644067439391721,0.7604620079138952
c_2205,0.17282995331602746,0.8218712504077006
c_2209,0.26153369650441266,0.7529870674600008
c_22095,0.39733764937419375,0.8396396611180201
c_22098,0.556455086987737,0.894359295707394
c_22104,0.3321350211850916,0.7660461393933841
c_22119,0.6700455671127786,0.7176794009634482
c_2212,0.34807259272804697,0.8183224628492414
c_22124,0.3120197558359481,0.8176748276654887
c_22142,0.22241046985882992,0.7129394173142618
c_2215,3.1807986889815933,0.5953121304553718
c_22160,0.8236565203848449,0.7436785714679282
c_22181,0.37812143769744366,0.78907048149767
c_2219,0.43862684602001845,0.7974220730168697
c_22204,0.3369216618697583,0.7393647578982496
c_22213,0.2816898472663357,0.6663346533597458
c_22226,0.20844947281009388,0.7537118995387864
c_2223,0.22841694235399818,0.8544034654381558
c_22244,0.2663009719588798,0.8391065643118598
c_22253,0.6156709650234775,0.8071518869375385
c_22256,0.33569011509247426,0.8465305130804552
c_22262,1.0236165282441516,0.6678502226487485
c_22279,0.23822212807332202,0.7620122027237171
c_22280,0.2675293871874555,0.6542152918880683
c_22313,0.487923600801714,0.7678581632029167
c_22324,0.22992137678022925,0.6527030737318371
c_22336,0.9127045023230205,0.6666138544185148
c_22342,0.921353334764525,0.659567781489141
c_22345,1.252374688769278,0.7529972480056872
c_22347,3.1872365960624602,0.6687516180589221
c_22359,0.43482168669205745,0.9197207178542622
c_22385,0.9342805101483341,0.7104362571778162
c_22414,0.23266989178246902,0.761303585951512
c_22438,8.24606982983312,0.5829163282384103
c_22442,0.1857927620692415,0.7447140718076669
c_22450,0.3912226624833033,0.7560946971436742
c_22452,0.5121260929446172,0.7645595549298253
c_22468,0.2412732425690906,0.8109484910902697
c_22477,0.44178232205688933,0.7873439956324156
c_22478,0.32142757744604233,0.8029642256817535
c_22479,1.2533127715874497,0.7225897380172059
c_22483,0.3903718793927365,0.8451150359907628
c_2249,0.20647111205799198,0.736011721704581
c_22493,0.25338065027772066,0.7710516416015808
c_22500,0.2892608963000997,0.6961395410377007
c_22514,0.4299549880835024,0.8276614146446222
c_22522,0.31825608775443015,0.8156375283352489
c_22543,0.28827158376400314,0.696952265239275
c_22547,0.2209226876423722,0.7077107940608655
c_22581,0.22916936291726114,0.7453303922436003
c_22583,0.3507610381836792,0.699265899224777
c_22593,0.9920742153611966,0.7257939056222578
c_22629,0.34283411329721863,0.8066165098642474
c_22640,0.25802208081211664,0.7932797174806777
c_22641,1.463469286652005,0.794916087311053
c_22667,0.37942804097168525,0.7757109788314744
c_22721,0.2784241465563912,0.838953325082287
c_22754,0.6961621090391673,0.7387982282198048
c_22758,0.28856885210739885,0.7544854052252722
c_22765,0.4754138477442591,0.7660662045383446
c_22768,0.303735600861462,0.749169844664567
c_22776,0.14592246986812063,0.8476385117761798
c_22793,0.22435007672715834,0.7895844801444784
c_22801,0.3156969055956901,0.7886816523486699
c_22842,0.22852314042265778,0.7856790653903982
c_22899,0.3095479730724859,0.6197935273138561
c_22901,0.1671009186317596,0.771763116615583
c_22912,0.22533339121611273,0.8396890821367884
c_22917,0.21134234934987192,0.7290464178727881
c_22931,0.22119459219837415,0.7598189675550997
c_22933,0.23053002040615483,0.7956457176202225
c_2295,0.327669569615581,0.8618493880536394
c_22951,0.19694354650448573,0.7317768326182579
c_2298,0.2307073203916091,0.6688230785662006
c_23023,0.7248169718811853,0.7745063381334094
c_23028,0.45066161660496423,0.8292468258709575
c_23033,0.5642052756168803,0.605949308386509
c_23037,0.2714373155510311,0.704819097510892
c_23051,0.3924665868963382,0.6870125193190659
c_23062,0.3234986192793465,0.8163243705323664
c_23080,0.2682269577622105,0.7720047031272317
c_23085,0.40465412019663766,0.9048506491300115
c_23100,0.2961528567103099,0.7199172705409687
c_23122,0.25447995614344515,0.6237927483160618
c_23130,6.100788730312158,0.945529253521177
c_23147,0.5658318209201795,0.6364558313989509
c_23151,0.2551050481465599,0.6482235405870183
c_23152,0.40870467074562106,0.6396342057827886
c_23162,0.5372924077869198,0.8655775490429157
c_23180,0.17827369721004122,0.8340717487264254
c_23181,0.19837386424837494,0.7185225255187057
c_23185,0.13787309366397207,0.7740442941520953
c_23206,0.3042925665362893,0.7751123480794401
c_23212,0.4062017319883664,0.7883116558307433
c_2322,0.18103786668918823,0.7586880027088344
c_23244,0.18923010902562826,0.7491998384313465
c_23249,0.33057649194650296,0.7982545785417772
c_23257,0.30256751949242733,0.8320382193314422
c_23258,0.4718957266066559,0.7949830963265293
c_23271,0.5134493512492232,0.8363479582101925
c_23275,0.3485380544810148,0.7574885878809663
c_23278,0.3755802617410944,0.7808969071838369
c_23291,0.37702069477463807,0.773912108624816
c_23299,0.5540479148235324,0.7246190166523749
c_2332,0.49929577230902533,0.8524189918199787
c_23320,0.6766730743641163,0.7384575836850914
c_23328,0.47231638167961365,0.6911496329722258
c_23343,0.3525690851245637,0.9082586002483795
c_23347,0.20785056297174717,0.7416612783993421
c_23367,0.32950037985545066,0.8261311815718113
c_23368,0.28164678133738025,0.8649276159820101
c_23392,0.25654304889912144,0.6754977348704615
c_23416,1.139299341531799,0.8002345526850423
c_23430,0.6952106176271329,0.6638328135272877
c_23437,0.30212775230667427,0.8265376666777189
c_23439,0.3795735742592589,0.7972798153433298
c_23452,0.38042391025152933,0.7170169951385733
c_23464,0.30247198200006353,0.870043622456144
c_23493,0.2675941856607613,0.7817310811555638
c_23518,1.7525335699630544,0.6735495844159265
c_2352,0.25789540772440595,0.8771852734948755
c_23520,0.3245904879453719,0.8692177703996076
c_23524,0.7199898529069517,0.7387900393291968
c_23526,0.44912129102020026,0.8465817468826158
c_23530,0.23402048408653073,0.7367743804206102
c_23547,0.3551968475707161,0.7480322366450295
c_23549,0.5356398449087245,0.6939684377218935
c_23556,0.9331332308698345,0.7352712192943345
c_23561,0.9062220857759302,0.7337340939051538
c_23576,0.11035489584668515,0.7766986187548164
c_23593,0.7485863635538785,0.7874024100375239
c_2362,0.19418457193268193,0.7387302977383196
c_23626,0.3069086419291002,0.8201121197338841
c_23639,0.3121312426869774,0.7727905267466216
c_23655,1.0393101508413611,0.7984406197494904
c_2366,0.3691533150140698,0.7648409374081729
c_23666,0.0899742480559046,0.6921272864898319
c_23673,0.48131749812910146,0.8854931863884453
c_23679,0.29606823072029864,0.7172148448236997
c_23687,0.3268418608090725,0.7952998701812077
c_2370,0.2950329334509178,0.7993102631183251
c_23701,0.4550368456278643,0.8050171544488451
c_23723,0.26602638724632593,0.7740086013546403
c_23746,0.5002336637566261,0.8115550144514312
c_23748,0.41076209504903305,0.7644443258543282
c_23751,0.19322930327142104,0.7439389362810782
c_23771,0.380855497294983,0.734471704534694
c_23783,0.46311680069007394,0.7910916895081602
c_23787,0.2955794865225978,0.7460505915279768
c_23790,0.20980557620191914,0.7922249066890972
c_23838,0.27903024285039,0.810140503409619
c_23881,0.2772689626032489,0.8201020958415179
c_23889,0.5082186763599867,0.7736372024383249
c_239,0.24865705119539844,0.7058305851508385
c_23915,0.5953952969081999,0.872976923269534
c_2394,0.39705574682842865,0.8468451413531619
c_23955,0.19293453585536424,0.7423448787680889
c_23957,0.5113975690072291,0.8284384145004735
c_23971,0.3522488111786297,0.7778698966558532
c_23992,0.31234310922284586,0.8516081128919328
c_24000,0.49342013447381877,0.6885692261374275
c_24003,0.2717532575706717,0.7807003860677291
c_24022,0.9776728385931832,0.7193498071243339
c_24038,0.3183077476484925,0.8470797542403208
c_24049,0.3694327444448539,0.8051368328546489
c_24053,0.21572266734312562,0.7548370250090093
c_24062,0.44752819436191416,0.7220255417393129
c_24064,0.2805629477830584,0.823183300535403
c_24078,0.2750332511007797,0.8067156398552822
c_24079,0.3726896913701427,0.7022320990074984
c_24081,0.09429161300529151,0.774445186510089
c_24085,0.17986330997684138,0.7703174553157826
c_24091,0.36099579816182253,0.821310069907242
c_24100,0.3540960558009407,0.8140536634386634
c_24102,0.37625706873554193,0.7747712820206006
c_24130,0.20984032221640903,0.8126891730242517
c_2414,12.999943104108539,0.46982028830759986
c_24150,0.2516329833431499,0.793617813447764
c_24190,0.2677412947710683,0.7953186668666288
c_24193,0.23889563716262294,0.8451794528479213
c_2420,1.4122061921607225,0.7601465458934744
c_2422,0.30194552004913805,0.8403753712986768
c_24222,0.2276985289129558,0.7809337559895937
c_24269,0.2620824749242058,0.7510306889689726
c_2429,0.3391110534772971,0.7306410933740705
c_24300,0.35332911065427725,0.7712811116123983
c_24323,0.224130834058072,0.7062180053894678
c_2434,0.2439732390525795,0.7167276708714893
c_24345,0.25402411860208063,0.7960443996967431
c_24391,0.42568697663782484,0.8524888041102856
c_24398,0.5055728584745225,0.8262600863166241
c_24441,0.3206682779622864,0.7870667258069972
c_24442,0.2658384847127254,0.7608147661482199
c_24453,0.28923386868780454,0.72902387989111
c_24459,0.3569611312895088,0.8127672850988279
c_24464,0.26283792453064986,0.7609536335811765
c_24547,0.26469782754192767,0.7981470499833652
c_24550,0.3992489236571096,0.8098444961535384
c_24561,2.1250318035998146,0.6664368929749697
c_2459,0.13855355882367942,0.7603606469513671
c_24593,0.3438210903079488,0.7699740215694375
c_24596,0.6703695727767565,0.8302918058747517
c_24609,0.4368734703279518,0.7121819521790531
c_24635,0.2642984504695462,0.6794643925222199
c_24648,0.45453652820674934,0.7899881055841487
c_24661,0.22102632186908946,0.8817223448305496
c_24701,0.3520068616800911,0.8297667972529243
c_24716,0.20185970383519236,0.8435091569940989
c_24723,0.3214472813070791,0.7650170121573432
c_24745,0.21184162290404696,0.7529969812863504
c_24770,0.3663878063853169,0.834103995044312
c_24812,0.22185320737473027,0.8904503872940255
c_24819,0.3947684298389115,0.8312976242479928
c_24834,0.25223720915293446,0.6998621531895918
c_24842,0.19731350733374478,0.759180006959595
c_24849,0.47741950773219033,0.8606913466550237
c_24853,0.3826867802582399,0.9016756637465894
c_24855,0.37907886631023396,0.7460488563151183
c_24858,0.17791283410394546,0.6817932029404389
c_24864,0.4512450001297692,0.702851411087278
c_24871,0.25982146563993674,0.8145783136198058
c_24887,0.367996528653811,0.775095483725042
c_24931,0.17576614707607985,0.7430899228122051
c_24943,0.428545677694728,0.6857723969413374
c_24958,0.22578920873210645,0.6809204870531004
c_24964,0.4996297905831675,0.7188552093863688
c_2497,0.26668912543138246,0.7835482545207252
c_24987,0.2673361051307761,0.8025190818235609
c_25030,0.29894010050069036,0.7614076526030943
c_25033,0.3386958174025727,0.7425085604715898
c_25039,1.0358584259409969,0.750358895865586
c_25053,0.2666567335017894,0.8130783924861473
c_25068,0.4156077990642241,0.7698361454592227
c_25075,0.2001961497286006,0.7728386093252653
c_25099,0.4225149904957575,0.692518491384251
c_25106,0.34988231858470104,0.760900279208041
c_25111,0.26520420545001283,0.7547385018251482
c_25125,1.0439007373720535,0.7517800960909934
c_25140,0.9872998247741388,0.7703512471884695
c_25144,0.3429871820438992,0.7598451977371177
c_25146,1.4369020334945297,0.7076068633493768
c_25148,0.3069632045024645,0.7964326802223967
c_25161,0.7047957740551021,0.7340019655752231
c_25172,0.303934374831603,0.7533682114819759
c_25175,0.22055178828038097,0.5858636500632531
c_25211,0.6792435578798266,0.906794043477027
c_25212,0.38370528128501497,0.8256045807395253
c_25234,0.2755057501290636,0.7687834851258417
c_25238,0.31480918517388234,0.8157233922606416
c_25244,1.9001223950785566,0.7949818325361423
c_25246,0.2037074216797711,0.8126263501471316
c_25250,0.38750493974899525,0.7529614457826379
c_25262,0.2694347495741923,0.765907551774363
c_25277,0.5082379584650661,0.7505831983821123
c_25285,0.20619726612215364,0.8153005529228412
c_25306,0.278501799370371,0.8293834818089649
c_2531,0.2859070791977766,0.7434604213106167
c_25340,0.3396247323750572,0.872522222046438
c_25344,0.26385759317684654,0.8574146591677096
c_2537,0.5113714686112448,0.7449132748690785
c_25378,0.6239187198016835,0.8370196575002271
c_25380,0.41714786759428046,0.7480015256623768
c_25393,0.37023026361892414,0.8039282568995937
c_25441,0.35637886709870953,0.7535028870419737
c_25457,0.25282956556312186,0.7218415105274055
c_25472,0.5616431372731029,0.762423098513729
c_25484,0.32518300605639083,0.8113178264574903
c_25503,0.2748913854606487,0.7740387722237887
c_25504,0.28475740755080176,0.7553908290881819
c_25509,0.9031562089898805,0.7904619328382019
c_25521,0.3297593443720996,0.8115852246174144
c_25534,0.3599585180761659,0.8527048354849092
c_25543,0.29942652826362265,0.8256766035761745
c_25588,0.46495484889687677,0.7198251144550636
c_25598,0.25669097620640874,0.8014621980230268
c_25610,0.4120269505167683,0.7984971390601744
c_25653,0.2141729800024207,0.6234806841626293
c_25661,0.7400889877853853,0.7376510600471884
c_25682,0.3087216802939018,0.7604029001385206
c_25694,0.3652371915222645,0.8484475112909502
c_25719,0.41572340855158696,0.60870707135738
c_25742,0.3462683931490749,0.9161105526752946
c_25749,0.3070713567793624,0.7924465753392094
c_25774,0.43334959082262464,0.8899670808052785
c_2578,0.06724922076279168,0.733935358956258
c_25781,0.2213943594708021,0.8011209942255797
c_25785,0.5672282583084587,0.6679487593249374
c_25820,0.3804451474788935,0.8385694686876357
c_25857,0.5656903498817507,0.7817548462510941
c_25864,1.8358413916151497,0.7325786710366515
c_25879,0.3118482327934476,0.809514698729145
c_25884,0.3514494769108668,0.8325824639305628
c_25888,1.0399374292360763,0.7317730988032234
c_25891,0.5106189790592387,0.732036553829994
c_25903,0.22624401743501527,0.7255103574716001
c_25911,0.427038500133416,0.802000051583889
c_25927,0.347120921809617,0.8309731182130069
c_25939,0.3355230031771397,0.8929803888014474
c_2597,0.32984962890032055,0.7360822447642186
c_25970,0.23720263542677744,0.7859656454483028
c_25994,0.2766762985848099,0.8374832338351077
c_26010,0.44613502731148263,0.8948451587788511
c_26030,0.2649994272826289,0.7910718332713116
c_26039,0.25944781201168016,0.8072464394368821
c_26040,0.2905967803139725,0.8139416421295957
c_26056,0.4662040333547644,0.7311248620774535
c_26061,0.41046958534341604,0.8409783872158093
c_26066,0.38060324910752497,0.6249525207651061
c_26073,0.9234296840366385,0.748828478564612
c_26085,0.2345162615887331,0.7581157727199743
c_26122,0.32201581541828334,0.7063093822320863
c_26124,0.30952254514952315,0.8354887427870776
c_26126,0.1791865460933166,0.7112692452222991
c_26135,0.47782550096576415,0.7807920432592601
c_26138,0.8969276749290761,0.7026165756316222
c_26139,0.406566291093518,0.8480471427742613
c_26193,0.18649993114510752,0.5967206917448512
c_26235,0.21110751295648542,0.7887789741171607
c_26246,0.19467409093398344,0.6417708734434554
c_26248,0.27274303512266435,0.7466247551008381
c_2625,0.3116225302319762,0.89513633882918
c_26272,0.2978521679605911,0.8403056193840543
c_26281,0.38100357927977624,0.8945676582801547
c_26288,0.16242251330533314,0.7025021074908059
c_26289,0.5615606799743729,0.8311801214611403
c_26294,0.5514943384843896,0.7566418433096811
c_26306,0.3582090828031435,0.6690505004100507
c_26325,0.3233406220995442,0.8075180114518159
c_2633,0.2612494470267574,0.7753763363686996
c_26333,0.2685423752175256,0.86265973896494
c_26338,0.2620430067161069,0.7898848747050274
c_26339,0.25546733716058273,0.7554255955979507
c_26344,0.28433180940844943,0.725954628416118
c_26345,0.3309408819152495,0.774764135478326
c_26393,0.42831988278616184,0.7930961974245984
c_26398,0.19978452678865508,0.8007207621603739
c_2641,0.680593150031013,0.7800619315734667
c_26452,0.2322582178117943,0.8196636097123526
c_26494,0.9229849428685984,0.8193035201782433
c_26499,0.25308300553308566,0.5437030009135627
c_2651,0.2831814277464585,0.7345772776061388
c_26557,0.3478775750559631,0.8444577446063484
c_26570,1.929663488007107,0.7592200463360927
c_26573,0.22009983639183112,0.7789718967274568
c_26575,0.4625739556400402,0.8967822266783603
c_26576,0.183792507946599,0.74724955142463
c_26609,0.3451330331642284,0.7300879156082698
c_26622,0.20636684090145993,0.8216564892359421
c_26623,0.39417849731264964,0.830026285813381
c_26633,0.20293258157554406,0.80727076133765
c_26653,1.1307040582763117,0.776665270120652
c_26663,0.1991213555991234,0.7443197248491384
c_26667,0.4947892401759979,0.7412415942542816
c_26675,0.37753331582497257,0.8250635623845074
c_26677,0.32679199799207187,0.8653811444668544
c_26678,0.2641901305308115,0.7835736795156446
c_26696,0.34203183737421744,0.6270721117711471
c_26704,0.27998890426985207,0.796537367837707
c_26723,0.40408122568130694,0.7987557204636344
c_26725,0.33263324773733066,0.7299766652571344
c_26732,0.7150606200112455,0.7633753931320856
c_26745,0.3183679855425851,0.7103752676548202
c_26751,0.9859591148204869,0.7724922357027908
c_26772,0.239927041396004,0.7601727371176146
c_26780,0.34197548361619506,0.7347783611429861
c_26789,0.48613938051457384,0.779264837004305
c_26794,0.22035023517169486,0.8079738466148576
c_268,0.41030846031316853,0.8424486082444425
c_26803,0.2629841429493903,0.7321187523148871
c_26809,0.45130087697601895,0.8957643283275825
c_2681,0.8385982214067107,0.6858321043709661
c_26816,0.4490205645961039,0.7597701849589977
c_26834,1.1802510038075373,0.7969998691412383
c_26855,0.27225282490015795,0.7081156305171781
c_26858,0.3839794026534244,0.7446749178476297
c_26865,1.2328441654389934,0.8727168207043148
c_26872,0.25041742413666074,0.8262203513839226
c_26877,0.31072882370239563,0.7748745122889646
c_26878,0.07297693425001558,0.84611342279228
c_26887,0.5920702326709999,0.9289625701584044
c_26888,0.3144532973939276,0.8087495042671513
c_269,0.2912094163544556,0.732700036023854
c_26942,0.35255611121823105,0.8510383161488024
c_26961,0.26389212829334163,0.7911917176607299
c_26963,0.21454822587871109,0.8264515497451268
c_2697,0.1931050546140745,0.7515632777581753
c_2698,0.2840653992656715,0.7488531609282627
c_26983,0.7982774629277267,0.6762363615545617
c_27002,1.2125603797430025,0.7075056307176193
c_27016,1.8187165659596947,0.7999822214851217
c_27025,0.28205811310128737,0.7220401510196166
c_27032,0.21874741867580935,0.7620278015192243
c_2706,0.4005587891549016,0.8154605621830855
c_27064,6.499804335158778,0.5455311637502686
c_27068,0.3024644424577168,0.7571680505571378
c_27104,0.42810246145094166,0.7727049089526963
c_27118,0.32696851168132324,0.7799987750116075
c_27149,0.2893093425504649,0.7664512521459463
c_27150,0.40212304732473203,0.6879455723997725
c_27151,0.7926006091795464,0.8326442020118955
c_27156,0.39460017365863587,0.8355699966997533
c_27187,0.2753385035416597,0.722073027429008
c_27193,0.182569289729266,0.703433042018913
c_2720,0.28582879433777325,0.8023147673251243
c_27201,0.9407194853844727,0.7735857008301068
c_27213,0.31073329125839627,0.779010365003342
c_27220,0.30095618706519384,0.7002133348970307
c_27224,0.6641891405587345,0.7947660978282531
c_27231,0.21782257591611923,0.7493353873164681
c_27280,0.48262448053922796,0.8069217610323062
c_27282,0.2873091862479741,0.6576234169323283
c_27288,0.2924264598650841,0.8644317998083648
c_27324,0.4049892709836334,0.7465475719598504
c_27336,0.13388727412274273,0.7451795413800684
c_27369,0.2736008503839365,0.7120623984748657
c_27391,0.25672544640322226,0.8114186203987699
c_27431,1.6237676590613594,0.7558877887132438
c_27436,0.2694001767444995,0.7318309622021903
c_2744,0.26734640979055546,0.7256710214953673
c_27450,0.1501585673786648,0.7746630017635352
c_2746,0.5758408464120955,0.8991716700363286
c_27461,0.7503794214443814,0.7705435365815878
c_27462,0.30767299884834015,0.7521641703997434
c_27481,0.3151133726094628,0.7777675765629193
c_27502,0.28188299041943776,0.7567725900479468
c_2754,0.1757180460584297,0.8906795814576955
c_27542,0.31308323404000754,0.900765214660041
c_27548,0.2234265349302687,0.8139397463523879
c_27550,0.2940377283978684,0.7852627078747612
c_2757,0.24034867234958768,0.7647173278473285
c_27572,0.16422087437851232,0.7933546824870252
c_27586,0.3767515043045615,0.48521814676856645
c_27603,0.2668849839113598,0.8679426155021814
c_27608,0.4956358313584243,0.8430904715099825
c_27611,0.15299757575529008,0.6967365271303393
c_27621,0.38792798750030577,0.744164111614666
c_27640,0.34793593193369016,0.8440924125826138
c_27650,0.390713628255221,0.8323449723162366
c_27654,0.29674122462247476,0.8638803303084484
c_27689,0.2968049652912752,0.6310954612444699
c_27703,0.4440715735931926,0.7374217285902753
c_27724,0.24163407244988122,0.7644540267520277
c_27734,1.2170089087495057,0.7958304722883983
c_27736,0.14060652919368305,0.8755179031216336
c_27754,0.41889192339212655,0.6829459114608318
c_27755,0.3469039658115287,0.8289017429816404
c_27761,0.20055091545711026,0.7594846667197724
c_27763,0.35149779426286787,0.8194084749787589
c_27770,0.2753211747598376,0.6761721337716781
c_27771,0.26265478563621697,0.7780308982820354
c_27779,0.43923516631174264,0.7471430078379773
c_27847,0.3255666667686114,0.7906343978811254
c_27869,0.25610844813977246,0.6857308026153289
c_27872,3.8506809550761916,0.49387860242038234
c_27904,0.21402668222527688,0.817891072508262
c_2792,0.26159285534360605,0.7859260404058372
c_27922,0.2087107615703049,0.7962499283863251
c_27960,0.2993249836777092,0.7247713294386356
c_27974,0.4360511238364102,0.7822898486039174
c_27977,0.32765042966988467,0.7994109609305502
c_28003,0.2908612885249309,0.7796521900098069
c_28019,0.30059094803827574,0.7324618961694819
c_28033,6.948612474943977,0.7934399756342437
c_28067,0.24465190018257194,0.7018545684307855
c_28072,0.27154522655523716,0.8099417227393721
c_28077,0.3100183479180078,0.8131177854887337
c_28100,1.2731099207348344,0.7839230897405669
c_28101,8.258188325450359,0.5716351216114639
c_28129,0.2740763000624376,0.781223005356459
c_28141,0.28109374052457864,0.36350509043216095
c_28185,0.46079220049680764,0.8751926345377341
c_28189,0.24083758470636085,0.7829603880629281
c_28194,0.40603935057784457,0.8761324922362762
c_28239,0.6509183574244645,0.7277040047063189
c_28240,0.565128770836834,0.6911890391904522
c_2830,1.1773953538190225,0.793681976393183
c_28317,0.24402216602627033,0.7983863150811062
c_28319,0.30155005532972534,0.7749194292955892
c_28329,0.39580672857171406,0.8622925720551948
c_28373,0.39130414008856207,0.8417954945404007
c_28405,0.26968799315851066,0.6828331662425577
c_28415,1.4630161213480803,0.7530804546868877
c_28424,1.0051601954550684,0.7462421987444661
c_28426,6.082547625864925,0.5053824410493836
c_28430,0.5108586829894328,0.8492956905295322
c_28434,0.5723436234113868,0.6733683854260457
c_28477,0.29751295731181665,0.813619635183604
c_28485,0.24254419911478453,0.7474668497385446
c_28499,0.3405765288512056,0.6709532641053534
c_2850,0.3332603964456636,0.7988659470661564
c_28518,0.25111566688970133,0.7587995695254204
c_2852,0.20838897168938678,0.8137002442206508
c_28561,0.39222167926806273,0.8956775085911105
c_28585,0.7896006603471629,0.7038394522733864
c_28597,0.1931323453653386,0.699224745733487
c_28603,0.3454599910290231,0.8258164832287809
c_28611,0.37889131939484144,0.7204568062458576
c_28613,0.40365799177999584,0.8062464561452491
c_2865,0.2661205852426851,0.7067480242900722
c_28657,0.1173758488326553,0.8251164621789501
c_2868,0.4568520314713047,0.8778587333882402
c_28680,1.7792702846580644,0.8785765830485364
c_28699,0.3482482893140368,0.7686994068258743
c_28720,0.34579089946498215,0.7764104626242483
c_28726,0.2775655342149175,0.8502455953368655
c_28727,13.095745197355221,0.4665512994457109
c_28731,0.7423487967795638,0.7307146993089474
c_2874,0.5115261810418323,0.8447267599694273
c_28745,0.31582532486742,0.8195507386929461
c_28754,0.2047634933263226,0.7190563501620315
c_28796,0.21362183872118298,0.7087278415867155
c_28818,0.36921670044788685,0.7747432503068572
c_28826,0.3363618971570076,0.7680615785038389
c_28838,0.2229864839549923,0.8099192639223416
c_28839,0.19012475360072306,0.7056124662415841
c_2885,0.48381018060436803,0.8101542629566585
c_28851,0.27926905008956093,0.8022710623851046
c_28863,0.5486035956180865,0.833119524424861
c_28864,0.6269103059998041,0.8400030180985043
c_28883,0.2619534741509414,0.792697716682083
c_28922,0.34958415531830755,0.9010151541239176
c_28926,0.4615172724279574,0.7859259860259702
c_28927,0.8723537974983819,0.8188599413832776
c_2893,0.6124015716982282,0.8714177635713771
c_2895,0.29259091356477424,0.8363711247744849
c_28966,0.3625530582158273,0.8810997605658633
c_28983,0.29435614674783905,0.8533348835007877
c_28985,0.5574799679288337,0.7476983951511692
c_28986,0.34739133718579923,0.8424969147120659
c_28987,0.3253528525990318,0.8120491921851454
c_29017,0.4366803910041469,0.7451795394645884
c_29021,0.3674385158133281,0.730026844480757
c_29022,0.1884888674774142,0.7886286828658932
c_29026,0.6175655779577882,0.7359116069918739
c_2903,0.4245727598790952,0.7116543958504218
c_29046,0.36592070883056516,0.8249830625751176
c_29049,0.36083165992121563,0.7686380336485428
c_29082,0.7222630602349468,0.680254344636489
c_29097,0.21247868000048442,0.716441210239203
c_29175,0.3573099023519843,0.8354467074365077
c_29179,0.3121267674584525,0.7882605951273116
c_2918,0.2152806372070526,0.7625369768221353
c_29184,0.23074490099200165,0.7724038538771398
c_29202,0.21179257525830647,0.7712515922879026
c_29218,0.33194559023370357,0.7667278726818485
c_29225,0.2850218504898102,0.734731614815293
c_2925,0.584943015815306,0.6165030262987573
c_29253,0.23627555517120222,0.7815198647123481
c_29258,1.6148141172999093,0.874407832987655
c_29270,0.24282992662495745,0.7209282772420185
c_29277,0.1544388216666759,0.7796962976986348
c_29287,0.16657497269303403,0.8149796256677673
c_29305,0.29899469063202944,0.8063433501913809
c_29308,0.9488472187949621,0.7573192917279115
c_29323,0.40860921151756047,0.7815323515808045
c_29333,0.2530026014236221,0.8137823211364457
c_29350,0.2927602021599124,0.7972092974214691
c_29353,0.28069471711078053,0.7218637013177432
c_29359,0.4358592625618452,0.8088987886165651
c_29362,0.4255488270209663,0.7927896724092163
c_29363,0.3236552790077369,0.7355007828204931
c_29433,0.1493325932599913,0.8072160926556095
c_29436,0.5956910268981935,0.8284249061385853
c_29453,0.4057268683387254,0.8063423420901157
c_29466,0.39767506762003,0.7725710055544747
c_29480,9.24650311022723,0.7649352787318248
c_29505,0.36365912938624273,0.9021125462051641
c_29515,5.787691775940945,0.6688795159365137
c_29522,0.2710181633884996,0.843115465775495
c_29538,0.3266263191552383,0.711490909343643
c_29546,1.3009303690332108,0.7558303030173178
c_29550,0.47274302822130504,0.7770829710812239
c_29575,0.25246249205118604,0.8173405293016374
c_29576,1.3301465727845583,0.7359657033497433
c_29595,0.5552102356351218,0.728485293809941
c_29622,0.19184842831047227,0.5760191629478656
c_29623,0.48517580760678647,0.7236356363129567
c_29643,0.6366350096004812,0.7520755889890712
c_29659,0.07902889227703838,0.695928294126405
c_29677,1.1760683549409474,0.797046411217943
c_29678,1.231089701867168,0.6372673032491211
c_29683,0.26781898412752986,0.8140241746646131
c_29690,0.4167591495405743,0.7744448550950015
c_29699,0.6311746760218216,0.7622642992234632
c_29727,0.3467089463393735,0.8505147295768682
c_29736,1.3493562161616757,0.49741674513545386
c_29768,0.46301942954114544,0.7962665256142267
c_29781,0.21135865570400214,0.7461497232399351
c_29783,0.2887424067411474,0.7096848607543198
c_29787,0.23462290341625575,0.683360541278337
c_29814,0.25175996737374723,0.6953984646938411
c_29846,0.34588302689406936,0.7741502107199064
c_29874,0.2508168696223951,0.7692192187135058
c_2988,0.210906795104663,0.8577992776953803
c_29889,0.44040362350651746,0.7128869026899536
c_29903,0.23557833525064573,0.7712764638485824
c_29924,0.7731867415797699,0.7382020051228017
c_29935,0.11322812760013214,0.6705034535108252
c_29965,0.4321874830170896,0.8676356097138963
c_29981,0.6196231355691489,0.7990361509090999
c_29985,0.3393867289704196,0.843374331139092
c_30020,0.5168800980540261,0.7127595347601101
c_30028,0.26928943888386286,0.8477759680442611
c_30046,0.43370795638310866,0.6170307434059334
c_30047,0.8070782751495849,0.7657411965254753
c_30048,0.3763943456079372,0.7620275563668872
c_30054,0.571576435107235,0.8152722304757476
c_30068,0.28129661069181455,0.7741445790045143
c_30069,0.26552234265889524,0.7789671256789383
c_30163,1.1609895946338067,0.7004240144966415
c_30174,0.22636348744462825,0.8103373766419039
c_30179,0.3043056542328783,0.8338788912151701
c_3019,0.5384286237870619,0.8209881630844598
c_30222,0.8516846364306303,0.8132129563132835
c_30232,0.31203766564383545,0.8297067995666627
c_3026,0.3766110618062092,0.7759779600430574
c_30273,0.30939592071618194,0.8453448437445479
c_30283,0.30988720094786837,0.6758393937504477
c_30291,0.5118981906625509,0.7530783072756333
c_3035,0.2662390236281795,0.8542504703488019
c_30355,1.2059186399097872,0.8686939173632733
c_30364,0.2781993099859583,0.8683024654875742
c_30373,0.3218090537963945,0.853017410946216
c_30476,0.40906049002338024,0.7419473598321434
c_30477,0.3644783730131481,0.7987825808948896
c_3049,0.2616003478509695,0.6608911062386793
c_30501,0.32036989071536864,0.7836365788550286
c_30503,0.38792165119105776,0.7439372104638753
c_30521,0.26334819686504146,0.7686441787385574
c_30524,1.0831533956490595,0.771744442925999
c_30530,0.26614903882699525,0.7121744364526653
c_30545,0.3144917970797398,0.7269183778643082
c_30546,0.5462123101299536,0.8632939785371165
c_30557,0.15550266495278756,0.7373111076789678
c_30574,0.29946042066606887,0.8000605806776819
c_30585,0.2219235312855398,0.8155611516452029
c_30598,0.2733210501364076,0.767866160983243
c_30618,0.4980283527022599,0.8438370098665899
c_30619,0.366135807085497,0.8405103907630467
c_3062,0.3321314713833372,0.7681157107706316
c_3064,0.8375803489070427,0.8370453555882047
c_30641,0.8120408318063439,0.82905418206861
c_30679,0.4218006736556738,0.7041358922430796
c_3069,0.17509574767882627,0.8504079562093632
c_30730,0.22228713880586048,0.7644104670411778
c_3074,0.4663209056227204,0.7498306831216077
c_30744,0.3780849030618819,0.7800116875691885
c_30765,0.2870688743013666,0.7245115981550676
c_3078,0.609743894155486,0.8594745683824208
c_30801,0.2546294728056683,0.7431474895364362
c_30811,2.266175241892753,0.6998248391832711
c_30818,0.4166831574082412,0.7647063643098801
c_30851,0.4144707839841626,0.8456889496738746
c_30861,0.3870464057279485,0.8307863232747464
c_30876,0.40421023678758883,0.7344621571176493
c_30885,0.31657813294709514,0.5545325799189106
c_30886,0.3421381544022068,0.7992387659111047
c_30896,0.46608690411666265,0.771680114330586
c_3090,0.9719921117131294,0.7563174897463125
c_30950,0.2909903724941067,0.7605753057936457
c_30959,0.5297430734987028,0.8409957019332704
c_30961,0.28450108278028374,0.7978478158663154
c_30970,0.10627579856315535,0.47993268644877984
c_30973,0.36080132850516916,0.7492012715513797
c_30985,0.09009754808170885,0.8018308671954854
c_30999,0.43342978352015654,0.733179895711417
c_31,0.3139286562533777,0.8248658282518879
c_31004,0.1991461174660776,0.7349991466527905
c_31011,0.6023150615814004,0.8195486630675628
c_31037,0.31247249376837594,0.7769231919574333
c_31058,0.536158115704987,0.8640492585687694
c_31073,0.2307707346368022,0.7234485053068906
c_3110,0.37914977254464954,0.8436405079223257
c_3113,0.31671867977451496,0.8582222185377435
c_31139,0.5029684089905057,0.7556933697563606
c_31144,0.7038868284510966,0.7794255685477484
c_31147,1.0705976844703875,0.8108383651920047
c_3115,12.980697836421383,0.47073058982193833
c_31150,0.5039568538357894,0.7188587870033336
c_31177,0.25432061788654714,0.8353314222200758
c_31188,0.36303784784402177,0.7410828858702426
c_31196,0.21712974016088885,0.8097858386579908
c_31209,0.31795698524175803,0.8731646063850226
c_31224,0.37635315152359705,0.7556315655554449
c_31249,0.36377186727416555,0.8367356595176588
c_31254,0.5759538711356404,0.8114741484475521
c_31291,0.3817974171339503,0.7346867519699711
c_3130,0.23773577141385116,0.6679814478134499
c_31348,0.3880908054369227,0.744640058586345
c_31352,0.22332566569759335,0.741390894432689
c_31362,0.7347438317070406,0.756777736254473
c_31414,0.3913432182376113,0.79638793493436
c_31416,0.2460989409919478,0.665736110027161
c_31425,0.24860574218735512,0.8028805556340972
c_3143,13.114821634762249,0.4705863321067808
c_31446,0.36876286445111983,0.870515197993297
c_3146,18.33030277982336,0.433844918644417
c_31469,0.35525775401260373,0.7500648920838683
c_31501,0.6353074513948677,0.7421202308824753
c_31515,0.41105685422707317,0.8314340683129695
c_31547,0.22805443942282727,0.7767603612730626
c_31556,0.36277486080535715,0.850868861795832
c_31590,0.7867549956601636,0.7569756644398036
c_31595,0.1844778390860276,0.6312557209090922
c_31605,0.6100372907999735,0.7279839223378963
c_31607,0.28282382871674394,0.6968451512602016
c_31614,0.24136449129773016,0.745414861453641
c_3164,0.3150947473796624,0.8565652136669124
c_31645,0.5015814634781852,0.8437838043131828
c_31654,0.9779246453321101,0.757037133638974
c_31658,0.28967381785679935,0.8362207212640673
c_31690,1.388560912555133,0.8860712211152282
c_31701,0.5491685778744364,0.837790081584441
c_31714,0.2953814041456684,0.8218610837932672
c_3173,0.4553368027153909,0.7949634429253679
c_31738,0.7053753433765704,0.757650391496242
c_31755,0.4465484529602751,0.7295279911489319
c_31773,0.3305009489705837,0.7731174828332026
c_3179,0.42467824170428714,0.7966202666152755
c_31797,1.268714145934889,0.7807569182119674
c_3180,0.293475461210516,0.900371442601659
c_31800,0.18715340028412442,0.7804414313834731
c_31833,0.27773762631553933,0.7807008660413228
c_31874,0.5239114570865597,0.8432137005309355
c_31880,0.4450146569252016,0.8454924093926721
c_31887,0.26971120266684995,0.7467591713251583
c_31892,0.2940810981712048,0.7485655468136698
c_31904,0.22961804738139324,0.7831843588703639
c_31934,0.2416922598367296,0.7789154695592448
c_31938,0.4373191669274649,0.8082850663628185
c_31949,0.33167947052991414,0.7563600812222411
c_31950,0.28364078888002325,0.8585997700919656
c_31970,0.23578544062877674,0.7975898699548158
c_31977,0.18292527077750964,0.8167721056980282
c_3198,0.5414911498433906,0.7289788843164517
c_32,5.493555517701904,0.8091838601826672
c_32000,0.24326213622205928,0.6990687582089904
c_32014,0.2606805259004094,0.6960198073428155
c_32018,0.25567824590480936,0.8138006850373003
c_32056,0.33046123813276956,0.775747121703406
c_3207,0.2377269336201485,0.8211715112579175
c_32085,0.41788423089790905,0.8488779021134223
c_32089,0.27082768702761323,0.7537169265420013
c_32113,0.3535533905932738,0.8075143943448673
c_3214,0.24762019476000768,0.72662298409074
c_32146,0.3318149779270184,0.6930087221204022
c_32156,0.4811912322738287,0.7679595089932503
c_32182,0.4603879008216246,0.8308698336189049
c_32186,0.41794277225686555,0.7969258434493834
c_32188,0.5378433194092657,0.7742108620661646
c_32190,0.578017829661019,0.7026263905770431
c_32223,0.18580186669771087,0.8033725260232931
c_32273,0.17786621642402545,0.6623698560498574
c_32274,0.251746610284809,0.7317576063475759
c_32276,0.2668027248843742,0.7104301174422349
c_32285,0.32737113218700037,0.7669113317713243
c_32299,0.4218373209579897,0.6797094920914935
c_32314,0.11763174090551956,0.7964910443598925
c_32325,0.2306399264757697,0.7141228390882326
c_32349,0.40683756855794534,0.761279612217266
c_32368,0.24340563201224674,0.7793498841361794
c_32382,0.48557364409568327,0.788703257211163
c_32388,1.2335745380404424,0.7310696945858175
c_32411,0.3046203694500403,0.7837122893851916
c_32423,0.5257853863362856,0.7849293244046217
c_3245,0.20409679655211388,0.766193587416808
c_32486,0.3496453460687761,0.8392342509067134
c_32516,0.2715595836208625,0.8132860949652578
c_32529,0.6562588856284491,0.8077035449546828
c_32562,0.38678715838848904,0.7709781540969151
c_32568,0.2434496920216534,0.7339721489037195
c_3257,0.5260099138581456,0.7353079989108888
c_3258,0.16947550057751426,0.8263234522046152
c_32647,0.28987133202196075,0.7838356513636855
c_3265,0.9069160926861889,0.7687051575242669
c_32659,0.2855572454556739,0.7265902666258085
c_32662,0.4698910844450932,0.7628949625766516
c_32665,0.17811231352570395,0.6689653601873589
c_32666,0.2654390378596123,0.7574208628695525
c_32671,0.23478586607375737,0.8345860055272665
c_32673,0.5097522881037718,0.8262704679816981
c_3270,0.3713132032845772,0.7264733123691924
c_32700,0.9158732842886786,0.7155132679186794
c_32714,0.3604902657824156,0.8205617192522672
c_32720,0.25551529746868484,0.8280099577621634
c_32738,0.37258317807312197,0.7320178021968845
c_32764,0.5365946360313648,0.8194749202807581
c_32798,0.4402112247386075,0.7262150172515557
c_32821,0.20929030225808573,0.8482055597556223
c_32827,0.2717488138867369,0.8918625193859537
c_32832,0.2722121404480942,0.7360966070645881
c_3284,0.3553412645833255,0.7315978277839944
c_32844,0.3348341042665781,0.7927756906237935
c_32846,0.25413909969565734,0.7479689001769863
c_32847,0.5106459008065778,0.6549899748190544
c_32911,0.21208034082880664,0.8374872624642278
c_32920,0.2871465328563439,0.7882348968337758
c_32922,0.8885050870713855,0.6440945554790701
c_32927,0.3776476385175152,0.7755688671367678
c_3293,0.5343730821135854,0.7152669862395427
c_32942,0.26056157278850706,0.866096677836621
c_32944,0.2105114867351378,0.8262383007137828
c_32948,0.3858639393684768,0.7658643064520205
c_32951,0.34462064845700363,0.8110291755333618
c_32974,0.5159594939797264,0.7605837900458017
c_33009,0.22342837499447243,0.8576207676416182
c_33016,0.29802227325888786,0.7617882897199731
c_33055,0.3110516276434222,0.8481083516949428
c_33064,0.3632565955440792,0.751886552953248
c_33069,0.4495028676458252,0.6882479733080437
c_33112,0.4010493774377675,0.8351762344198981
c_33113,0.2391524758069534,0.7517098498364623
c_33116,0.1990772231131701,0.6960615055117153
c_33124,0.4665631206899751,0.60425126369509
c_33138,0.4602494606959406,0.8383882526037528
c_33146,0.21075593139430976,0.7802767210442028
c_33155,0.4507154711523282,0.8845275824823396
c_33198,0.45368588707553115,0.9096993415176458
c_33204,0.43526922158849846,0.7937307040537231
c_33231,0.23031237369240215,0.8114337739919257
c_33258,0.8230249279207558,0.6790391232547077
c_33263,1.2650977280323612,0.8622488955967803
c_33304,0.34038821167487826,0.7656804505423163
c_33319,0.3695750384757167,0.5352024650633009
c_33330,0.2715696841970204,0.8205308964570284
c_33338,0.23758971473927526,0.717336120307431
c_33362,0.2875859894503735,0.6428874354968365
c_33385,0.291500334685716,0.7838799742753253
c_33423,0.5249635217903904,0.8670008756187674
c_33436,0.3273460328458882,0.718734633872611
c_3346,0.43347068656835686,0.7921473201872369
c_33467,0.26965103477251257,0.8046716106958667
c_33474,0.36811534117323286,0.8524030918533263
c_335,0.6097136647645139,0.7539604610388988
c_3350,0.42617165678475866,0.7022171680060089
c_33506,0.9946262821629862,0.7612273362105456
c_33525,0.53281791471222,0.752195609232463
c_33527,0.42309119685510765,0.7157171605932579
c_33559,1.032129637060937,0.7683437876920427
c_33566,0.3295059710082078,0.8258954391229836
c_33588,0.23084232179109798,0.7889609790759698
c_33596,1.5944597508925533,0.7615557831770754
c_33634,0.7178963561405692,0.7203063604223309
c_33637,0.47410489282281026,0.8270302561785756
c_33639,0.8559660960088761,0.7288791832215266
c_33651,0.3766503514171808,0.6795968925087565
c_33657,0.5395679740574468,0.669657605659174
c_33661,0.4678443545738679,0.7988627470599297
c_3367,0.3277870208103643,0.6643156982478614
c_33672,0.47189708420978055,0.8175473319525535
c_33694,0.45573395711282877,0.8206063966208541
c_33695,0.29159530549741125,0.810062331525434
c_33698,0.6521083261959539,0.7461101759537319
c_33700,0.15902930284014236,0.8389456927188579
c_33703,0.30418309391381704,0.764475494949047
c_33736,0.2166902750366412,0.7789710763533162
c_33745,0.19047534078851797,0.758540333737971
c_3375,0.8881204417776418,0.7564236302074993
c_33757,0.4626607561294604,0.8901916370534448
c_33763,0.3457647135573115,0.7507915308557755
c_3377,0.5823735120816479,0.7380652055969126
c_33837,0.8330271669973833,0.7068735318371686
c_33845,0.3959423042665585,0.7765430426481459
c_3389,0.2577294229365706,0.8014464494130435
c_33894,0.2040186232930677,0.8157422679880217
c_33928,0.35377270725834276,0.7174238041648879
c_33932,0.22391808917847691,0.7952009989245312
c_33934,0.8242628228894819,0.8167716439694295
c_33944,0.3853592204622039,0.7331139030586922
c_33946,0.39772158660217594,0.7132137476655491
c_33951,0.9569074017701874,0.8369927822301606
c_33956,0.2974646369890265,0.73516784333286
c_33959,0.2403973851769193,0.7477285969009019
c_33980,0.37450435346730115,0.8073700008284005
c_340,0.36358114110945294,0.7922259190124133
c_3401,0.2440596159371219,0.8209490437914577
c_34034,1.1033300754057236,0.7310448065868097
c_34052,0.3179457262901622,0.7514260582892034
c_34078,0.20115486267566937,0.8972004176644031
c_34085,0.22353928654172064,0.7832004602251488
c_3410,0.19656952620186494,0.7366700101691825
c_34195,0.314868798417159,0.7255519289107877
c_34203,0.29488298741177615,0.7369848674419136
c_34208,0.3525317485360781,0.8741927828245236
c_34281,0.3680712817812705,0.6108839291547966
c_34289,0.36611345434582254,0.6873076412029022
c_34301,0.2974959481093846,0.7362476539650465
c_34324,0.19048369860411646,0.7281544739947926
c_34354,0.2968239443849067,0.7216845988064883
c_34363,0.46086965049997,0.8536258630896328
c_34364,0.4733662870873339,0.8251087386878275
c_34370,0.2369631315308231,0.6993755518525459
c_34373,0.4535312441010314,0.7349687900113261
c_34381,0.36010801873196857,0.8559156964160244
c_34384,0.26999264179977184,0.7750259166188391
c_34418,0.20920824644403432,0.727209401901232
c_34461,0.3762118963477813,0.7123991117564471
c_34489,0.2272816005730651,0.6696534910766274
c_3449,0.2669352190236341,0.8200871473886904
c_34492,0.5509992385051536,0.8880603302457919
c_34519,0.13787221966487045,0.8421019681081674
c_34522,1.045604932120634,0.780459374876753
c_34535,0.43720938403478077,0.8203410400767388
c_34541,0.6238935263017296,0.684331151891443
c_34542,0.9883649959269619,0.7813631849242356
c_34554,0.35627613025153126,0.8150097342543146
c_3458,0.28970356965837873,0.8413638259080114
c_34590,0.18394920130487713,0.7628241655886738
c_34611,0.6654548940781506,0.7069454830654693
c_34617,0.41713314287790587,0.806907112342454
c_34622,0.15631945409586856,0.8037317284730038
c_34631,0.30252782684440954,0.8466011512408226
c_34633,0.6711236821769216,0.8355103960638017
c_34644,0.44905321563381667,0.8635912669384154
c_34649,0.4059587532242656,0.7871471024216112
c_34652,0.22247995020954076,0.6899756789626799
c_34657,0.3579242592060972,0.8170950298637408
c_34659,0.702814718771835,0.6614969737663583
c_3466,0.34448302537482883,0.7407565550974111
c_3470,0.2853688271814295,0.791211133475294
c_34733,0.11828563158626948,0.8422402281078816
c_34734,0.47963689082048144,0.7402403504802698
c_34737,0.19779335824737218,0.7984685002081213
c_34751,0.8266071481341918,0.7872245727025653
c_34766,0.1928122591714946,0.8132187966570132
c_34775,0.19814373975889993,0.7412120579470476
c_34783,0.27206065717408545,0.7299535083535399
c_34784,0.4558954778568306,0.761861340926397
c_34835,0.3952265603911785,0.7280673913799461
c_34839,0.6503514374201513,0.757483119420548
c_34849,0.5857914564991178,0.7830558067262134
c_34856,0.2479807352704075,0.7636063796375414
c_34857,0.3180800787894873,0.6517837768842583
c_3486,0.2816770286402429,0.8475567383161968
c_34863,0.34753191812954337,0.7902826901977655
c_34893,0.7269890787546391,0.7132078472788079
c_34897,0.3230530573945006,0.8132487198001527
c_3491,0.30208518635720233,0.8873276960904459
c_34917,0.32896705873241766,0.8995132674116095
c_3493,0.9060540015560369,0.8063600808281011
c_34947,0.6512689609376296,0.8439097005072315
c_34993,0.3648992623935095,0.7495421433146237
c_35001,0.15527762134283027,0.7273395006801819
c_35018,0.33198688597985954,0.7675596880748945
c_35021,0.6213157043603282,0.9214371980343352
c_35035,0.2709360161105488,0.7421273437768157
c_35036,0.27588665633114046,0.7471297243846012
c_35043,0.2670479660930639,0.8436753218352507
c_35064,0.29553980841322774,0.8282937474475508
c_35069,0.1982606341742202,0.7412503537204876
c_35074,0.7300561602554804,0.8332238847606805
c_35078,0.34118866313398877,0.7432019313738087
c_3513,0.45510281279442333,0.6860484464894294
c_35148,0.35660192934406537,0.655668004950041
c_35159,0.4657863049451958,0.76422798406085
c_35184,0.4200868568209327,0.8212604037548604
c_35188,0.34881997357231664,0.8291783276812568
c_35234,0.369466974203567,0.7099608519742264
c_35251,1.1922670103721509,0.8473324506632265
c_35258,0.7057316250160707,0.7802827485162755
c_3526,0.20119845866242866,0.7500410743101498
c_3527,0.15598607549093585,0.5882417728203007
c_35275,0.18653572766724827,0.7686646939278157
c_35280,0.37192368459109354,0.825402654292416
c_35295,0.43811431657455946,0.5611465992587144
c_35318,0.4225862276211791,0.8156345464493941
c_35321,0.3544269824569139,0.7027271346016386
c_35330,0.6829867414453401,0.7428751772673354
c_35347,0.48696443575966847,0.8327209935876024
c_35359,0.45201227794457943,0.7649137081879571
c_35378,0.23639784419260035,0.8155588545242749
c_35404,0.19940765548267003,0.8851901009107066
c_35407,0.35101468466665914,0.8293886822152079
c_35411,0.23157781574709202,0.6890453998750199
c_35432,0.35653546095723937,0.7948897132870476
c_35442,0.27717645215433795,0.7495531816773361
c_35449,0.23553214211024337,0.7686852755118869
c_3546,0.39344930067823486,0.9154638841040128
c_35461,0.4948358539010522,0.8404902458469268
c_35476,0.4100779165899294,0.7279359204819904
c_35487,0.6943227205870376,0.9106077700825213
c_35500,0.29882766365721924,0.7356211972225131
c_35516,0.3169381732492247,0.7018052928291758
c_35529,0.2740535101453611,0.8517625168390657
c_35546,0.49374155765629296,0.8107178213126807
c_35567,0.2432834770833241,0.7427166444769722
c_35577,0.4181573927703393,0.7937317528599769
c_35590,0.5274300287712633,0.822291225097739
c_35594,0.3743755367754278,0.7589153331175752
c_35617,0.4572138533963861,0.7352549152021337
c_3562,0.37700037118748797,0.8967039301011341
c_35621,0.5849152408223808,0.7795104356699354
c_35643,0.5826802467866385,0.7140559840939494
c_35661,0.2994399180646769,0.7735277098070394
c_35707,0.3801202589193578,0.6554464789213963
c_35737,0.09031572722538594,0.71964141448185
c_35764,0.4509358142277565,0.7615998979032017
c_35767,0.5402494634114164,0.782009576470504
c_35769,0.3854709808094687,0.8187787718159041
c_3577,0.3459048967325782,0.7896627607664628
c_35780,0.37371850440662235,0.8605284990065093
c_35796,0.4094002973050906,0.7741735968902097
c_35802,0.31643834086405764,0.8187406985276287
c_35805,0.38601841361508443,0.7325035555188022
c_35813,0.17095895006886125,0.7365608011669007
c_35824,0.9425834997484486,0.7522911403049102
c_35837,0.2730632348822674,0.8085245804721242
c_35839,0.3919263681584293,0.7192649743986447
c_35848,0.3312555331183145,0.7018569861583548
c_35908,0.42252717603058687,0.8128928921417302
c_35915,0.40778641268827337,0.7975103909399963
c_35946,0.44790602973241433,0.8132806586295402
c_35949,1.6104098416037373,0.7644217290554272
c_35955,0.23019331908942434,0.8295533792380343
c_35958,0.4009180466561033,0.8486851110758676
c_3597,0.25868527386348805,0.7796488705972634
c_35970,0.4429683174139638,0.41379075183707253
c_36004,0.2877269955578143,0.7993980188989991
c_36006,0.3037223890703388,0.7452135299624295
c_36052,0.8665719514100708,0.6015336436040813
c_36060,0.5564498438295161,0.7456432810666614
c_36065,0.34502763863686015,0.7528718593097826
c_36080,0.2900248926314417,0.7847546244512316
c_36111,0.33270164433653154,0.8423684473757379
c_36121,0.296846911594955,0.8161467087940494
c_36122,0.6642828818741349,0.8222477073093526
c_3613,0.23464269708680904,0.7500149744206492
c_36134,0.8557442721358766,0.70461902258481
c_36158,0.21072415007204115,0.7344036682601469
c_36173,3.353680393635633,0.784417772827211
c_36203,0.11997024104314007,0.7541403495782169
c_36204,0.9280479890477099,0.8424607084611184
c_36213,0.8758859399937972,0.8481317887667135
c_36223,0.28491466118730685,0.6870568696046777
c_36226,0.15437911195125592,0.7121257958355811
c_36242,0.8201100536164505,0.8160786574702354
c_36243,0.5475354047801033,0.8165367611217969
c_36284,1.00031630127013,0.7900447341414097
c_3629,0.4217820374607884,0.742732292689921
c_36291,0.22098351379419534,0.7594045538262486
c_36292,0.34064906105450315,0.7983109670788486
c_36295,0.3130322157846349,0.6952378682304668
c_36309,0.2548783952205521,0.8112637593923864
c_36312,0.7145106334097988,0.7345466932442457
c_36326,0.26761652774064676,0.8442054752561599
c_36343,0.39279421947129417,0.7110148356313467
c_36347,0.30630236785215204,0.8447337665346382
c_36400,0.3689540344899152,0.57378791033245
c_36412,0.1728839558194315,0.7938044368406076
c_3642,0.27616770380095135,0.7981792697146666
c_36434,0.49639132211867937,0.8605132747654646
c_36435,0.33954403878167116,0.7772964904139128
c_36474,0.4147185641246072,0.878208349645044
c_36485,0.2655764767421219,0.7231437901267014
c_36486,0.1858556451875472,0.6399778024758678
c_36528,0.22743964860064136,0.8557625016498045
c_36529,0.18028159459360676,0.7137964908684912
c_36549,0.11699514556261936,0.8014093489616141
c_36600,0.37873168818526276,0.8109379141081597
c_36602,0.2071495407474688,0.7696405127607173
c_36610,0.6271499902579755,0.8433139069436616
c_3662,0.6095885132472758,0.6868968186900565
c_36620,0.5005858592872175,0.8399948970746683
c_36640,0.2726883926666155,0.6055258697520626
c_36666,0.3241057771881669,0.8600632130923705
c_36684,0.15154642517442424,0.7377572508235282
c_36686,0.4437890235719509,0.7449150149601182
c_36707,0.2659710968468163,0.7532943121648911
c_36725,0.3033905105804432,0.839364087471625
c_36727,0.15189409844227103,0.7236015406118718
c_36736,0.7500169017460451,0.8346381391111122
c_36761,0.233527727169676,0.6519935674264932
c_36782,0.363831963261608,0.7500156498899342
c_36793,0.47599901283252294,0.8190444610492403
c_36809,0.46051745036616243,0.7207503472404583
c_36824,0.6716827728627213,0.7416261869131046
c_36827,0.2049086934431568,0.7058389970006707
c_36831,0.2798986850705445,0.7775379404542999
c_36833,0.36265701977272974,0.857381756612473
c_36855,0.21995561546634734,0.7434191502257939
c_36859,0.1828658004979378,0.7850952202294919
c_36869,0.1845902267241958,0.7319175891227785
c_36887,0.7705699965288579,0.8249747773761322
c_36909,0.31081754541369877,0.8602002153355602
c_36932,0.7405754629992546,0.8130361955464283
c_36935,0.1849365053887167,0.7818312408258435
c_36939,0.16968525617228933,0.8730450868391615
c_36957,0.24412610475937283,0.8565654811915346
c_36972,0.6400389254835586,0.7801946700811309
c_3700,0.25794857568953233,0.6850647650689587
c_37007,0.47507228046613065,0.7767337462628927
c_37049,0.8455759035017771,0.8389589208605013
c_37052,0.47656797801289524,0.7777184907571465
c_37067,0.5635657287634758,0.8381505088257828
c_3710,0.5684540135509738,0.6969726901835518
c_37147,0.2729805338225957,0.8292354273123725
c_37156,0.4768859985476857,0.8640185531526327
c_3719,0.28020255461651133,0.8276291130262602
c_37205,0.3483962194225079,0.8312393366682225
c_37210,0.3308893923813325,0.7694377507563905
c_37219,0.3581767847633801,0.8222647559507098
c_37228,0.3325287112959065,0.7984225291609649
c_37241,0.5105826755206073,0.751136623907533
c_37248,0.29610588076571026,0.758384798385873
c_37252,0.1502241079993649,0.7632906322177057
c_37280,0.5099301376925272,0.8157463405989887
c_37282,0.369386260254523,0.7089735937833489
c_37285,0.8245417604653373,0.7247064907372247
c_37287,0.27372581225114345,0.7672399843248825
c_37298,0.6087950351787199,0.7801617491459922
c_37305,0.20746707557289998,0.7233253589716779
c_3733,0.2200241744938051,0.8785949401214241
c_37333,0.24239358970753355,0.7075459674687419
c_37337,0.3385861840098726,0.7980122573631945
c_37354,0.45771060563636784,0.8046638293084367
c_37359,0.36904509689256965,0.7942206605107949
c_37362,0.3061950534204466,0.793866625325707
c_37368,0.7281314828995188,0.7251478201183306
c_37393,0.3427970174689639,0.7683637913456034
c_37401,0.9428323536548819,0.8313965335619045
c_37402,0.2120204494639066,0.7302705388207443
c_37406,0.40222570103838673,0.8438356804531804
c_37422,0.30763280759322137,0.6881482012434395
c_37424,0.30967194706530526,0.701048601324769
c_37427,0.15304809856692497,0.8845428391498631
c_37492,0.3361229238230055,0.7565635755705105
c_37547,1.2026754071888148,0.8611753662643002
c_37577,0.2711900918192638,0.8347754519565904
c_37585,0.2836153566135724,0.7135657893059179
c_3759,0.4435254089498523,0.7000126026894299
c_37611,1.1375782659571345,0.82779246206656
c_37627,0.3308475312378471,0.7729296600065336
c_37634,0.45687333935345364,0.8817302098261661
c_37644,0.2774106584497147,0.8319921953198284
c_37674,0.28354201731206496,0.8181884411025153
c_37688,0.43832102343318885,0.8281225801019919
c_37696,0.457140527471293,0.8204769686131382
c_37712,13.07664092998259,0.4705527692481454
c_37717,0.39511343904302176,0.8099727117959696
c_3774,0.356830969181456,0.7997007583920657
c_37749,0.46568985345151664,0.8336638501197886
c_37771,0.3820221189460556,0.7224485740493378
c_37800,0.4959681292354653,0.7422225171008356
c_37810,0.2902311917485752,0.8517264102030105
c_37818,0.37074135061571517,0.7878674290931544
c_37819,0.33509254856918985,0.9200541174772976
c_37823,0.46957745737441803,0.7300855084319173
c_37831,0.31010699435101496,0.881977626787277
c_37835,0.14679239048301324,0.844732345418119
c_37836,0.2950373343654252,0.8308048113704718
c_37838,0.25841144270389615,0.7296928752899667
c_37845,0.5321428439832308,0.8716435374565508
c_37856,0.3627223221829283,0.879225647444211
c_37879,0.9409909695216142,0.7738711122830688
c_37881,0.7519348887024344,0.8229284568853564
c_37884,0.5858060082574565,0.7192167269946028
c_37913,0.7232728572058218,0.7932177375671077
c_37914,0.3004948352476214,0.8022032655996396
c_37921,0.48983460133963075,0.8417942799869846
c_37928,0.29708657647855974,0.8903443640619876
c_37947,0.2577598864656149,0.7678148939337958
c_37959,0.3983453382703971,0.78314706664488
c_37976,0.3790854276626677,0.7770868075792265
c_37992,0.1718115804947432,0.778874042102907
c_38064,0.274896479454139,0.8415018557388791
c_38070,0.7671691393732819,0.8220757034762691
c_38093,0.1648136911580938,0.7790199549057826
c_38098,0.2052959060025545,0.8508694885689423
c_3811,0.23114940541515278,0.7425114441958569
c_38134,0.37317474235782,0.7875042275614985
c_3814,0.23290288743061488,0.7592811872433446
c_3816,0.2847587495309552,0.8614453189812098
c_38175,0.1447059657155883,0.7666354717024111
c_38184,0.27199484108420874,0.671402298011613
c_38189,0.2935533821956715,0.7550476665067906
c_38191,0.29513414020536605,0.7342275934419183
c_38229,0.2786927870304613,0.8923049651983932
c_3823,0.22050666812343273,0.7836663578442645
c_38234,0.1827827956496612,0.7288027414610018
c_38259,0.30627806082102116,0.7600831042021307
c_38281,0.30558648527295496,0.726940972700837
c_38290,0.27800221580463164,0.857191613965052
c_38293,2.788544175757012,0.6748502584135224
c_38300,0.31392569438253426,0.7262490425990971
c_38306,0.230482577445713,0.6875304144753587
c_3831,0.36665749572832285,0.7817651411986186
c_38380,0.4097991427817317,0.8218170386645407
c_38393,0.28946060017116226,0.8232415362161503
c_38395,0.36488934170732595,0.633689539046087
c_38412,0.268039821983193,0.7729837758197868
c_38413,0.65549614333651,0.7382960254545444
c_38414,0.43432829410724455,0.7867859970246105
c_38453,0.236826922725634,0.8525573322659228
c_38463,0.4765122600668668,0.8429834376227012
c_38464,0.3073083307470356,0.8069311650032647
c_3847,0.3369167727768417,0.7845192200467614
c_38472,1.537847618424922,0.798048199318927
c_38488,0.3710144482943877,0.8372139177314439
c_38500,0.4601016079593571,0.8673206782906258
c_38503,0.4345327541025258,0.6540524602916918
c_3852,0.43033774614956466,0.8440532253743036
c_38547,0.3404246514536151,0.7491946358055646
c_38565,0.24449919023650213,0.7342830648607838
c_38582,0.3402541246779818,0.7477134064975419
c_3859,0.3410951879430656,0.8415644174375825
c_38590,0.5726023355740265,0.7279659896872882
c_38634,0.3660663257190823,0.7693564058741722
c_38636,1.7345738253776144,0.7400999153131558
c_38657,0.4381814234510936,0.7976487344454379
c_38662,0.051505500908718055,0.6110042060187517
c_38686,0.4415336186315245,0.8339207622329132
c_38693,0.6662528093778168,0.7395243782129246
c_3870,1.1239018095081927,0.833264293034778
c_38700,0.3165734679232888,0.7952554236034093
c_38702,0.2717631832894126,0.8001674541891332
c_38718,0.47527632360129507,0.8746592203448045
c_38741,0.5063717791289566,0.7225622228756996
c_38744,0.3797140313511868,0.8212450123085359
c_38754,0.3908542614184498,0.8428286603323195
c_38758,0.23566963467443167,0.7293710232038606
c_38765,0.31420847930761364,0.8273634420885256
c_38770,0.4306918412016566,0.7659217288791997
c_38776,0.4198834673596944,0.8003591350648369
c_38780,0.33235417809776696,0.6972073061689541
c_38795,0.3476137684180175,0.833852876630735
c_38810,0.41063774294150923,0.8370591365756944
c_38817,1.5740154456330018,0.6611164692190175
c_38819,0.3300363516043113,0.7702878548537206
c_38834,0.40451137900629397,0.7049385264308095
c_38836,0.33864201527379273,0.8856492439370087
c_38843,0.5177497534307811,0.5723139203473209
c_38848,0.33367496707797334,0.8111195329516796
c_38874,0.28264462780036004,0.7580047805292951
c_38888,0.4767108867403967,0.7009107137555455
c_38893,0.2107736862976944,0.9612439284158902
c_38922,0.10173704470268889,0.8102382485164957
c_38953,0.3384328681451809,0.7147054832356464
c_38961,0.31471347272943745,0.7776693973213495
c_39034,0.22667911401029642,0.7842074202642204
c_39051,0.41057288086364374,0.8695731746291713
c_39064,0.20314097555415558,0.7058545733534558
c_39067,0.3432058776217851,0.8128645561465554
c_39099,0.3092645407076857,0.7247045083494972
c_39109,0.4490176398321428,0.7832852822185713
c_39120,0.2597416899652186,0.7808335069405538
c_3913,0.6318413016766883,0.8218825645368562
c_39139,0.3456160542750549,0.8494445024924501
c_39164,0.2521287718326125,0.7500054067076217
c_39203,0.537706005285176,0.8321345894232451
c_39219,0.4268426616518762,0.655980346750593
c_39228,0.3142428812516414,0.7195860955885982
c_39236,0.31110050682683577,0.7325661490522164
c_39239,0.8834492867046854,0.6475887898842181
c_39248,0.19839134810337253,0.7639135374488703
c_39253,0.6725615978256406,0.8319492488408489
c_39263,1.051508834664865,0.8008070452402998
c_39286,0.559740452998726,0.6464147672437808
c_39309,0.25797751485236003,0.7419512399244215
c_39330,1.5682792585700163,0.7658228699318984
c_39353,0.29192671741875686,0.7889634369429337
c_39369,0.4351036791949004,0.801167846408479
c_3938,0.40935481015841046,0.743140420887794
c_39394,0.28986228601723274,0.7235956719642015
c_39395,0.2814015151928036,0.7492583874061579
c_39430,0.6502163418660126,0.6861933364664232
c_39436,0.7270482433367392,0.702382046958629
c_39456,0.20667548633050686,0.8139297841504378
c_39479,0.7631836350326173,0.7648439094911468
c_39482,0.42690929760990476,0.899165935441069
c_39496,0.3591603803213192,0.7150071635021612
c_39500,0.3859061990396923,0.7305129276067313
c_39504,0.3213258573629257,0.8480728410490046
c_39506,0.16891032520972224,0.8773064940619161
c_39516,0.3080177061843476,0.7352897977304604
c_39533,0.3405069175638848,0.7371090455145377
c_3956,0.3465723767776739,0.8427413983041714
c_39567,0.39308675813642574,0.8841314601987569
c_39579,0.5942237793941778,0.7299837739815593
c_39587,0.4393850716868465,0.7466328067820585
c_39595,0.29019022147301804,0.7306375781503266
c_39628,0.19582183868957254,0.8078984179132317
c_39638,0.2623194028559369,0.8963339223027169
c_39651,0.39481432813266876,0.7740778547050007
c_39661,0.43889947112485234,0.8635930283857092
c_3968,0.35648385861005827,0.8189897972767619
c_39683,0.25869778103428304,0.8159796743682384
c_39685,0.2320283622129288,0.6415847156978733
c_39692,0.42319364807525384,0.8192350078807683
c_39704,0.48941215173874203,0.8148533032187525
c_39721,0.5490526425227865,0.737599090976992
c_3973,0.3027932520863369,0.8363982061796295
c_39748,0.26830208751444556,0.8016292622136589
c_3976,0.3194578408868416,0.8880906140305161
c_39776,0.637739420449035,0.7048046779844697
c_39791,4.862113731447058,0.9349381177095781
c_39802,0.4071695946271198,0.8189095677545137
c_39804,0.2559894393118714,0.8590775388017962
c_39843,0.3274627859204963,0.766481647418132
c_39848,0.2336209725651174,0.8126145666313269
c_39874,0.28103560428365904,0.8010714867993738
c_39876,0.13771270881483208,0.7751209852337567
c_39879,0.338487273817733,0.8339052997677827
c_39885,0.31647451054848164,0.8910018497794083
c_3990,0.3452260583046228,0.8192415665248567
c_39928,0.6149246713258376,0.7781889637625004
c_3995,0.305921539623392,0.8292766313433061
c_39983,0.4089867649968151,0.7622153789606083
c_39999,0.9038212634420876,0.825694310396136
c_40017,0.3941708100265774,0.7559766684561919
c_4003,0.25711681891855087,0.8190828701629014
c_40066,0.39180757175723696,0.8547742674195525
c_40067,0.3704429446939815,0.7431441851104699
c_40072,0.2893323687074503,0.8260141040884115
c_40074,0.4345025205257284,0.785108168072912
c_40077,0.6696484914781109,0.8652201631328236
c_4009,0.21082311538112364,0.7439509235831921
c_40128,0.47201011131960746,0.7746053418757031
c_40175,0.26613374831186887,0.7105814560721332
c_40200,0.16062143104289073,0.5934098305473604
c_40201,0.2883901559876909,0.8655188723699294
c_40204,0.14155152384826292,0.7672333733708958
c_40223,1.1164696692836484,0.8013656310169623
c_4023,0.45801902260413685,0.8137866125626205
c_40234,0.2324459023580218,0.903956063851345
c_40287,2.832571342536175,0.7601429131541246
c_40309,0.632455833000144,0.7081387573372453
c_40324,0.22742966031450146,0.7679963344914269
c_40335,0.31308201087533083,0.8211624544302291
c_40344,0.2935402054756565,0.8603386876389515
c_40345,0.27026078700486256,0.8434476461020248
c_40358,0.7237480913028604,0.7696061126128224
c_40388,0.2633057777647027,0.8023746452841833
c_40424,0.37570040758029855,0.7556138712295992
c_40432,0.3789205080636565,0.8238777003379385
c_40447,0.37536574642516973,0.7985441911915657
c_40490,0.4420739074362673,0.7533111673714934
c_40523,0.29555962931063534,0.7620428875144993
c_40543,0.27701473615965794,0.7172321838628203
c_40556,0.3364927619460695,0.7142432449490383
c_40567,0.22672887676614473,0.8070547204562355
c_40573,3.2848536788848857,0.8251857190058485
c_40584,0.369690939515721,0.7891695967353733
c_4059,0.25215207979499105,0.6535964461459063
c_40602,0.26358303025982843,0.790763170016386
c_40617,0.20472660157621522,0.7923675149386851
c_40640,1.2823557281172193,0.7746072358269115
c_40656,0.31279628734430925,0.788622950007382
c_40657,0.23470319134375559,0.6820075319757523
c_40658,0.2942318100556585,0.8355902730845384
c_40725,0.38633257070042587,0.749745944134561
c_40744,0.2540319223682862,0.799961481459877
c_40770,0.4168618284759437,0.7275626597229135
c_40783,0.20639042199547264,0.7440001566597408
c_4080,0.34046292600683664,0.8110111874559308
c_40800,0.7028569864900279,0.7354003638833441
c_40815,0.6278834410994655,0.8308587604555886
c_40826,0.38282004913470774,0.8649608489605556
c_40831,0.34278264015093035,0.7562579794890743
c_40849,0.3035346075432355,0.8008253967550343
c_40862,0.310448803522306,0.8478581776180326
c_4090,0.27492605536661896,0.7931802437902887
c_40921,0.3729395930009135,0.7543279760493323
c_40925,0.22530199357508027,0.8534741611939536
c_4093,0.200673964362605,0.6604487872017788
c_40930,0.7491888029144481,0.688985960228663
c_40946,0.288713987104333,0.83376718041653
c_40950,4.365323263819085,0.7289176898406547
c_4098,0.3170746663043829,0.815945944498317
c_40988,0.09507857524977481,0.8094223532793072
c_40996,0.25624767508375157,0.7461031111367079
c_41003,0.3094804392684875,0.8019078318219346
c_41010,0.25489119155297413,0.7261363351596225
c_41023,0.361688579453965,0.7882806637583575
c_41036,0.3455536277874277,0.7579326463392979
c_41038,0.312026963004792,0.8089532930167149
c_41060,0.19738351140665886,0.8151591702138874
c_41066,0.19991022560872213,0.7238169269033268
c_41072,0.40301523070337514,0.8319879301118045
c_41082,0.3454477508674629,0.726049983445113
c_41091,0.8452797009005507,0.8277112296146059
c_41111,1.541047189267813,0.738061358183089
c_41114,0.3807653755849353,0.7767855831000532
c_41129,0.344350503644277,0.8279583246371671
c_4113,0.2334240114688955,0.7989960101163815
c_4117,2.9245021457540115,0.7354678893717057
c_41197,0.3816253318696577,0.6722598420900738
c_41205,0.3058252188985188,0.8253324175663999
c_41212,0.1798871581360596,0.6224694907727428
c_41219,0.33391952545519193,0.8226294799493108
c_41265,0.4514001446693217,0.816661634126648
c_41267,0.3183685811512615,0.900212256290915
c_41273,0.46231212534636007,0.8107057601396466
c_41274,0.4955559795928991,0.7640369473292167
c_41279,0.2345005542853991,0.7573652354664486
c_41290,0.2992853196127258,0.7460195739945225
c_41294,0.3054418052329546,0.8468844626043592
c_41313,0.49342118013076275,0.8770159901452406
c_41315,0.21800249204553307,0.7768671702236309
c_41319,0.3605114022420742,0.8149875512357596
c_41323,0.17132224085350795,0.6113461468333448
c_41324,0.33612850575102843,0.6902865380815706
c_41326,1.3248519989423622,0.7166943811545516
c_41333,0.21476999590428922,0.6508699052624634
c_41334,0.5568329518984522,0.5597992345641216
c_41366,0.24696474471459753,0.8320823898248526
c_41382,0.9857012514138342,0.6861206377401365
c_41391,0.2790553731869913,0.8544667994497006
c_41399,0.27158574784946854,0.7024972378824622
c_41432,0.34478190161183725,0.6725133859133365
c_4146,0.3782552920787306,0.8102599130348938
c_41479,0.201495447406198,0.7758940722497872
c_41499,0.369733781408538,0.8386649321162021
c_41515,0.32129001936752405,0.8130397991088433
c_41516,0.11837544989733938,0.7008289166469633
c_41526,0.4612122318604395,0.8450225568940066
c_41541,0.2222102498737922,0.5380991598946097
c_41554,0.2604124953339436,0.770858893714456
c_4156,0.24983811874037712,0.7971925300679092
c_41621,0.40239419353096406,0.8963356348607506
c_4163,0.34407550155550265,0.8974327753539346
c_41633,0.7910186123228284,0.713904152472919
c_41684,0.21771635257197355,0.7950826106092665
c_41718,0.1500232036492883,0.7054847808380549
c_41720,0.2968985800099692,0.7623224448171508
c_41726,0.2645471332656535,0.7537323057105307
c_41741,0.516584163965317,0.7633917884637572
c_41751,0.21836345247839872,0.7517092678366459
c_41752,0.2424985321791353,0.7985771908271639
c_41772,0.25793840517341904,0.8068914312317729
c_41774,0.23550100908430882,0.8509419787803414
c_41787,1.642452999773699,0.6500422141837443
c_41807,0.4177459988537927,0.7213772993141748
c_41833,0.40237818287527133,0.7602480585702296
c_41838,0.17747423161863032,0.6052415843449177
c_41841,0.3353343452895025,0.7487536583410278
c_41842,0.5398186151317238,0.8219753660453553
c_41872,0.23448569380108591,0.7842994890351073
c_4188,0.32642162233543304,0.7727072997960055
c_41918,0.49174004801557947,0.8403362876583279
c_41954,0.2909163163034297,0.7850238900615008
c_41970,0.298835434704622,0.6486254667261719
c_41983,0.41956641926803967,0.7792504351034684
c_41986,1.102893184540675,0.717114857121715
c_41998,0.24856002153594056,0.8381426606772393
c_42015,0.3039129955675984,0.7714642499424429
c_42019,0.6440770172587525,0.776741069550521
c_4205,0.19513438775917807,0.8101931244961441
c_42065,0.3234489936520699,0.7945205618364065
c_42086,13.095745197355221,0.47055276924814526
c_42087,0.15991157998554528,0.6889345801449037
c_42130,0.39754411560432396,0.8080632979911306
c_42131,0.31290619076278325,0.8680026096851268
c_42138,0.24845466183824627,0.7661776645202485
c_42161,0.0896769253359834,0.7747898082749405
c_4221,0.9333334930181211,0.7767790454750605
c_42239,0.4169127359966705,0.7276724050664362
c_42244,0.30162218666309515,0.7417929208982073
c_42255,0.24694527696746826,0.688933597596892
c_42268,0.36329268217489036,0.7984719223771246
c_42292,0.3959080584844856,0.7843428870594369
c_42294,0.4123436455633941,0.7775356670618752
c_42301,0.3481055214961141,0.7994872548913168
c_42317,0.3033637561102137,0.6091455137211291
c_42323,0.3263356794002124,0.8153083262147016
c_42334,0.370651542085594,0.8114138316289574
c_42340,0.5461577395909901,0.6618483904837839
c_4236,0.297298886487953,0.8235398795923473
c_42362,0.3253168555377808,0.8516038994377337
c_42392,0.3272498856869983,0.8953370919272804
c_42411,0.27860471478274657,0.7367929255799385
c_42449,1.5613598501985186,0.681157818117873
c_42453,0.39869454551896316,0.8621850220281337
c_42460,0.21808874023067087,0.752515514080035
c_42461,0.30741491634785356,0.7934843986749152
c_42492,0.40423698449747614,0.800908210495479
c_42494,0.29473445447108404,0.745990675237162
c_42519,0.3295613747459543,0.7928111942573903
c_42525,0.3532002411256888,0.8082396843805615
c_42527,0.33709871421897986,0.8218590263762737
c_42530,0.7720471487419145,0.8928918748262046
c_42541,0.37871303958953945,0.7363393998637959
c_42551,0.4948595169603885,0.8681071636110176
c_42552,0.18825303613698977,0.8169394661644318
c_42556,0.30992945779125164,0.7406684183054841
c_42590,0.1457856870514092,0.8078415481053214
c_42600,0.2365639336296902,0.8463478294257005
c_42602,0.27756002134287694,0.7179980562036903
c_42629,0.25294162741344034,0.612445959436672
c_42647,0.24863583524758667,0.795265751370586
c_42659,0.2435708903970936,0.8184008904729418
c_42661,0.58797049475015,0.762378345843767
c_42664,0.6419438499144873,0.7982217592883358
c_42671,0.655796783611991,0.720494386461402
c_42682,0.31652551096786796,0.7743899053241222
c_42701,0.8916660544485485,0.6403491171273558
c_42706,0.25359972287899507,0.6385047606470229
c_42733,0.4187174903457914,0.732243380680818
c_42747,0.5416686454904046,0.7169594088234772
c_42756,0.3811031684398689,0.7811929131597343
c_42757,0.23492874410834302,0.7067532135103776
c_42791,0.4942900925305208,0.862494629611381
c_42823,0.24716390221963971,0.7789247016210019
c_42827,0.6129251170558452,0.8863299802777187
c_42842,0.760419685139986,0.8428123192426757
c_42869,0.33296216431189524,0.8708696692958997
c_42872,0.27770161261772164,0.873989748943919
c_42888,0.24733133674118088,0.797189268079278
c_42889,0.35618911964204586,0.8095141711226428
c_42896,0.43066759251548986,0.7277084723462077
c_42914,0.4021815864760283,0.8401301051775911
c_42926,0.3094484896838961,0.8389063580845724
c_42930,0.355682500759706,0.7689129462427623
c_42933,0.2722653838813953,0.7891483533614917
c_42938,0.2674757190822108,0.7922247096488959
c_42945,9.205856863242566,0.47986512371265166
c_42949,0.31918847986127735,0.8074388555505178
c_42959,0.239380257041829,0.8240271087485342
c_42962,0.28284399107750124,0.6891458196658179
c_42975,0.5447150333926807,0.7110799454374954
c_42978,0.34036489270237297,0.7617163475462215
c_42982,0.4179158065085955,0.7899500003434612
c_4299,0.3300507072198316,0.6826375303038007
c_42998,0.29883382667874636,0.6113711808861989
c_4300,0.3105524915945984,0.809455209583802
c_43000,0.34501622736864407,0.8757671837482204
c_43004,0.7640335091404697,0.8213353991042399
c_43030,0.23710474504050227,0.7671171948783602
c_43054,0.2956833353784925,0.8116898710516234
c_43062,0.3748654311875053,0.8351144275967899
c_43069,0.23892530056478248,0.8298626835801455
c_43077,0.4629739058096507,0.809871133614087
c_43107,0.2747680801464529,0.7626043993958425
c_43141,0.1902786037121348,0.7496310150758881
c_43192,0.5872529327867994,0.708822028631002
c_43205,0.4127001322355675,0.7240670836489842
c_43206,0.16142133689285876,0.7599897515544702
c_43246,0.6170758725780112,0.8037754732628462
c_43254,0.4040815259980883,0.8496093041370545
c_43259,0.5196542177419315,0.7736911408060961
c_43262,0.3922332756411011,0.7094497913571036
c_43335,0.24693861698832584,0.8036412962960939
c_4336,0.36507388036252414,0.7638080227667432
c_43360,0.3104043938246018,0.8805221078472474
c_43368,0.17331139758138933,0.6496449735323094
c_4340,0.37131127284009724,0.7341838370435152
c_43414,0.2765186596675091,0.7665839912329782
c_43433,0.5177959040527398,0.6906240644302721
c_4345,0.30605580807366484,0.8389347757099821
c_43462,0.22983441781203884,0.7595059773485906
c_43466,0.46776618679529813,0.7571473993695279
c_43488,0.27105338357879577,0.8139941989216444
c_43496,0.5763293350741315,0.7431995805666187
c_43502,0.23925892689504993,0.6234622292001153
c_43511,0.24782833095918183,0.7626232366653337
c_43527,0.301725902878078,0.8059400987051284
c_43531,0.2379858620413695,0.8102101040552114
c_43536,0.3809248871153655,0.7611799837871172
c_43547,0.20152635267060645,0.7519379326041404
c_43549,0.5454601962504074,0.8461635376853611
c_43575,0.3709761180218049,0.8350709616230657
c_43590,0.3317043546416696,0.8553120355454938
c_43596,0.447369242363057,0.6603566425918006
c_43602,0.4551085942371108,0.6941872675775445
c_43607,0.3412686133781071,0.8556617210029056
c_43665,0.39321073717036076,0.7723986392671157
c_43670,0.23471104969822826,0.6976620713438935
c_43674,0.2928244695814352,0.7681949253558329
c_43681,0.26509472697057695,0.7621486144733589
c_43706,0.7191982809259226,0.7651052158256688
c_4371,2.6631466271564124,0.7859727162464275
c_43718,0.527445109580793,0.8581872875327832
c_43720,0.5049545124831745,0.7825252552210583
c_4373,0.33462660733124433,0.6815014889246389
c_43735,0.43570964339615126,0.8133167662326568
c_4380,0.18935804065398512,0.7514352274343993
c_43806,0.2915559332206019,0.8047806839087418
c_43813,0.6572570565373803,0.8255150060987433
c_43814,0.49284639848838524,0.7846038937160965
c_43823,0.326547491304342,0.7727069282369406
c_43831,2.3795076789238037,0.7895936629807241
c_4384,0.27544011060275564,0.8298921971660462
c_43845,0.4024434513090414,0.9014959528338469
c_43883,0.021468023497164434,0.7029808104672237
c_43891,0.5159418970929838,0.7046845733676756
c_43905,0.4692041231918479,0.775141426319067
c_43957,0.3445204750231508,0.7831022815542957
c_44008,0.9594127110948346,0.7878177992093531
c_44039,0.2637481246896082,0.7850485400047683
c_44050,0.3468226008024219,0.7894203388387847
c_44056,0.3146906194559303,0.7330483072692706
c_44059,0.3662312679239698,0.8679753860441292
c_4409,0.370693292325008,0.7968204587722589
c_44115,0.38694333973744466,0.684942277112573
c_44118,0.3242067096847358,0.8067759127913867
c_44135,0.6713054860333015,0.8015010198647887
c_44141,5.0227528597367,0.9478717868441864
c_44164,0.1925393151351026,0.7381511213377833
c_44174,0.6561652897721809,0.6890172417167297
c_44187,0.3506718954501619,0.7295826470540614
c_44189,0.38432947309795695,0.7504517294527632
c_44194,0.3878372302701132,0.7204771739189605
c_44226,0.5202109583460448,0.7805246969060713
c_44256,0.3410712821323525,0.6891185319680234
c_4426,0.5128388518505108,0.640824194441508
c_44260,0.22202426546979503,0.772293755031056
c_44266,0.4112049584628625,0.7383807396803181
c_44295,0.9188967062141269,0.7039264100041509
c_44313,0.4853856743201116,0.8014419232674153
c_44328,0.27564287796734777,0.834217026204097
c_44342,0.23350032264698653,0.7480874213566054
c_44355,0.3816913227608655,0.7968354772540693
c_44360,0.23295748874082225,0.7581237487675655
c_44364,0.4529516090319161,0.8334851800985853
c_44406,0.36163165365713407,0.802707556690788
c_44418,0.3086139338129102,0.7659413099892511
c_44427,0.20722137600771157,0.7773173940867535
c_44525,0.16883663398731322,0.8194864142455696
c_44553,0.4039199870876043,0.8570284964194301
c_44555,0.21036122246899364,0.68248470150866
c_44560,0.3192920481533599,0.7303217305114535
c_44568,0.2557928130020631,0.7858120052179909
c_44574,0.33023198976183055,0.84999302737343
c_44582,0.2771355966705363,0.8076067999695977
c_44588,0.6335273331959855,0.8171821591980477
c_44601,0.5068163241310302,0.858811549493782
c_44607,0.32304300286246973,0.8080893363492971
c_4461,0.7121025673609822,0.7398440869775665
c_44613,0.24900966879367228,0.8227666837822598
c_44616,0.3254252008972794,0.8656657625437614
c_44632,0.3015689769793299,0.8294068151321092
c_44644,0.1819947231216471,0.7437989775821457
c_4466,0.20549387534008684,0.8172105381819426
c_44662,0.10563534217659275,0.7792260983796513
c_44685,0.5154858949318593,0.6362641477902313
c_44688,0.5751617115113767,0.7364073474453501
c_44696,1.1808063567118066,0.799425329159196
c_44707,0.33657548100299595,0.7706294037325119
c_44718,0.549111897274701,0.8578024981741939
c_44726,0.20071327202358719,0.7959390895354146
c_44730,0.3088726817304036,0.6591388351110461
c_44743,0.4133640980192514,0.7673237142592573
c_44790,0.7945890672170073,0.7713014568385945
c_44791,0.31293976997908945,0.8597332295589237
c_44809,0.49173982875863376,0.6975783271642612
c_44829,0.43912644439771775,0.7657570817999233
c_44851,0.40287706190695444,0.7082361334770543
c_44855,0.31387626101454363,0.868059790547054
c_44867,0.24865698229844943,0.8107891252414261
c_44879,0.39564039406056367,0.7434518804066239
c_44911,0.2755834608872582,0.8667151564852633
c_44921,0.25358152027561315,0.7576142175971521
c_44928,0.2367952324439674,0.74009921746113
c_44929,0.2841905343621682,0.8119848920331958
c_44953,0.4170803321294212,0.732624008813771
c_44967,0.35574655493104546,0.9156944277900345
c_44976,0.3328401030045415,0.7475605713175069
c_44992,0.17948767468421314,0.6915543300740274
c_45005,0.31039976754967735,0.794948952236675
c_45021,0.47706565077489255,0.6904028855601221
c_45027,0.3878419827608401,0.8001649812885236
c_4506,0.3769033957974638,0.7097277417075065
c_45072,0.19484211886848307,0.7273915583836842
c_45087,0.472615168456572,0.7546774750832665
c_45097,0.31031575935775885,0.8173300007451507
c_45107,0.2535965142420539,0.8555478441076234
c_45110,0.3655716047732552,0.7515678686378597
c_45124,0.2862398985533166,0.7000704920426266
c_45134,0.4700798584429915,0.7572276705241776
c_45138,0.3749112257454022,0.7259329941316601
c_45178,0.36454490895665626,0.7442861652295736
c_45209,0.40455377920836616,0.8031812171995105
c_45213,0.22288039233642995,0.7226841104936871
c_45216,0.28504024353223856,0.7064939828957693
c_45224,0.19747883228416746,0.7288713041335786
c_4523,0.8229655175657873,0.655795109493227
c_45236,0.1794588497032731,0.7878692481204692
c_45243,4.261914262901279,0.6934790864649891
c_45268,0.1652372195061811,0.6062120950785096
c_45283,0.6084788798638804,0.6590288140978302
c_45284,2.2876810101408127,0.8887786986240456
c_45287,1.270266297109266,0.686133236808054
c_45291,0.34219864709326997,0.8158407605975927
c_45293,0.3624064499144961,0.8189449177169557
c_45310,0.26689261116997615,0.7551895607689914
c_45314,0.3424541464682298,0.7643612967924692
c_45335,0.20443811830405487,0.8308847502574922
c_4541,0.8609972132947793,0.8236851636428868
c_45427,0.28600005872670475,0.6386676788282859
c_45484,0.30053682088684613,0.7890457494965635
c_45488,0.9210942687076749,0.7205532983470879
c_45489,0.38173375589807074,0.6975048966803694
c_45515,0.48078735792529104,0.7828281789151895
c_45539,0.5120642741133019,0.5286289079028004
c_45541,0.39844980645944694,0.9067586628692141
c_45546,0.20479381390044538,0.8033811237955664
c_45557,0.9186047491591091,0.7150395496181164
c_45558,0.19736450516275672,0.7246141105764408
c_45576,0.41084290970063725,0.6642042273735632
c_45582,0.3833448719282883,0.783007013927375
c_45590,0.281072580838456,0.789174041747314
c_4560,1.2728510367449455,0.8433710534929642
c_45620,0.31985074089594095,0.748016356899089
c_45658,0.3673802781709767,0.7973497438137941
c_45659,0.2870113562333266,0.7201833916796332
c_45679,0.34669267700427703,0.7179408402949559
c_45722,0.2849854396507634,0.7631377583385263
c_45730,0.28012137637829754,0.826795431977581
c_45733,0.40359529274099704,0.8888694782245018
c_45759,0.23087882751191358,0.8075783437032156
c_45772,0.36792399243038293,0.7681059353846587
c_45777,0.24524268167085359,0.7094416643272422
c_45780,0.27230007703923287,0.8130439062103194
c_45786,0.5136712175591397,0.7086838922123206
c_45821,0.35517988660179256,0.7227392254762224
c_45841,0.2470295393995976,0.7053220754368515
c_45855,0.5139296225658706,0.7331968519627132
c_4586,0.266009559559379,0.8068342117392926
c_45865,0.18389804817923935,0.8322527544096765
c_45872,0.28735238011035846,0.8533943103344894
c_45894,0.5779680638118728,0.8331912802453285
c_45911,0.350259061383133,0.7895674973914351
c_4593,0.33107872943232575,0.7980879244329873
c_45935,0.2922516327753808,0.8605943389274562
c_45939,0.2683580314626204,0.90682535340294
c_45940,0.47334884030156094,0.7856374523675255
c_4595,0.2927909613735532,0.7896405863392155
c_4599,0.3977139874458205,0.895490545667833
c_45998,0.9032316328282383,0.6761237989845055
c_45999,0.3638068536324102,0.7970665518035007
c_46000,0.19448326986274897,0.7416809414574166
c_46002,6.865879296016112,0.8286481096584827
c_46010,0.5642970158091722,0.807801238839185
c_46033,0.6357175626884782,0.6758300674625011
c_46045,0.3310379338600869,0.8023932295393419
c_4605,0.43679991213954283,0.789964515473098
c_46060,0.35637057766646474,0.8850551915530089
c_46065,0.35680827241649604,0.672361513688229
c_46085,0.23766963864555948,0.734749645295155
c_46114,0.2355063192564282,0.8169276534690282
c_46116,0.7934807722848086,0.6109909975585182
c_46128,0.7196728383333182,0.7409748336508617
c_46136,0.5033915862789404,0.8576199625347218
c_46156,1.391647901026452,0.718090215500715
c_46169,1.5775587508066906,0.7125667365440972
c_46175,0.20853250084248184,0.7105760542978811
c_46193,0.30858248328342075,0.7815948818534826
c_462,0.4675202057536129,0.76614454523338
c_46246,0.4299750041785394,0.8300222387578035
c_46247,0.34197410636778786,0.7563958703946765
c_46279,0.7396382718088808,0.6958096264109024
c_46291,0.3410328582333491,0.7416192283689723
c_46292,0.3306320725008903,0.7847138874187426
c_46312,0.29703930757704305,0.7766604295696033
c_46322,0.2419904126658367,0.711834245212922
c_46337,1.1073705692307707,0.8117325361541146
c_46368,0.4005944562797409,0.8102457651209237
c_46374,0.4000166852871704,0.6461796310051395
c_4640,0.4029044584105977,0.7800524630601084
c_46409,0.3916655279363477,0.742957493149827
c_46423,0.235028415760394,0.8034420790095547
c_4643,0.2698101165375332,0.7132660330773043
c_46433,1.1195578276903728,0.7757372844026571
c_46445,0.16902554112293783,0.7316842978860929
c_46449,0.22120648960436012,0.801547730412027
c_46464,0.7130634766570358,0.6004238385498384
c_46467,0.3817707023943735,0.8091506650982765
c_46471,2.9149855098912263,0.8138544366514273
c_46504,0.28852530189574227,0.8133711488649128
c_46513,0.6709680299223141,0.7611723144485509
c_46524,0.20875550197100112,0.793146736000856
c_46533,0.5482192623108649,0.7766432604947063
c_46543,0.3551470538227574,0.828164049952155
c_46546,0.7083814886749105,0.677051714062475
c_46559,0.28530679370459766,0.8024760090149068
c_46581,0.18773239209711967,0.7851584215477794
c_46616,0.20208537073348615,0.8131615961591554
c_46717,0.21437404752172223,0.7488744503245741
c_4672,0.5383092744279185,0.8160690281651777
c_46727,0.40535199001827854,0.6730409901312112
c_46735,0.2994948521255858,0.837581631021374
c_4675,0.3728933818075657,0.8116925508382244
c_46755,0.48718852605406715,0.6985230881263298
c_46757,0.2893966160114743,0.7110310062005539
c_4676,0.9227685444130325,0.776848669048049
c_46776,0.3634364704413894,0.8011366986366728
c_46797,0.2792685512658905,0.7392906270983644
c_46799,0.18841177530866873,0.8244269652869238
c_46810,0.22201729716590618,0.7828060597790503
c_46813,0.32308996906912757,0.8077338387638124
c_46827,0.3220486215580493,0.7348542543537364
c_4683,0.2926051377723875,0.7148188714541682
c_46831,0.4378560835174584,0.8085470390738843
c_46837,0.24465928035410353,0.7472275763350573
c_4684,0.7937817537352765,0.8186575674477528
c_46841,0.4129437413347876,0.7346697823229954
c_4686,1.1783484383879945,0.7017741177462316
c_46862,0.1756749137896677,0.762561841223308
c_46887,0.2839517333704053,0.8283938817114052
c_46898,0.3147307970018922,0.885285031476263
c_46941,0.20888313707207715,0.8967582652340074
c_46973,0.6052002178232503,0.8901957696986417
c_470,0.30492467352733627,0.7936386398588182
c_47007,0.4317125635414738,0.7447168660954215
c_4701,0.6446896279907686,0.7555876694697048
c_47015,0.2491562156743419,0.7818274917090579
c_47053,0.4328924328888253,0.844427084857367
c_47065,0.41622327029570244,0.7813729335734708
c_47079,0.42660612250198454,0.6834839204224465
c_47081,0.41831769678857766,0.8116370056365085
c_47101,0.384171060709776,0.8227847927816663
c_47103,0.39381366851069155,0.727785341275092
c_47106,1.4061051516818956,0.6938510163851066
c_47128,0.3434727786793701,0.7200781533196585
c_47169,0.33125663576525255,0.7667538512834216
c_4719,1.2771117521044608,0.7567663175639017
c_47214,0.36354730140793884,0.7605556784106664
c_47218,0.3085881160454043,0.7912933987355477
c_4722,0.30855979209758494,0.7631943495956216
c_4727,0.7441720705462114,0.6878407128446618
c_47271,1.0224131736375803,0.7842747856817762
c_47274,0.2987229842699792,0.8432388558996553
c_473,0.16091238965009874,0.7350217928791801
c_47308,0.20962692612969228,0.8161859896130288
c_47317,0.7284103226713721,0.8260806993284814
c_47319,0.48600882524714584,0.7468491855627297
c_47323,0.20011536671370705,0.6989384349228909
c_47329,0.328852707754642,0.8518116966122196
c_47355,0.21217118195663628,0.8167853118306229
c_47356,0.5441875346947104,0.829245019879111
c_47383,1.2888505317589545,0.6826456606482686
c_47393,0.549774148407444,0.7496375436879353
c_47422,0.3026752076130896,0.8231629723408774
c_47427,0.35008713099661953,0.8112645230214484
c_47447,0.19552995483049543,0.7178545377164778
c_47460,0.312104831490408,0.726846043147764
c_47461,0.44788829108616107,0.8518338852531121
c_47467,0.3306801352983096,0.7996433153468563
c_47476,0.3553481205621045,0.8489479100850548
c_47486,0.5171544066832516,0.8776541057014116
c_47562,0.7093542113272485,0.7103999038743325
c_47593,0.2834453881843651,0.8716898849664407
c_47595,0.17924575627741313,0.6636842757313417
c_47603,0.3408875670466198,0.7657432230691927
c_47618,0.22853722531357498,0.873364415988668
c_47626,0.6018837567485397,0.8267784976626167
c_47628,0.3475723020838478,0.7535539846930654
c_47663,0.3762031780024767,0.7680669284823676
c_47667,0.2674030873269607,0.8326773797898692
c_47668,0.28194241599394737,0.8454645051017315
c_47672,0.5467678946351066,0.8720155178619031
c_47741,0.4280271497905429,0.7433696871720176
c_4775,0.3988123751803717,0.8068447198583684
c_47808,0.2868191447351001,0.7552919465191806
c_47810,0.36706451214149616,0.8275941266781333
c_47815,0.1981309194314472,0.6944155445958891
c_47920,0.2942498092245239,0.7613714237878866
c_47932,0.3558133532132527,0.85502186656081
c_47949,0.29650196346692903,0.7485203941461362
c_47960,0.3853194559519958,0.7703999151714646
c_47977,0.3768927832293551,0.7735419563345607
c_47980,0.31790961108535537,0.6818353812641347
c_47988,0.2971420447211786,0.7224613625932795
c_4800,0.40424289028085936,0.8182882465122236
c_48012,0.6035087442294494,0.6824619281618212
c_48014,0.5049581915054263,0.7230026107106573
c_48021,0.2643882020936895,0.7863120230316669
c_48079,0.45889408022002093,0.704940716791684
c_48090,0.40229541912323874,0.7037226017280614
c_48100,0.45904419211386976,0.8263329493703696
c_48108,0.8373293185937636,0.785199752203811
c_48117,0.33270567861544686,0.8648553133861392
c_48128,0.26351830954510774,0.7195818164424569
c_48142,0.3883373228527666,0.8139758431713748
c_48155,0.7726643653192129,0.8278739793600114
c_48188,0.37408781183312984,0.8239768333742182
c_482,0.2649388105545087,0.8622762260031441
c_48207,0.6776894710610729,0.7147704614181071
c_48211,0.28537878884099616,0.86419922574358
c_48213,0.48350539758275163,0.8549869455835355
c_48216,0.22074044082906513,0.8222623587993192
c_48217,0.07374487382303678,0.7583513812550631
c_48230,0.23074487440634728,0.7675851027861005
c_48236,0.3224139318432665,0.8259572284750367
c_48245,0.4231570761685802,0.820298115658782
c_48274,0.29094792588512836,0.8790143329978282
c_48277,0.6296952294919572,0.803920880527934
c_48279,0.31354916965512536,0.7926192134414187
c_48284,0.9423751042248504,0.7814280321179486
c_48291,0.19533230481915193,0.769747521402049
c_4830,0.31578027515944185,0.82846566559323
c_48300,1.45376396980504,0.774394779844385
c_48349,0.160284068709355,0.7495435957065508
c_48352,0.19348190635859275,0.7569884321583635
c_48354,1.439378602502922,0.7269868497316467
c_48385,0.7961359381667227,0.7081583531114048
c_4839,0.3395423764495227,0.8419444529387632
c_48396,0.628205352761834,0.7294079318569575
c_48412,0.6216670936181043,0.8764062840407151
c_48416,0.3100194065384301,0.6155954988045226
c_48420,0.4251159121752823,0.8480285061372135
c_48433,0.06132916208556582,0.8157702794612967
c_48436,0.3168454154381304,0.7115517574614332
c_48449,0.301196335633142,0.8471543021197876
c_48461,0.2995843833396703,0.7978380096156408
c_48464,0.42068462681389174,0.8341675808300077
c_48479,0.36766464547296684,0.7983239388875167
c_48485,0.45931473664128986,0.8082729694135475
c_48487,0.5524006698968645,0.8052575531387425
c_48489,0.4810303472355369,0.6051212280491594
c_48490,0.35369195096068246,0.8805489282360669
c_48492,0.6651178515804321,0.7512426498895621
c_48495,0.24658137130429872,0.7402738637431707
c_48523,0.19033266765558152,0.8742472995768907
c_48527,0.33327718970371806,0.8929201297636513
c_48540,0.3846526987953711,0.7782041829661277
c_4856,0.42565984576276955,0.74494574312095
c_48579,0.4680225178677707,0.8767257102232541
c_4860,6.118975442434483,0.782860611228743
c_48612,0.47994448837740067,0.7316564116113544
c_48615,0.33475089769217004,0.7303984054943522
c_48621,0.5253293798021884,0.7583402611352988
c_48629,0.18719830296377443,0.7371037384022755
c_48642,0.18751116843927562,0.6539981395265013
c_48643,0.2935752187416517,0.6293594692969207
c_48673,1.5799187710256222,0.749625648226829
c_487,1.1447860499958575,0.8027920878392949
c_48716,0.36607555724121693,0.7784870969074058
c_48722,0.5129544416022882,0.8125852819275816
c_48731,0.40914017074127557,0.7366717694841854
c_48737,0.2584677362289478,0.7545072530122534
c_48754,0.276122042825557,0.8050511062008359
c_48757,0.20798314271514184,0.8443055393781258
c_48817,0.42503854504712324,0.7463290005448903
c_48819,0.4013884346886554,0.9556983719461853
c_48830,0.38587501822266307,0.7437755440211309
c_48845,0.8606142393050799,0.8436035267780904
c_48872,0.23290146865248337,0.6703590285159067
c_48924,0.2543658203732024,0.6465595338853957
c_48934,0.318057016841634,0.7370775996424254
c_48972,0.2389357879276975,0.7568341834788852
c_48985,0.9194844874560814,0.7486693621224827
c_48990,0.16094773939539195,0.8258314011270136
c_49041,0.37283644318558545,0.855511386921955
c_49042,0.40324035935874347,0.7226548717642639
c_49045,0.42346726117512,0.8412988043686558
c_49060,0.45405633929070144,0.6166630766395151
c_49070,0.3477288874976225,0.7977392302829069
c_49084,0.40268645285389243,0.8764582265867693
c_49087,0.3757987194267436,0.8687252738180073
c_49112,0.2729222643779327,0.6655983715360103
c_49127,0.8882349330720535,0.8062331564812031
c_49151,0.24806684802523474,0.7616690986328827
c_49153,0.24012357223357023,0.825739232564126
c_49159,0.2596741615025309,0.8117627332272153
c_49178,1.1261731240678448,0.7544230212190624
c_49181,0.39654532466590786,0.833470200114905
c_49232,0.25151131871460286,0.7938349739352877
c_49255,0.17128054671810158,0.760328441098298
c_49260,0.25503475270990794,0.8372534325606207
c_49268,0.3477048845766706,0.8434941150411046
c_49271,0.16379907690306972,0.6633289601826158
c_49275,0.258579961827432,0.7967758730460699
c_49288,1.061847656631363,0.8555996379551438
c_49302,0.22049426842539238,0.8183647704542757
c_49328,0.31752330132369,0.7414994867428479
c_49344,0.4932702743045556,0.6387325375707553
c_49369,0.37266817495897686,0.6060992983803579
c_49393,0.26812704078465044,0.6973459175458352
c_49399,0.34744941475463187,0.7675095296048445
c_49405,1.0033701993534,0.7010369065492101
c_49410,0.26952279022915165,0.759633048510431
c_49423,1.0964592887835891,0.8110099856574179
c_49431,0.9137123247154865,0.7027152579240742
c_4944,0.1836344696025827,0.7621339510295486
c_49449,0.22877907304969194,0.7752576635570272
c_49452,1.175171377529376,0.6965186103636295
c_49454,0.3014892203277959,0.7502389167086645
c_49455,0.2659039489424684,0.7968829004619733
c_49485,0.3668094468612512,0.7455139595996862
c_49499,0.2932233560060408,0.7621535113814373
c_49529,0.30982024822630577,0.8015916919766571
c_49550,0.4201842129024485,0.7551629623290752
c_4957,0.6955425222713477,0.7709660916120142
c_49571,0.3549291370497763,0.7549479473976815
c_49573,0.3730453447866706,0.7384287164278496
c_49589,0.39096183303753657,0.8239722754430654
c_49597,0.34624753288914456,0.8188796768026982
c_49598,0.4494867784001279,0.8592172612586173
c_496,0.5509762785920984,0.8726701161220518
c_49604,0.37052269837285956,0.8788010951726652
c_49607,0.19558071074699462,0.736971177709088
c_4961,0.35424081370178695,0.72227731428077
c_49620,0.5147496939274567,0.8635206840955287
c_49622,0.23393713230786276,0.7615053839792953
c_49625,4.661607033809241,0.9564786338810133
c_49630,0.49641578113668006,0.8057826553376394
c_49638,0.24598131628366088,0.7709344357990114
c_49663,0.24462058509108364,0.7319423715838641
c_49673,0.5897610670566554,0.7930571796512884
c_49690,0.3650187483239365,0.821360852132873
c_49698,0.35273162865544705,0.7363987387369697
c_49706,0.34507732735609975,0.8043018174631278
c_4971,0.2788781619951969,0.8563206657181544
c_4972,0.3144882620838412,0.6927807082890753
c_49769,0.18678426134247453,0.7201558927475662
c_49820,1.862870533417274,0.7979712302267308
c_49835,0.3268946822769309,0.7747130146038297
c_49838,0.3504084590902636,0.9055950293786594
c_49852,0.31373626336649607,0.7744885683494684
c_49860,0.5189077494488038,0.689920702050939
c_49864,0.33006289260458854,0.6867124843642616
c_49881,0.2626976584887606,0.7842665931374762
c_49888,0.24220441147912672,0.8154042185807855
c_49913,0.23675988277963486,0.7612900684302751
c_4993,0.2953065793768909,0.8613411087371354
c_49952,0.24217054792565906,0.6799001129396427
c_49970,0.390621111947556,0.8922306393313846
c_49978,0.6591098654268718,0.8109830693464921
c_49980,0.512742485270222,0.6223223126169811
c_50021,0.7308717324664603,0.7009629609981362
c_50059,0.22983790790935682,0.6994357942888555
c_50090,0.7961101614409111,0.6699515367499955
c_50100,0.3639720406224585,0.7980058070782549
c_50109,0.4535813427942346,0.7365011741464336
c_50135,0.36316521273743557,0.8014227936425038
c_5015,0.4158497210014987,0.8209230192961583
c_50162,0.5438668819043911,0.6913179880548789
c_50164,0.24036677538408244,0.7406903513481464
c_50165,2.047767332540528,0.784497436734072
c_50168,0.3753860256697357,0.7708387472979237
c_50194,0.6951900572666243,0.6121564143312053
c_50201,0.4061379938449034,0.6834422162819914
c_5021,0.5186783840353751,0.8298149393125622
c_50219,0.4628299248326095,0.7506985425605841
c_50242,0.31105509193600794,0.8263785352216588
c_5025,0.3237003112181166,0.7315392983728839
c_50250,0.37436764834256,0.7931107229816212
c_50265,0.20039935299365252,0.7601860380940256
c_50283,0.37095554715285556,0.7012433718883544
c_50291,0.5595621006406565,0.7678375237835418
c_50309,0.3068415272197027,0.7399389347867324
c_50336,0.30349969417839356,0.8631272239957841
c_5035,0.2165190329507833,0.7422987901362988
c_50363,0.3619987795198235,0.759452132347338
c_50367,2.4700765715701736,0.7370447389443278
c_50377,0.41125817562537265,0.7925695914777425
c_50388,1.0217986816129767,0.7178864072472858
c_504,0.24706804581890135,0.7968225334081911
c_5040,0.636469935001161,0.6013888708332863
c_50417,0.4052051884334119,0.769445580268892
c_50448,0.2971600951450537,0.7925159001263887
c_50464,0.29691747899873494,0.7594490792883607
c_50490,0.39002021068320875,0.6669048654830974
c_50492,0.3888345110970894,0.8415654692727192
c_505,0.3670416043658034,0.8476414194676922
c_5050,0.3233930742721329,0.7719030003175343
c_50518,0.279386966400326,0.5587678602687837
c_50551,0.5266263151206023,0.7842043394583318
c_50561,0.3709546759815258,0.753248903696543
c_50572,0.2687069684504881,0.8745956330202467
c_50588,0.4480798724680766,0.8338028096555672
c_50595,0.1930225400742339,0.7532050482261752
c_50605,0.455313242544041,0.7301729105239587
c_5063,0.40085114151427853,0.804882597626644
c_50641,0.39530032741562476,0.7148087609038167
c_50667,0.2145735658614284,0.6395745147175915
c_50669,0.35679886353173107,0.8427559178650352
c_50697,0.3471939774005092,0.7837657681128734
c_50700,0.5366250193735634,0.8495604440703866
c_50706,0.23030901760153888,0.6546522892202811
c_50710,0.4255461175247906,0.8331188522863031
c_50720,0.6773906375944173,0.6409506810927095
c_50725,0.24609778214504,0.8206884305013482
c_50740,0.22822300296564688,0.7845123975867568
c_50742,0.5178204761420501,0.5097271622761683
c_50745,0.466836656934812,0.8206273824337418
c_50758,0.43206812259887806,0.6981957353276039
c_50765,0.28845266307251444,0.8165089760026341
c_50767,0.36970214665000334,0.8041041904806914
c_50791,0.3852315900490085,0.9256667352975261
c_50792,0.3889412208926463,0.8272442467214264
c_50805,0.7755600035610929,0.7940070695222745
c_50819,0.3996906430077087,0.870488948926849
c_50820,0.16434046996035218,0.6822908563441026
c_50824,0.3517858850069211,0.8368601003593981
c_50837,0.6793020294136717,0.7581352222168702
c_50842,0.4248960901648912,0.7499344401720808
c_50845,0.40480542477104,0.6311598033678709
c_50849,0.3468454739153477,0.734533746365087
c_5085,0.22091476021165132,0.7999561833558735
c_50854,0.4672811098874773,0.7603247545084797
c_50857,0.34477137116744705,0.8894945877302389
c_50881,0.2522500371920966,0.6821740686953326
c_5089,0.34151762054252477,0.8345187712659224
c_509,0.3923241285524362,0.8512396234998979
c_50909,0.52831705400374,0.7933386593600811
c_50918,1.084649016900837,0.7052349389398911
c_50944,0.475564181076099,0.7203378361773625
c_50946,0.46551725703535163,0.7729051985293642
c_50989,0.7444066380074494,0.8052339341110936
c_50990,0.30217889513827234,0.8424953376141322
c_51005,0.2829436312021442,0.7249027574506395
c_51009,0.3514430266636252,0.7055823132335638
c_51015,0.4600130289922964,0.7162146534844722
c_51045,0.35936744027777556,0.7383625951721341
c_51053,0.4151829436776249,0.8463646042179325
c_51061,0.5739601839280387,0.8653496471985389
c_51063,0.3742383902996062,0.6355378965912086
c_51068,0.435414983161612,0.817869762637988
c_51105,0.33206688371509696,0.8074834039656593
c_51135,0.6136777521536187,0.632258065666081
c_51138,0.2804962673040622,0.8472171554492527
c_51149,0.7888301808941323,0.7393233016870916
c_51212,0.4426303171205174,0.8038016368119086
c_5122,0.380305293884036,0.7655999900960138
c_51231,0.3123588598038194,0.8949533496561287
c_51248,0.26254221605903577,0.8635066735115753
c_51266,0.29375326088188597,0.8706878201668713
c_51275,0.6010137474945239,0.7710807434533962
c_51331,0.24425676306076013,0.8583473298129569
c_51342,0.33565454052730803,0.7879314749266237
c_51347,0.5484149991080217,0.6991041861755602
c_51357,0.7844063936772705,0.7080948773237854
c_51371,0.3894881386944919,0.7557190776816021
c_51375,0.8858213631279326,0.7355557062935248
c_51407,0.4046771592174635,0.7966471306158127
c_51434,0.3186733165053326,0.8149592942700135
c_51443,0.26835202424847604,0.8367508331551862
c_51465,0.5753021797859345,0.8568926186359633
c_51466,0.6294912490320065,0.7738340230999088
c_51469,0.45479891520814475,0.7178794398213864
c_51476,0.23473085378691805,0.7708770577677064
c_51478,1.0359564082819122,0.5943914558768151
c_51483,0.53067733842742,0.905251130123732
c_5150,0.7450151898206744,0.7587534259023565
c_51525,0.14772202519862562,0.7542380560355766
c_51533,0.49217774674024556,0.7813724667878479
c_51539,0.9380960958293811,0.7001989953654162
c_5157,0.23511183694137533,0.769954694955685
c_51585,0.6292129833014404,0.7617795515411785
c_51601,0.3424952605193071,0.758150709461488
c_51628,0.30355041729502685,0.8467000581201098
c_51635,0.3572030113161251,0.7690974322614734
c_51655,5.0532930206051665,0.46003767060336986
c_51667,0.32683797394703573,0.8869830189731165
c_51668,0.6151215701233395,0.7884811834645862
c_51675,0.6953071951840512,0.731213043169337
c_51699,0.4542825847705948,0.8643323881828633
c_51701,0.34473429416077966,0.7265718406594112
c_51724,0.4186362143595434,0.7105314738737804
c_51736,0.25405893992152456,0.8837666943710498
c_51739,0.45497019686540974,0.801612029156331
c_51769,0.40770378223438697,0.8463122344723781
c_51775,0.34473184254876377,0.7201336653192054
c_51778,0.2969338148739076,0.8479514066406122
c_51783,0.37444868349062793,0.7551090966014298
c_51805,0.5039250411222089,0.7937413126354701
c_51826,0.2650702543402228,0.7528581645005565
c_51871,0.2729858242952333,0.7873538839593904
c_51895,0.41528729963124206,0.707900941071276
c_51949,0.4736989472435947,0.7078420317740524
c_51950,0.6123064376152497,0.7228902599035667
c_52000,0.28293539580703075,0.7869050575700645
c_52007,0.3328843593497901,0.6445617042508074
c_52021,0.2362438128960397,0.7033288238513316
c_5204,0.3162850829009948,0.7124413202593995
c_52043,0.32213699372522314,0.859864414884506
c_52050,0.17043284915838997,0.7261526027390852
c_52054,0.3101627424702909,0.7386983322766173
c_52076,0.6512837953461578,0.8584274675965735
c_52089,0.33465809065206115,0.8811549109623531
c_52127,0.360251548159888,0.798197174777828
c_52130,0.3243070073383847,0.671205056063116
c_52139,0.3134079451046981,0.8124305040862274
c_52141,0.22746892052119508,0.7767683756077731
c_52156,0.28477671727175674,0.6836388004830796
c_52171,0.3409412644493393,0.8471795596351605
c_52177,0.2044889996182096,0.835154562093169
c_52184,0.4478752827753299,0.7447551089652283
c_52201,0.16503246601117488,0.7725185493359485
c_52213,0.48839252530821164,0.8085765166564081
c_52252,0.27584327331572334,0.8277945059038987
c_52258,0.2613727230946339,0.798452670385057
c_52281,0.579427310847015,0.739931984048586
c_52295,0.1737157589931799,0.7688094059454609
c_52366,0.3491637717576227,0.7815164356473459
c_52378,0.42285148852177773,0.7438069861123068
c_52398,0.4068153086102868,0.8226656969033735
c_52415,0.5469176490412893,0.831502549100593
c_52425,0.32937722444050194,0.7727219635472162
c_52433,0.37635548805666774,0.7453562221540866
c_52438,0.2665001618465325,0.798925141088672
c_52446,0.3293502714467999,0.7801534549158913
c_52473,0.25094482407695734,0.79861236761796
c_52488,0.5878785244513669,0.8062177547680365
c_52526,0.3119613269520475,0.8704458538083191
c_52538,0.8827710645037502,0.6840471351512987
c_52541,0.31281386825399604,0.7610193135838188
c_52568,0.28525602592514104,0.7189416155910641
c_5259,0.413896148869706,0.7752168926011302
c_52600,0.48888594740738556,0.8197817940047318
c_52602,0.231810319310239,0.7485551321706811
c_52608,0.16476547546042355,0.7190690084047602
c_52637,1.3730224588740332,0.8547847151296837
c_52647,0.4158282226600274,0.7051117734421084
c_52652,0.49955969708907383,0.8140379696227569
c_5267,2.2238279332236806,0.8783164989452219
c_52672,0.3632374799791749,0.7728389639574742
c_52682,0.2862879090659185,0.8028844803410649
c_5269,0.638298302623974,0.8196978815032872
c_52704,0.6238842964340012,0.7218127697708163
c_52707,0.22604777746495133,0.6269231499422281
c_52730,1.0724974894114858,0.7459053262010319
c_52740,0.2186222597622709,0.49063192714099735
c_52763,0.3268559619671842,0.7539896345492483
c_52764,0.6196428427415727,0.9019203144246342
c_52780,0.5197360389817518,0.6712578129350655
c_52800,0.301163363223298,0.8888828107329667
c_52812,0.23341351171841693,0.7290680592677884
c_52823,0.33409614926582876,0.8174214435812441
c_52831,0.17361608064200465,0.7841332668914001
c_52833,0.2913881546018296,0.7613380156119725
c_52834,0.2983967630830559,0.7768467578707748
c_52863,0.3065050837405245,0.7111740053414949
c_52871,0.33327837762726586,0.777879816026706
c_52881,0.20031672254929417,0.7796748030909607
c_52889,2.2622059815132736,0.715648733069716
c_52894,0.26119991281283217,0.8127751034550657
c_52895,0.27124621083983314,0.8000349492629422
c_52897,0.351031964416142,0.7702206535042186
c_5290,1.2435794502155206,0.7907451869476245
c_52906,0.3219881435073177,0.7672841181698329
c_5292,0.2331613471685838,0.6813398586613807
c_52931,0.8626503678246876,0.7507551778099898
c_5295,0.91011026365267,0.7709573445456436
c_52952,0.4629917151320476,0.838557840689002
c_52972,0.23228513482740326,0.8118785338420687
c_52984,0.31295596085718563,0.7942855584874482
c_53005,0.23588255804664324,0.7311176168198712
c_53007,1.1014865250462458,0.7098172272740567
c_53010,0.29127265229093796,0.7999288189364553
c_53027,10.676987232614046,0.5079081299813949
c_53031,0.4126513735402779,0.8863850819076318
c_53039,0.432820331058173,0.8143083925730035
c_53042,0.3153204039241374,0.7718394901700644
c_53046,0.12779561621105728,0.8025974765017518
c_53067,0.4674977026000903,0.7122045452202832
c_53070,0.21725641874756105,0.7283366387343134
c_53076,0.5335916324348531,0.7553788627869593
c_53103,0.4522297384594736,0.594321218883527
c_53114,0.1864786585059317,0.6311733041037721
c_53117,0.41542245955026497,0.8418858421120344
c_53127,0.53924522266618,0.793776669545733
c_53135,0.4403028731274308,0.8085625004092563
c_53136,0.24430356872465028,0.7019448966003264
c_53243,0.5669666307167249,0.7828824844112231
c_53250,0.3815656063567803,0.7289187251333415
c_53251,0.49815659072569235,0.7719708865384927
c_53255,0.34059587360807636,0.6520166395382927
c_53273,0.2687693212841233,0.8223541036311359
c_53279,0.23311829039134258,0.8364003411346982
c_53287,0.23866696285366423,0.7147462952712552
c_53307,0.4693752167730647,0.8170001756792934
c_53334,0.32682894475617763,0.7695826611389194
c_53356,0.17138615832765056,0.8089202024128533
c_53364,0.19923827973974728,0.7048813565932479
c_53368,0.41356524053403565,0.84054351547446
c_5338,0.2022836722153897,0.7946600223992356
c_53393,0.23542902321994233,0.6749726265982504
c_53397,0.6843550369433994,0.6330823493891308
c_53398,0.46876982450260096,0.7746855353455233
c_53412,0.6838022202128186,0.8033005543172516
c_53414,0.3097152949729011,0.7621514475469608
c_53433,0.1865166953218437,0.7807923873380131
c_53442,0.8494102746825947,0.721504688722095
c_53457,0.5011756468057036,0.7437584635685133
c_53463,0.21943727763246684,0.7967126509477385
c_53465,0.3660870135285619,0.8234428457568528
c_53468,0.28906693712652426,0.8290722625481219
c_5350,0.39036150914659123,0.9209194444108229
c_53505,0.6922414591636316,0.7801326667194238
c_5357,0.3552462937644628,0.8573575345672413
c_53589,0.6445885176781802,0.6806763541077623
c_53611,0.20610582335761968,0.7644290604769157
c_53623,0.9849800778912164,0.7622393635073186
c_53636,0.6067286295461465,0.7061704043225752
c_53644,0.36751044753578566,0.7372150261215428
c_53653,0.6200769435631751,0.7056297573858155
c_53671,0.24446186154682298,0.8481367581829719
c_53676,2.956347674386418,0.8039382005526693
c_53690,0.23647735345965087,0.8274952473118046
c_53699,0.3275808004435965,0.778469409318402
c_53705,0.20821935953886261,0.6135575267578847
c_53711,0.3441362743761075,0.62569944067261
c_53733,0.43574627445549985,0.7242827404380808
c_53751,0.7026677931948508,0.819349515682186
c_53752,0.3342487633809911,0.7823822358007311
c_53755,0.2960907023658716,0.7402836883664161
c_53798,0.36597835627942976,0.7356679461822955
c_538,0.03245195025802487,0.8583957777896766
c_53801,0.524519974224508,0.6987906525848088
c_5381,0.34565460408912646,0.7041017814874401
c_53810,0.08610630560022559,0.8109806035548246
c_53821,0.44570064136152865,0.8243962203098799
c_53822,0.3785323803312018,0.8076420199744023
c_53823,0.4247961244871528,0.6760506123929371
c_53836,0.19733006594185842,0.7048085142491166
c_53837,0.37773611148159864,0.7813692087021008
c_53838,0.28034656575037364,0.7704627728609205
c_53846,0.21496631030549376,0.7467532192547572
c_53860,0.32603536937771455,0.8325571413659117
c_53875,1.4386709086877645,0.6405289362824039
c_53881,0.3813973300039284,0.7471085679078361
c_53893,0.2944355687908065,0.7030814638313636
c_53935,0.4775090777828896,0.8878608764114848
c_53957,0.6915792605311689,0.7930658986199515
c_53964,0.36576806013855856,0.82870366266436
c_53979,0.503215458212369,0.7591353652136081
c_53984,0.17263717150659746,0.6189633452529261
c_53988,0.5015015466310181,0.7784074405088168
c_53989,0.3165301658410823,0.8297649209774295
c_54001,0.4117251902630979,0.7815814750915491
c_54002,0.3098049695423126,0.8006489368991692
c_54006,0.23174506296186062,0.7032611387817962
c_54007,0.30442775953486695,0.8224989708484769
c_54011,0.2967113478544033,0.8035691526935715
c_54014,0.34168875527633064,0.7919370775494078
c_54028,0.2906341377485131,0.7981231220947949
c_54031,0.39501297911497785,0.8347425717233528
c_54033,0.40178189857973134,0.8035547041974511
c_54047,0.17214949481780853,0.7734247731216278
c_54065,0.24318700091106257,0.8400662762781592
c_54083,0.2011508290043623,0.815694062416114
c_54089,0.41801376502037124,0.8287501528249246
c_54097,0.3480180819021955,0.7027185067865159
c_54104,0.3172628973706762,0.7451324876134189
c_54131,0.22658672217008563,0.6686848844550175
c_54143,0.4016653571962581,0.824941861210701
c_54165,0.22783768471636856,0.7862328418793955
c_54174,0.28149961408571206,0.7304051482905561
c_54187,0.44316077049292124,0.8136718700197616
c_54188,0.2225362766180131,0.5917556694355881
c_54192,0.20096238838167113,0.6502420549787501
c_54214,0.1491000919453673,0.8206549303746988
c_54224,0.28416609317680364,0.8038782037841784
c_54247,0.47933812898893724,0.8005403966422705
c_54251,0.2396175148574251,0.7394936568227243
c_54253,0.34266886899138355,0.8006306455122312
c_54254,0.2507121998577456,0.8030458916701537
c_54266,0.21500693816254976,0.7356347480663014
c_54287,0.42289505505663677,0.6925820359329711
c_54323,0.35203065253136784,0.803176339057073
c_54340,0.38304350212009664,0.7369213148578955
c_5435,0.2877544632887346,0.6650035012495451
c_54354,0.3909438335865419,0.8250829767540676
c_5439,0.48795614875022697,0.7406652647462101
c_54394,0.209191737607425,0.569040197879665
c_54473,0.29241559050776383,0.7851279243812423
c_54524,0.38860651729926754,0.6817476533349383
c_54535,0.3868081698969261,0.8661491158048031
c_54548,0.5898905077754112,0.8579384545427756
c_54570,0.43278974139828186,0.801613850421258
c_54636,0.2688694997804126,0.8183805619633422
c_54638,0.3887417878211949,0.82021004960904
c_54660,0.6722292080330659,0.723652549975899
c_54671,0.8499088452731061,0.7762438161798013
c_54674,0.3013063493489798,0.7158573201519303
c_54687,0.42226680817288526,0.7299691458688105
c_54699,0.29979659359752864,0.7685053108851573
c_54708,0.24886035991061217,0.7268038943721395
c_5473,0.731613813162045,0.6307491346851982
c_54763,0.377959964382828,0.8444301105339918
c_54800,0.24070993961589132,0.8870032885855339
c_54807,0.26655043423827046,0.7211488564922839
c_54826,0.5000989085671786,0.8423759497215899
c_54827,0.46388451948565373,0.712230991129706
c_54854,0.31135016267635124,0.8707936462380246
c_54869,0.2852711202157063,0.7924005646836372
c_54910,0.21179836619070563,0.8177945056032443
c_54911,0.3268385551310112,0.8321653267320795
c_54915,0.2882004935766852,0.853897513762936
c_54925,0.3735455670428557,0.9180301955465591
c_54965,0.5639582283827788,0.7973262483614887
c_54971,0.34035187315457466,0.7123773507648596
c_54973,0.33963033346871474,0.7737344067572791
c_55012,0.2743256578640424,0.8355763078963078
c_55019,0.29335106872981503,0.77510751323119
c_55044,0.2788962846935438,0.729785340626822
c_55047,0.34304251892517174,0.7772565710820478
c_55049,0.2186619255633101,0.7172971525004379
c_55056,0.24281414863270323,0.738710069803808
c_55057,0.20326626236228787,0.7173270323577667
c_55069,0.2905779347709411,0.7301602638915774
c_55076,0.3118662764978299,0.7197234448272843
c_55080,0.3197221855401528,0.8426172035496675
c_55112,1.5695804963221134,0.6488072159392342
c_55120,0.9940190378841575,0.6375810649502914
c_55121,1.04735656826062,0.6955053495441681
c_55137,0.21179018607295294,0.6902130720945787
c_55141,1.6017048572650474,0.8414257516711448
c_55155,0.17153881282030212,0.7921616632341058
c_55158,0.38511138480588375,0.7928536999495145
c_55160,0.33178875178524275,0.5934569692464611
c_55193,0.3224272421057573,0.8771395406744302
c_55196,0.283320582557778,0.7799913606594939
c_55208,0.7661584668521704,0.7932887638683117
c_55254,0.2684628273985717,0.7131314960000497
c_55256,0.24685577409256237,0.7685384380094138
c_55267,0.5727988657230743,0.7150862114447977
c_55281,0.2410456543252732,0.7306180349613607
c_55288,0.5832456044721777,0.748157626395291
c_55291,0.3481300321280258,0.7568242759976468
c_55306,0.16440044131868264,0.8393691957047301
c_55329,0.35728421883410394,0.8234577672771077
c_55347,0.24621548390284065,0.8294895472492176
c_55356,0.5842425780429994,0.852123707727485
c_55359,0.41712422070567035,0.8264952058767795
c_5536,0.5720927471275756,0.8249101901525033
c_55363,0.65485605170031,0.847559153786013
c_55383,1.7130815691452528,0.6430970055937248
c_55485,0.20637724533882418,0.7423471562335365
c_55516,0.2472888003001318,0.7950857927315536
c_55544,0.4535415868460317,0.7497770128272924
c_5555,0.42003405157407625,0.8473242546861511
c_55585,10.708162041149592,0.49554994601630015
c_55587,0.3041607372055295,0.7009546647297858
c_55613,0.2794454737269341,0.8219410996861491
c_55616,0.22785252807565362,0.774417755449665
c_55617,0.39349891381517815,0.7546120581220408
c_55645,0.2565354134208894,0.7714157050329897
c_55654,0.46080543824574965,0.6763301949645033
c_55662,0.3872579085010748,0.7568222172973844
c_55664,0.2164078473039723,0.7854972027513452
c_55724,0.3148658247848406,0.6753949606638544
c_55729,0.304687380456228,0.817219294376766
c_55743,0.46580631881435597,0.6887519604578936
c_55763,0.2462916296536115,0.7589780789555761
c_55768,0.342788829879248,0.7481223104091097
c_55770,0.3122240560146877,0.7640614023856371
c_55801,0.20903230834349135,0.7654689358126592
c_55809,0.3141983214664348,0.8659792191079091
c_55820,0.32085079633575486,0.6889579268753196
c_55831,0.3228064114729524,0.7964548476544149
c_55850,0.27299827553946443,0.6415909117075925
c_55902,0.3149110261804861,0.684490266296303
c_55913,0.36709049880619166,0.7750078475151768
c_55944,0.5485316998364556,0.7451597877427177
c_55955,0.32500360465877287,0.8260851217142722
c_55978,0.2999303149362021,0.8333909896848847
c_55997,0.849843822641595,0.7655306130775481
c_560,0.4479177384912043,0.7480980588504624
c_56013,0.2863991006874769,0.7017102200184554
c_56017,1.1598604702987056,0.8253633915071988
c_5602,0.42456445116654024,0.7966896695519627
c_56025,1.6890468067768567,0.6057275527218594
c_5603,0.26165580214896855,0.7744640182523282
c_56030,0.2590392662557598,0.7788959395848286
c_56032,0.30711623473396543,0.7724932304330192
c_56045,0.17176559098153726,0.8650582651824361
c_56089,0.492533678864951,0.8324830725886971
c_56097,0.10791602395725929,0.7882379935490218
c_56121,0.1773691083841993,0.728867093972317
c_56123,0.32087942147241777,0.819510187060011
c_56133,0.35985745709490013,0.704773520873704
c_56156,0.2450313782297894,0.7875570143506132
c_5616,0.20131577546185772,0.6936084507834841
c_5618,0.27655859674535077,0.8292182346552428
c_56193,0.36617356953691704,0.8636191670406752
c_56198,0.466643515512475,0.7251971147177292
c_56202,0.20402625572369457,0.7043219920801008
c_56203,0.464808733937699,0.837557096959084
c_56221,0.6476067755730683,0.8064021796502039
c_56227,0.25235094901696853,0.7721440838543541
c_56236,0.4462049283024483,0.6597065792109564
c_56251,0.691757823163336,0.6678651000278387
c_56263,0.20080931606909458,0.7533835496248849
c_56266,0.30708374339576455,0.7692975919306031
c_56281,0.34944813369736544,0.683361110205576
c_56299,0.7050147309502531,0.7647890723975235
c_56302,0.41710076643881006,0.8181509709693084
c_5632,0.19771479058198793,0.7086623982191611
c_56322,0.48938814344652504,0.8366881390953502
c_56324,0.20762490080915064,0.6735082391993601
c_56330,0.014010233855869704,0.782173678207214
c_56331,1.56753523244718,0.6736991387602647
c_56368,0.28395403736800073,0.8514750785644223
c_56371,1.9486969503092637,0.7918158121036517
c_56381,5.60989768594612,0.6494303831649152
c_5641,0.6986291644314444,0.7880747903640634
c_56442,0.3535068366437833,0.7524318107501466
c_56452,0.3632696097723621,0.7608528709745237
c_56454,2.583152222410193,0.6499529365531953
c_56455,0.22919427924743402,0.8341613124849792
c_56465,0.36049178368301127,0.6933857700216592
c_56471,0.2977296270547894,0.8398304568059851
c_56485,0.21033359124631928,0.8079623036454686
c_56506,1.6310047960721714,0.7822462967041776
c_56514,0.29135863192302197,0.6222368274281851
c_56535,0.30791477422767854,0.825870317768427
c_56539,0.40849371129913115,0.6922892173658456
c_56541,0.374684239011672,0.7950939328896317
c_56542,0.27825328106383135,0.7530979283505956
c_56570,0.3499728443532131,0.7940892039801111
c_56571,0.5446677723729291,0.8471652205069202
c_56580,0.2553822248254933,0.6287704781115884
c_56583,0.2724799479437469,0.7667941714075671
c_566,0.29426814287539294,0.679505463574265
c_56607,0.2691088470037902,0.7232203702274501
c_56624,0.2238691077896257,0.7796055064724849
c_56634,0.2908283732207497,0.8250885816184476
c_56635,0.293020223191383,0.6964304988158391
c_56637,0.39635230956456374,0.7390992276717142
c_56652,0.31657173850259973,0.7810700832552264
c_56663,0.30503113581406666,0.8349355178296667
c_56673,0.13873567033263506,0.844334474089674
c_56702,0.6434688892567106,0.8040140319729153
c_56707,0.39105511285213307,0.7418536525779929
c_56710,0.5668752831564533,0.7423331569704356
c_56758,0.971520022900411,0.792970813848201
c_56761,0.3395021731867549,0.7945410484748714
c_56770,0.5630663644143762,0.8230280404061348
c_56782,0.3203541324496374,0.8377229046987138
c_56813,0.36884563184896707,0.8315268343745875
c_56816,0.48426572929964873,0.7968435911339908
c_5682,0.1363543169185414,0.7574162528967161
c_56826,0.3797873521544776,0.7439950157374632
c_56843,0.3916973240818229,0.789860743873869
c_56850,0.2668571087816625,0.8115830415066408
c_56857,0.12406518784115599,0.8367117488025227
c_56880,0.477205039910127,0.7677905105580884
c_56895,1.4256797025906922,0.752838279372918
c_56922,0.20815061508700108,0.8024833262127513
c_56926,0.2531907380414779,0.8458169579186297
c_56932,0.4423219027315909,0.7058639590160898
c_56943,0.2843422176012987,0.8077300572721933
c_56946,0.42017747164444685,0.8330001954142592
c_56957,0.15798950654869248,0.8693599534920338
c_56998,0.9045225009431012,0.8587958935740764
c_57004,0.2445231770038396,0.7116261518171092
c_57006,0.4105365155811641,0.7835716258515406
c_57019,0.3093838423218072,0.7881208526648363
c_57053,0.5899533080228713,0.7660049162776441
c_57068,0.2836387887850209,0.7840405840312061
c_57069,0.31475872744901495,0.7728500612025213
c_57075,0.21185329030835642,0.7530311102251273
c_57078,0.43448000745213383,0.808371436871069
c_57083,0.459821880896051,0.6911508361414974
c_57087,18.60107523773828,0.4339955140934523
c_57094,0.24915463592134632,0.702655531870664
c_57124,0.6100706426279409,0.7374957295326041
c_57127,0.21195818246750026,0.8118160260532572
c_57131,0.27666092350598753,0.830379551971239
c_5715,0.25672202646876735,0.8424401809036448
c_57178,0.2869599514290613,0.7853890245867226
c_57184,0.35082007290153816,0.8885693692494044
c_572,0.22345513059305627,0.8611976986794221
c_57280,0.27452843331777826,0.8334000133465531
c_57317,0.763848413629387,0.7919303933339956
c_57321,0.4057312043804488,0.6844222941498374
c_57347,0.22179769647383377,0.7557886024681717
c_57351,0.3236781912955521,0.6229771783988493
c_57353,0.4442865747999452,0.7622464936544195
c_5736,0.3717717070875542,0.7229288345462385
c_57377,0.48573435607700943,0.8549494202209474
c_5741,0.15156455290513213,0.6736118818343437
c_57424,0.23049820105528038,0.7839212849312138
c_57428,0.9393550432134029,0.7082461728293271
c_57429,0.37100165962260906,0.772952645794168
c_57433,0.33730323866211637,0.6846072578527446
c_57441,3.8075168064891716,0.7349886670529162
c_57446,0.4601108449547461,0.8447895862874044
c_57460,0.5863445560038355,0.7864601234043005
c_57486,0.7657139308716937,0.6880317137409219
c_57492,0.6355152990542948,0.7979822321387513
c_57518,0.4392553939740283,0.8255743028802854
c_57567,0.3791224737854497,0.711054809055111
c_57607,0.19247081707553293,0.7374986359389049
c_57655,0.3855437587593761,0.7788900664272318
c_57685,0.33073058867230976,0.8065272803952905
c_57687,0.43877373116463936,0.661126182153281
c_5770,0.29387007837760315,0.7459670574811117
c_5771,1.3272366549522219,0.7263627026643888
c_5773,0.1600307597036527,0.7914464864054322
c_57730,0.44008484602500786,0.8340163788329606
c_57742,0.6144041621954619,0.7901511357969166
c_57760,0.10118888117670173,0.6856648803412487
c_57766,0.3741953170670471,0.7643340502404355
c_57772,0.2549766436439641,0.7852660206393081
c_57774,0.344448145647888,0.7960269369745665
c_57776,0.2697218909240042,0.7656458017869718
c_57777,18.54723699099141,0.43402475194553847
c_57807,0.48398199700915523,0.8107604953215779
c_57844,0.3284837468017046,0.7667542248491719
c_57852,0.31930628231062597,0.798193650889908
c_57875,0.20479728292685112,0.8352735719448581
c_57898,0.3222223350645006,0.7392847816437429
c_57908,0.2839158268359262,0.664792857944128
c_57924,0.3947834232862106,0.7269453838913724
c_57935,0.606357496809284,0.800596722180748
c_57943,0.30643256551528025,0.766695749678982
c_57951,0.36066197651929377,0.8178180465068883
c_57953,0.2783571882206729,0.8082822674557502
c_57954,0.2682734853677639,0.7618190231395776
c_57965,0.45903170642277696,0.874274891653795
c_57980,0.2900125621231695,0.7784132547248913
c_57992,0.37940303830727024,0.7974050599289937
c_58004,0.6226714833555181,0.8077243901534699
c_58068,0.26374983337282787,0.8290099053851625
c_58070,0.29828286336024756,0.8290508951060881
c_58076,0.3171012961381295,0.7768893785081223
c_58088,0.2832899121590955,0.6914378870894139
c_58094,0.38128824243246,0.7389949674127378
c_58108,0.31018188856726275,0.7711123634085497
c_58145,0.3777501425763113,0.7703255168059586
c_58153,0.3244207117652355,0.8349262868160845
c_58157,0.5277726043531044,0.7171181313527493
c_58160,0.9839773339137838,0.8119177800926709
c_58182,0.571955338294114,0.7451390302450122
c_58191,0.7519784697676238,0.835818309076188
c_58221,0.32280986472597356,0.7848878702117483
c_58242,0.43700935925818446,0.6799282630631878
c_58246,0.61323565794786,0.8789383217617315
c_58295,0.5041130650337606,0.7863533590161301
c_583,0.41590485096109625,0.8224665962207529
c_58312,0.4440448027386657,0.8203316264300613
c_58323,0.3558394825787547,0.7574307329947468
c_58348,0.29355380547990534,0.8603052242849505
c_58367,0.34782706138729136,0.8210125103411234
c_58378,0.30967042625480445,0.7701506496786481
c_58380,0.3454903024650668,0.7203426884550908
c_58392,0.32232098830093914,0.7413295105995399
c_58405,0.5388738902867991,0.8145704453555456
c_58431,0.30157352923865055,0.8103691144665988
c_58476,0.38395341216505585,0.826025306821359
c_58507,0.5644837666391064,0.6218401295482509
c_58546,0.2823775391042897,0.8084999863188642
c_58564,0.541934916709278,0.7423358492629806
c_58580,5.598312948712328,0.63255868291809
c_58590,0.24939397345074443,0.8292342375565132
c_58603,0.3210309905073241,0.7532363736780385
c_58616,0.27741899493362315,0.8286722783402904
c_5863,0.10243034592657987,0.7506314129675273
c_58646,0.20006033435125525,0.7436588901098716
c_58714,0.2260927562045356,0.8216324285390881
c_58721,0.19753228538509307,0.7858741567423955
c_5875,0.41652706309610066,0.8455042187825652
c_58779,0.2887435920988291,0.8210902009898605
c_58792,1.3911434133192968,0.7660294187948766
c_58829,0.7008203743451122,0.8001735691125615
c_58830,0.34791766167382293,0.6645430841722015
c_58854,0.2221747672815129,0.7341209790405463
c_58875,0.4846227746486327,0.7299143611397171
c_58876,0.2516055360458762,0.8118197659320643
c_58878,0.5283085150753561,0.796121136043745
c_58884,0.27460375092138484,0.8479507586158979
c_58935,0.19200134676925446,0.6894522746048095
c_58951,0.34317308628170773,0.7972457196678943
c_58986,0.15861113367883597,0.7018412533762218
c_58992,0.7020678826625197,0.7885594041872604
c_59008,0.2771962638792436,0.823066375754418
c_59010,0.20985115283662026,0.7448626447959508
c_59017,0.48336734754672733,0.760127959916388
c_59018,0.3561815833879211,0.8138468372056225
c_59019,0.3647618649921304,0.8279881094290069
c_59049,0.27560014734625077,0.6985365217883982
c_59061,0.2639043398976277,0.7875442274975593
c_59068,0.4030984266883575,0.8506996062433145
c_59081,0.3570187732245832,0.8282785062355338
c_59108,0.28884448815580166,0.8410860592015694
c_59207,7.527565621503841,0.5102941754644452
c_59210,0.2361410025798468,0.6416671094834031
c_59239,0.4242413211786427,0.7499233683679414
c_5924,0.3674410055785001,0.8572247089132241
c_59272,0.4174833556529523,0.7693807018643603
c_59284,0.6901861522742798,0.6952876973395383
c_59298,0.5722383809889454,0.7777619671359656
c_59305,0.2850905124576772,0.8211306641459681
c_59307,0.27566097285061697,0.7430209634955298
c_59370,0.3969313017627872,0.8648810116028011
c_59373,0.3982895058983191,0.7787475064828543
c_59390,0.39754873531542484,0.784969044912927
c_59435,0.35775277695488206,0.7397261865318423
c_5945,0.35577036087696784,0.8452032841884034
c_59469,0.2460460690927026,0.7321693980402468
c_59487,0.4601960847208347,0.7744277736758455
c_5949,0.6890083870894113,0.6966363855511373
c_59508,0.28038227345877176,0.8538092102268355
c_59523,0.44376243525680903,0.8608276440735703
c_59533,0.26448663338368295,0.7818986748872176
c_59566,0.32026761140996024,0.8498170396661004
c_59581,0.32398380317603326,0.7529898759743254
c_59598,0.680730222063365,0.681555377272256
c_5961,0.3424269567720764,0.8691447086878239
c_59629,0.18923904875117364,0.8240188681154369
c_59676,0.7815506024981803,0.7517426062229925
c_59711,0.4106694907757224,0.8610739002422478
c_59721,0.29253515835580224,0.8536168617553126
c_59742,0.34512647020436815,0.9433553517120539
c_59746,0.30701535789569867,0.8956803868946775
c_5977,0.35432797954890793,0.8584157146730372
c_59771,0.2879124459295212,0.7752641602029857
c_59777,0.3010266655534729,0.7538785366096306
c_5981,0.3839342141437004,0.6556592640880974
c_59814,0.4364950992280065,0.7985907653399091
c_59825,0.2595693853411975,0.8135003635024683
c_59829,0.593188499201104,0.7544379978938869
c_59830,0.41781443390947653,0.7431995669099655
c_59855,0.5944552644254807,0.8193487668169308
c_59918,0.18383223579199015,0.7646297043722216
c_59936,0.42505116865988973,0.7841157354947914
c_5995,0.2575847447552654,0.8570571389065387
c_59960,0.35507768625345487,0.7154461744022211
c_59961,0.3720045361768601,0.8690158231377404
c_5998,0.3589673986621843,0.8503936082521166
c_59980,1.1253979569711612,0.7619505158277269
c_59998,0.34004284429099446,0.8123996379753063
c_6,0.43379469694553247,0.82164115022093
c_60002,0.7284966796640715,0.7792476349750168
c_60017,0.31872637562116213,0.8517580805663392
c_60032,0.18992622637233186,0.7237486581284945
c_6004,0.3590750095476169,0.9347416655766514
c_60060,0.271090955779227,0.7879281739760016
c_60091,0.21434947329033197,0.6708559805016834
c_60117,0.5972955580244983,0.5555133917504377
c_60119,0.6830017924885221,0.8406164116472605
c_60123,0.5982889398977537,0.8285888087364099
c_60127,0.35417311864284934,0.6632174273291349
c_60131,0.43675436122472466,0.8607472379596207
c_60139,0.17301218734993706,0.7919348891873852
c_60148,1.6261355511882378,0.7399887944367589
c_60169,0.21718873047371182,0.7607578820311555
c_60186,0.29659119488091207,0.7933620331345117
c_60196,0.4899510377608294,0.8008135028295018
c_60199,0.13461974440707838,0.8141394238636326
c_60200,0.3211780764828751,0.8157564187387057
c_60208,0.382585070778056,0.7774891304056858
c_60211,0.2649110287442332,0.7545433227171525
c_60219,0.5204644865942343,0.8059739432167267
c_60236,0.3249772906701071,0.8798670243018448
c_60238,0.3922359901005715,0.7970624290029369
c_60244,0.27559706848315557,0.8122066594627723
c_60266,0.2617935440979367,0.7883333056848998
c_60275,0.3520505881545798,0.8203736017342607
c_60306,0.26254006304906663,0.85108665806788
c_60318,0.20397082915336578,0.6091029148298929
c_60326,0.3283808753582529,0.8246465827721182
c_60333,0.38687191592972403,0.7855496983726682
c_60356,0.4384484620350852,0.6764974941131849
c_60367,0.4565489027293208,0.7426752017596792
c_60396,0.2861568458793879,0.7012944133096208
c_60399,0.4618819710433998,0.838490443896207
c_60419,0.2633119201828936,0.7919055928793084
c_60436,0.4332247495360402,0.8247593370595376
c_60442,0.26338341132164905,0.7885509739387246
c_60462,0.34091609443348986,0.7656810540901127
c_60474,1.021734678591124,0.7515194542892146
c_60485,5.4353226874202605,0.5243238669029265
c_60520,0.2245634821217351,0.7756410957861425
c_60521,0.3212163234214747,0.7216618044220958
c_60529,0.511575229602678,0.755160093549649
c_60537,0.37084198193204726,0.7199945055132678
c_60548,0.4782713263917028,0.8349529416972173
c_60558,0.17865825252197898,0.7802814715222666
c_60585,0.26188648599299824,0.6792852894790748
c_60587,0.32756119874250755,0.6964361680246618
c_60595,0.4766517607707069,0.7627055248912481
c_60596,0.3676649153331866,0.7614021952024304
c_60606,0.3426490743281188,0.6403153100099164
c_60637,0.3258001618944195,0.8323465811956764
c_60640,0.2106903773462889,0.816545757663794
c_60642,0.29467376878217133,0.6800859303035628
c_60695,0.36348126887054055,0.8184730396848146
c_60698,0.29599076871906044,0.7578891525581464
c_60718,0.3051581701245374,0.8023261466545439
c_60724,0.36369553915458425,0.6861801128339227
c_60728,0.41683395984390814,0.7531419685876588
c_60737,0.3456119195911179,0.7052562022794494
c_60755,0.36084216490337856,0.9046774606289274
c_6076,0.9500344617396657,0.7906610857784906
c_60767,0.357187813358491,0.7731648967083622
c_6078,0.2764877220844346,0.7746132262001586
c_6083,0.38827688400889304,0.7775046935325449
c_60847,0.26622083734915797,0.8353660509907516
c_60855,0.7658661840694662,0.8822836524148133
c_6093,0.21717511070685444,0.841474224157252
c_60936,0.20782626412049454,0.8567881519772056
c_60937,0.35340362418079413,0.7730683761279205
c_60942,0.41973254527905474,0.8281601388872806
c_60950,0.2157543958471173,0.7194421602597392
c_6099,0.2637946254369312,0.8087550298793926
c_61005,0.6914410542992735,0.7835559162310806
c_61007,0.25175730291593895,0.7796080555949136
c_61035,0.2836580827475916,0.717516271045896
c_61037,0.40544634627636317,0.7635366953621834
c_61052,0.5134949402812843,0.7837181873693464
c_61061,10.64572112630799,0.45524939503990774
c_61084,0.3631698847903502,0.6583610296572431
c_61096,0.9519698109293505,0.7856913752342191
c_61100,0.3457425052643408,0.7683664302865383
c_61104,0.5824326686127544,0.7723838805944071
c_61112,0.3559263381098728,0.7188387141326817
c_61118,0.785602343217779,0.7749897499569689
c_61126,0.26173770516319944,0.8139753591123138
c_61136,0.46343070340187825,0.7945037002656687
c_6116,0.3785150406324777,0.629174463986375
c_61178,0.14816849933583462,0.7770123292634676
c_6118,0.23187148841656888,0.7754806505288252
c_61200,0.26607239135912114,0.6667811200609148
c_61205,0.331319400163457,0.8960818929956398
c_61227,0.28910659814154227,0.7522633591309544
c_61266,0.5585233337207496,0.7441386389459022
c_6130,0.3177519482330719,0.6881243752883126
c_6131,0.3099221366704475,0.7467830203977399
c_61325,0.34793545436149714,0.8773020561726868
c_61357,1.9956516845985943,0.6287164321323574
c_61382,0.3185067191253299,0.8066276048351919
c_61400,0.5372014202022458,0.8641791488535988
c_61405,0.248688577051889,0.7849098864517532
c_61425,0.13345307786409333,0.7345072888808588
c_61472,0.34490614308013184,0.8431181545129667
c_6148,0.2766181235198675,0.8038384324858483
c_61502,0.2500697351395085,0.6807616896057553
c_61511,0.23934527029679778,0.8314463322292392
c_61518,0.29816148094629474,0.83843029197131
c_61534,0.39854892949610415,0.7811463887372863
c_61536,0.30530913667752757,0.8208733544075754
c_61544,0.7019294775637658,0.8063070248416344
c_6160,0.32112003280972523,0.7627448425831761
c_6161,18.574175621006717,0.4340063978438778
c_61651,0.21650545893632217,0.7726733624309823
c_6167,0.49266210666349025,0.7684042106168774
c_61688,0.4819133649438836,0.8059135756263442
c_61709,0.3844888341735857,0.859124201696957
c_61736,0.45836433282099553,0.8237475315214051
c_61739,0.1697542289236481,0.8236836783329532
c_61741,0.47642346245314376,0.696666102696469
c_61802,0.23831131138808564,0.7667642195490885
c_61805,1.7956536255709419,0.794891701029057
c_61820,1.8146482398063473,0.8692649675271975
c_61830,0.16078271415652545,0.7221896002128914
c_61837,0.2933026485406486,0.8491531526898031
c_61846,0.6882275174577259,0.8233836567824931
c_61875,0.2621572299439576,0.6600136061804892
c_61884,0.3231669123495511,0.7474306170864026
c_61892,0.5887581405207172,0.763056040904384
c_61903,0.7844846509374312,0.8094573851597952
c_61920,1.150482265737943,0.7331197792207846
c_61931,0.3507675263251338,0.7375898084316179
c_61962,0.7638766831436031,0.6820233324016195
c_6197,0.5077247984593193,0.7272789574406304
c_61980,0.9631519068201801,0.659809580477392
c_61981,0.3410825234864014,0.7764687868768485
c_62012,0.5174348250123184,0.7509103221215709
c_62025,0.27225047355904725,0.764693856816788
c_62029,0.2985235967574195,0.8438813576031381
c_6203,0.25805733085078386,0.7678861570346105
c_62033,0.3661162350728469,0.818147549443581
c_62040,0.2470460368302308,0.7292020428160737
c_62044,0.32057563624016044,0.8071915252992306
c_6208,0.25372536187006034,0.7666413119729589
c_62090,13.095745197355225,0.4705527692481454
c_62121,0.41838803425343457,0.7666851799683272
c_62123,0.23696843637467546,0.8112375992010592
c_62130,0.25609159287904626,0.8398208934342722
c_62137,0.2903320035289576,0.8437429966884624
c_62155,0.34447419840723936,0.8637118200169647
c_62178,0.28835891372398526,0.8443555319447733
c_62187,0.35562875863195154,0.79604411331216
c_62193,0.25818878310253324,0.7322295173770099
c_62195,0.2587967802271363,0.7866528851655014
c_62196,0.20907401836233142,0.79700198738319
c_62214,0.5356457418639448,0.7682515393312321
c_62236,0.2742361290818378,0.7789579371972384
c_62238,0.2621300614898773,0.8330940664878399
c_62264,1.2180517950618694,0.7485725744891601
c_62272,0.515538594833884,0.8123640553194831
c_62280,1.041290540894384,0.6332342981727574
c_62284,0.30520727676762743,0.7161404036131596
c_6229,0.5102031166871371,0.7985543324053077
c_62325,0.41263271530165646,0.6823144130462611
c_62343,0.33459070857523976,0.8725249258983367
c_62352,0.19485718667169302,0.7331352919555041
c_62360,0.2913566488660339,0.7769053523900595
c_62365,0.26894120197320837,0.6705102503248364
c_62371,0.6676344228091436,0.7228551930443105
c_62393,0.5728779456686521,0.8701282491555608
c_62402,0.3833276737537365,0.7355915381947226
c_62414,0.2997753453606978,0.8648742821089437
c_62423,0.3660912507753673,0.8442067889913183
c_62428,0.3568894969595504,0.8036334045790507
c_62430,0.5008039820542657,0.8063053984946025
c_62484,0.7083166792235487,0.7577126808571972
c_62504,0.3926576823940991,0.758204269484513
c_62539,1.1463893905129556,0.7205002483031455
c_62549,0.44080316832808286,0.7291542674515858
c_62555,1.747894392038695,0.8190076006821383
c_62578,0.7798162601273934,0.8294493392196346
c_62579,0.16878438412586308,0.7840885977595917
c_62581,0.5715214624300078,0.7283686492392609
c_62597,0.5437497874583004,0.7922935173587767
c_62615,0.4860897724651589,0.7577491258250616
c_62616,0.2911411686156716,0.7621927846035474
c_62642,0.27041563411884556,0.829991810162533
c_62665,0.2022861996391159,0.7262875335346575
c_62667,0.38073581129681094,0.8313938745747087
c_6267,0.2797802116625716,0.7810607995487178
c_62672,0.1964166901673375,0.7944820200671303
c_62685,0.8229200131557808,0.7712606925690207
c_62687,0.5750405299554214,0.6624793284155271
c_62710,0.8050652516822869,0.8088762427586975
c_62736,0.3255242691735903,0.7432039567704702
c_62763,0.251693960615876,0.813873534410053
c_62765,0.408605727983701,0.8229451588616883
c_6277,0.3972368916248111,0.7424271247187268
c_6278,0.3933401817850772,0.8336664542760341
c_6282,0.292211003617689,0.8013117792378608
c_62823,0.26221419542846985,0.8204365855936744
c_62852,0.5627861344259751,0.6768113247048432
c_62894,0.2155145242396907,0.7289376632058864
c_62931,0.3858504853112477,0.7387639360336912
c_62937,0.22992271216838173,0.7964578130965767
c_62946,0.31852456202360363,0.7705251686677601
c_62980,0.3851011507444299,0.7548494279495187
c_63,0.34278472450862546,0.8333826659194128
c_6300,0.2097954085799164,0.6056406600689106
c_63039,0.37570640896007396,0.7192149671843445
c_63066,0.2259446896223753,0.8555781322947206
c_63073,0.15824353643496916,0.8876538545398982
c_63104,0.22905704437985394,0.7213467809324592
c_63106,0.3317518695598577,0.8293633074762516
c_63112,0.35792864348234477,0.8215336195454761
c_63115,0.24150916718866652,0.8114951731060206
c_63134,0.3205482226697198,0.7617870865722043
c_6316,0.32419312883594625,0.7652651672349994
c_63184,0.2536322900713007,0.7982666032053605
c_6322,0.2949679929282868,0.8197868334161011
c_63263,0.5227421166330461,0.6818970841928956
c_63281,0.3205171481102728,0.8617789913865723
c_63316,0.3446217964586427,0.8325136991604012
c_63318,0.36540475880193746,0.7712295817147836
c_6333,0.24969926825920705,0.8946472899654813
c_63331,0.33261755440923196,0.7333439268044575
c_63341,0.28918581436416124,0.8249773733953503
c_63342,0.1576280646509868,0.8211595650105168
c_63348,0.25193267634201777,0.788813141405099
c_6337,0.34328195612561396,0.7978509725217793
c_63386,0.1299814210484707,0.8596489125697249
c_63388,0.2253139351650784,0.7966401851397865
c_63390,0.39165344573663236,0.8462499344749512
c_63392,0.31610600257959803,0.7458012753239461
c_63423,0.28004349371283205,0.7974260583986847
c_6346,0.16422900366234036,0.6871883322159404
c_63464,0.5021194636321864,0.7046447625512844
c_63500,0.25796780420848325,0.7496989932004812
c_63505,0.3249183399701235,0.7599939930738484
c_6353,0.6642389167017161,0.7794938347893361
c_63535,0.279771660843779,0.83750319409876
c_63542,0.4276743322548212,0.7496503512334215
c_63558,0.5529512496871626,0.6389976362355219
c_63578,0.3784611210018377,0.7199419556602108
c_63579,0.30713972084711666,0.8765276282072165
c_63602,0.28795716640937646,0.723277797022247
c_63607,0.30745040269464247,0.7224656349477048
c_63634,0.35275372976594965,0.816254945799862
c_63638,0.5752316784498993,0.8137982278714041
c_63644,0.47798306840627325,0.8759002818937726
c_63645,0.40879994263597863,0.7611930045781659
c_63679,0.36684515513960075,0.8483646465639105
c_63687,0.37563694009060816,0.6333483739027218
c_63726,0.3633830641723762,0.6856917068715345
c_63780,0.40234164529288075,0.7913000182320061
c_63781,0.39668936956701023,0.7106394447474499
c_63811,0.24423641789712702,0.7896248633967409
c_63841,0.4886442515631105,0.7560950310395305
c_63847,0.4648708958166574,0.6893720879768014
c_63863,1.0299323587138196,0.8236106492067627
c_63867,0.28834128721435415,0.7384653582809465
c_63880,0.5222053528627255,0.711394073304365
c_63881,0.583583989037489,0.731411873951069
c_639,0.4152766045820396,0.675623625060859
c_63912,0.6646100930532495,0.6267951922439763
c_63969,1.1936064491934428,0.8366455915795429
c_6397,0.3505290569043779,0.8508468503219346
c_63980,0.287641887606239,0.8990423017458795
c_6401,0.3894016282905154,0.8314028611636577
c_64015,0.3721022481252409,0.8642403754366812
c_64030,0.21051365489620025,0.8272115004541445
c_64042,0.49809339150514365,0.8001534791433902
c_64051,0.8258896431100509,0.7336169077316219
c_64057,0.30772475170868474,0.7711449448786838
c_64078,1.4090240144375945,0.8468747426615526
c_64085,0.4436200051414992,0.7666968377513055
c_64126,0.3613399519614456,0.8068687231849395
c_64132,0.25307436722545273,0.81510729008661
c_64135,0.2659551791607694,0.756806005080674
c_64145,0.26149461986876393,0.7197508610815617
c_64162,0.42672942018366894,0.8825602002278952
c_64193,5.526555844225339,0.6892203609527151
c_64201,0.39015722114575774,0.8894059394813935
c_64215,0.38096763590816474,0.8013708589641031
c_64287,0.24327992346573943,0.8195843761667614
c_6430,0.258209236448123,0.7542451753811267
c_6431,0.367656558773588,0.7555618370491967
c_64315,0.27379925944415384,0.8307062610320093
c_64320,0.38812036878844636,0.7304020562751259
c_64327,0.31690886452003963,0.8163229211971818
c_64351,0.38580806268339074,0.820890848713505
c_64386,0.17995448842293538,0.6981837674581309
c_64387,0.2697388969063188,0.7981067027417156
c_64404,0.23910979371178415,0.8777926097899502
c_64409,0.25735443762909765,0.7462557668447478
c_64441,0.4596808923154368,0.7952330067040905
c_64443,0.3544375680469853,0.804964311936506
c_64454,0.2851382364550495,0.8268836560483185
c_64475,0.2545911432017931,0.8438296462067039
c_64493,0.25380908059989493,0.8232366499770932
c_64508,0.1371317807838361,0.784208008251206
c_64509,0.30970187229359625,0.7078464914163298
c_64536,0.28522637742765805,0.743498401026838
c_64543,0.3695767169976927,0.7466212295176486
c_64544,0.8537782971412018,0.7285640709287791
c_64547,0.3514421157735617,0.8737924349474111
c_64556,0.26934665315660533,0.8716380617788511
c_64561,0.20735753576284702,0.8838657339498954
c_64563,0.31573179648067035,0.7560346439674099
c_64570,0.4859192215121289,0.757615513275253
c_64596,0.17627478243675498,0.722283925150111
c_64598,0.46774086071823656,0.8294199450351281
c_64613,0.25908311269067374,0.7931114824278227
c_64618,0.3442897939207455,0.8605471736902981
c_6463,0.49103582123488987,0.7942634176906147
c_64643,0.3210881538564268,0.6669288169477217
c_64648,0.2757481413236609,0.7716388849288298
c_64665,0.2738662904947561,0.8242707631810866
c_64680,0.39935056858703083,0.7509250037211945
c_64683,0.40753367019280995,0.7439672118963693
c_64693,1.0177922521791984,0.854100453549677
c_64717,0.36994095221801865,0.892905708232258
c_6474,10.661365641836317,0.4915446775425406
c_64764,0.4416026712622114,0.8276681089252909
c_64773,0.31024241271948855,0.7736987326675082
c_64831,0.7627622430222624,0.7474206537820609
c_64866,0.9242711604561983,0.7408006584163518
c_64898,0.40549261497317934,0.6881633347747127
c_64899,0.3903632936745855,0.8055129913217236
c_649,0.2930738147861434,0.824857182827565
c_64900,0.21725545656857725,0.7966508429980843
c_64916,0.3883987024455278,0.7682334308991585
c_64918,0.30435169963579695,0.8972484245936012
c_64929,0.24728711865188685,0.895990437146873
c_64940,0.5021853916674595,0.7006133535999739
c_64946,2.212162122812542,0.7130868209183638
c_6495,0.3829936929975816,0.7912727092243006
c_64975,0.3474526563915802,0.8727910766973531
c_64982,0.6438059012432563,0.7076054615497809
c_64984,0.19643957126095976,0.8433758578664152
c_65018,0.26860395267064324,0.8242237984480585
c_65022,0.2653078270793009,0.7435310120561152
c_65074,0.3067389306086421,0.8466372120594177
c_65075,0.22648737885534115,0.7896476562122435
c_65083,0.1787598336147704,0.6729589461540257
c_65135,0.46451696755599947,0.8557177970578022
c_65234,0.2569601518095922,0.7989478576498729
c_65244,0.41383526099507645,0.8390111169933652
c_65259,0.5883670175098538,0.7866656350701419
c_65287,10.692585999132163,0.4911401952057018
c_65298,0.7638377744297845,0.7700518953101454
c_65311,0.3312197379678472,0.7745490215331203
c_65347,0.35939398965316194,0.8294659798684224
c_65388,0.2691151284430426,0.7890865521921999
c_65403,0.372534200365976,0.6969561920937785
c_65415,0.1740641695743603,0.7905902142232488
c_65466,0.14737933527336144,0.7482288592491925
c_65473,0.16387313321002653,0.6393832734071786
c_65475,0.021058143864249406,0.7617083324714269
c_65487,0.34856792187550917,0.8564343122526172
c_65494,0.3870742828670032,0.7369825236479925
c_65506,0.39766286042316135,0.8434729951045618
c_65525,0.3005779559108056,0.7289684828887261
c_65536,0.2597248212819056,0.9133957579786522
c_65542,0.3597045101437485,0.8208252595273626
c_65544,5.267573208075,0.9345565491293445
c_65548,0.22828350166775305,0.7977400665003577
c_65567,0.5801009077681297,0.7686782591803589
c_65569,0.2356333208933843,0.8115417240837227
c_65592,0.8771173329543074,0.8129547231097889
c_65606,0.4347641188395319,0.7761692995470457
c_65626,0.9189917277421837,0.7202654413456783
c_65635,0.24255634179839494,0.8490323651229004
c_65639,0.5720134380952655,0.6814198795911406
c_65641,0.5172880532498234,0.8573805369503791
c_65643,0.2824095429446668,0.8505701416276166
c_65648,0.9387282959460744,0.8292590604571383
c_65653,0.19259652206527136,0.6944123141911401
c_65656,0.41533526991163083,0.699725691461436
c_65663,0.24953716777330598,0.8410218973604664
c_65671,0.7424348915862953,0.7819826881862892
c_65678,0.3280798887942988,0.7940009431649396
c_6568,0.2013076796628519,0.812646828526432
c_65689,0.32254807998840357,0.8697224566049536
c_657,0.4858191748044693,0.7467273928164874
c_65703,0.26116098623988326,0.7697847268640576
c_65727,0.4352694880874598,0.7659459111629681
c_65732,0.33999914395101466,0.7656949853389152
c_65750,0.2266288548232092,0.7554029797721373
c_65755,0.38337851486528624,0.847829020453088
c_65757,0.4804777178870687,0.811829540116065
c_6576,0.4750346247768073,0.946563721197465
c_65824,0.4518034730588033,0.8542677805468822
c_65856,0.24527555888217112,0.7017621124790624
c_65859,0.8421939577802032,0.7529862518519876
c_65892,1.0311352551096762,0.7610009782521828
c_65904,0.26294572753909434,0.8020615649031824
c_65906,0.5336050726125168,0.8125912010261203
c_65911,0.2821036469236457,0.6722647250357099
c_65913,0.46512399539564975,0.6735498792520205
c_65916,0.2337645318542395,0.8111988844568869
c_65921,0.26401142945660694,0.7949839324409275
c_65930,0.8124797632230965,0.7376192638452278
c_65931,0.20405734891560653,0.7284310443352675
c_65935,0.37315716255235326,0.8089484250305863
c_65936,0.30354560927995555,0.7474837973738979
c_65948,0.1769970012200921,0.8186180506219894
c_65949,0.17639512299834428,0.7817916029864265
c_65964,0.4650383831766128,0.73959319784978
c_6597,0.8231939181485415,0.7136703252312904
c_65987,1.1458499938531115,0.7908089775289426
c_65990,0.4025785083832701,0.6570660512505211
c_66006,0.27450553840276604,0.7338458508386376
c_6602,0.3757371013983998,0.7484657434041296
c_66037,0.44582322968325455,0.81906886186874
c_66049,0.1404824501009896,0.7204491436387834
c_66058,0.28426180106118554,0.8521778968491067
c_6607,0.2687978680897383,0.7065033203726501
c_66134,4.030785323072877,0.688613187529276
c_66147,0.23951466594787144,0.7928021349938863
c_66152,0.39282348598751243,0.8428871506311104
c_66166,1.3946817970270668,0.7053916437467838
c_66178,0.21978605949385538,0.7486128400769683
c_66193,0.46365391259714084,0.8580455330107748
c_662,0.3413615069231339,0.8057674437052328
c_66232,0.48586426112963155,0.8163228644770619
c_6627,0.41008217224916166,0.7953396120180976
c_66274,0.35615141611600004,0.7464949625823848
c_66279,0.5917907742241619,0.7444588822844006
c_66288,0.2753187683360585,0.795256018695828
c_66306,0.21411186619297815,0.7072487243582791
c_66328,0.35677205985864735,0.8025787871375509
c_66334,0.6291814754849735,0.7652437863078396
c_66339,0.42800591998417536,0.8183865261647517
c_66345,0.8628392756888769,0.711699706042865
c_6637,0.2591907196224998,0.8781468946406228
c_66372,0.46314027964803917,0.735681213953
c_66391,0.6264477001085954,0.7922034145008925
c_66394,0.5278483502068688,0.7443976294958479
c_66409,0.3243029461816533,0.7600936349975278
c_66415,0.3400874826001317,0.9106511573787308
c_66416,0.28927475823508697,0.8924508804459983
c_66418,0.580791072638377,0.7616775943754996
c_66421,0.5674269506749723,0.8110793805310843
c_66426,0.24078193399149758,0.7233573476216291
c_66476,0.22925449735129094,0.7146891610273209
c_66495,0.3994255251351877,0.8467520088234575
c_66509,0.2579343301550814,0.8180922040962986
c_66519,0.3376243473700988,0.8540025120478931
c_6652,0.2955732441971147,0.8280269122337622
c_66522,0.30364175730965215,0.7667672888809
c_66525,0.4982636354066701,0.7279365239077396
c_6653,0.47670840082531757,0.8526984159413487
c_66534,0.44278247522855907,0.6979118768304577
c_66537,0.4642578482542287,0.6707520300793297
c_6655,0.33479226561269776,0.8686219320118566
c_66571,0.3542611224949375,0.6890612867429754
c_66585,0.7093791183618533,0.7887872352266494
c_66589,1.2108728060634952,0.7728428441766079
c_66638,0.22063930640400498,0.8231142954089541
c_66643,0.23272196023706238,0.7921942138060389
c_66646,0.3438646397142174,0.8194572418629504
c_66648,0.2563836821026527,0.8042532411675374
c_6665,0.25147443407728953,0.7602395678674954
c_6667,0.3145314855259602,0.8214023898119913
c_66690,0.23472270067096987,0.7235253375813981
c_66695,0.44000577249523914,0.6926390804477333
c_66703,0.4118736449877046,0.6505835952458133
c_66706,0.35783958336293603,0.7386593294575587
c_6673,6.07340652334184,0.5893231679789519
c_66788,0.32104246768605404,0.8563201107435969
c_66796,0.35729409030881515,0.8144578810431953
c_66807,0.35010215486613583,0.8680347370720028
c_66813,0.3477763512817128,0.8651550634315244
c_66826,0.27205657318844784,0.6965325777627822
c_66861,0.23763723874316528,0.7805754394464182
c_66875,0.3653705414706033,0.757531852572811
c_66893,0.4070854731095961,0.8213346847878019
c_66910,0.18267283013139396,0.7649948208182491
c_66919,0.49541572883165325,0.7304993600872156
c_66920,0.36655788218533775,0.6972929629392952
c_66922,0.33641943420866327,0.8731948706404027
c_66931,0.2783177106849945,0.8546793768376306
c_66934,0.4340319299397189,0.7971431099546817
c_66935,0.34515123662673936,0.7942890838545416
c_66942,0.9539916541949289,0.7925035106053994
c_66944,0.15234865122072824,0.694179344370189
c_66951,0.32373979647472756,0.7036845800620212
c_66966,0.1986464383200368,0.8083368060908136
c_66976,0.16144507705732772,0.768845363817481
c_67015,0.19586664002885754,0.811247051889197
c_67053,0.37835294084626214,0.7437113905054253
c_67063,0.3849588482542038,0.7644254557684961
c_67082,0.13615507637489282,0.7680959144545308
c_67095,0.51583943275332,0.9252918929073529
c_67130,0.45256743567203384,0.653710894188944
c_67133,0.27713215501242305,0.8318115958717373
c_67139,0.32618756674671096,0.8086195997096431
c_67142,1.480390484795939,0.8354338213379837
c_67179,0.34049755189454334,0.8240926068020951
c_67208,0.2494760461874397,0.7220209222185581
c_6721,0.5061618990565215,0.7199329320919435
c_67226,0.34499687256513273,0.7245297537755745
c_67234,0.2793679004730049,0.8283996556680302
c_67235,0.37812755739192405,0.8515768903165308
c_67238,0.25296188800772795,0.6310376672366407
c_67248,0.7081338068275607,0.7793863707924864
c_67254,0.7731244513087284,0.8421282735777065
c_67261,0.8773527100365639,0.7396563432814647
c_67262,0.645949410652132,0.8117478297458934
c_67271,1.068255975736014,0.7426555822259023
c_67272,0.2507192177393898,0.7924652109569155
c_67282,0.2726492542181443,0.8826616604122239
c_67284,0.34724873967688863,0.8154261914081137
c_67294,0.2339744256573077,0.7654963900157759
c_6732,0.21534763508607835,0.7880198305986132
c_67346,0.26245830068855813,0.8589086253549352
c_67347,0.2740299355253859,0.8885054875613414
c_67358,0.39268443411824355,0.7541890209115847
c_67365,0.6089699254747678,0.7609083764458173
c_67372,0.498290829721403,0.832953969350225
c_67383,0.3239957772666119,0.7087700654722713
c_67399,0.38101264877378,0.7619156002705728
c_67427,0.26266863549954644,0.7684408050643563
c_67454,0.4642865623072478,0.7563716725503784
c_67456,0.37415752320313866,0.7239383992015158
c_67464,0.176176627773679,0.7673736599297893
c_67470,0.3206308101534533,0.7355686543338735
c_67474,0.3576892665973379,0.6970529016647791
c_67486,0.49092267344457347,0.7436949516949105
c_67515,0.34436995640962315,0.668138854385115
c_67586,0.35033159910568545,0.8636103170151848
c_67602,0.20360406338828277,0.7806495219154498
c_67614,0.7092340796236706,0.7444106184978945
c_67632,1.0558864200802573,0.8020452130783586
c_67633,0.9349015636874402,0.6819751397274771
c_67666,0.217187802277432,0.7526949656034863
c_67670,0.40708098381910385,0.8096629530757335
c_67682,0.28766064086251153,0.7589239979769381
c_67685,0.1835255317291486,0.7233122645048651
c_67689,0.7404076327687946,0.8143853662063416
c_67697,0.19011663030449832,0.7483744232803728
c_67700,0.2578006181254507,0.827564635142783
c_67702,0.6221135927299715,0.7545738291288171
c_67704,0.11723909320700064,0.8258213995492778
c_67716,0.284419989472274,0.795832543485719
c_6772,0.15120584584217267,0.7450244571961145
c_67730,0.33502969713024494,0.6538922088911786
c_67738,0.26853357033094605,0.7045835651118265
c_67743,0.2511172970414454,0.8184387165205702
c_67747,0.16573033535043813,0.7540656704030829
c_67750,0.31499839476197955,0.6785651026157276
c_67757,0.325824249064865,0.759368257728862
c_67766,0.2207987408043637,0.7454209090259417
c_67774,0.36101542522330937,0.825349043038579
c_67783,0.24105696694649967,0.7646403475865333
c_67785,0.20059218161445852,0.7891538394385873
c_67810,0.43503111895145624,0.6999013299305277
c_67836,0.3641099083082901,0.742301410084256
c_67855,0.39883129965032094,0.7856299771340037
c_67856,0.41352788487247266,0.8146104950752923
c_67869,0.15118321530068887,0.6984308383791327
c_67877,0.4099360318866547,0.6923118868978977
c_67888,0.37972097580471187,0.7673095016851146
c_67890,0.3841724715984734,0.6632036563150555
c_67891,0.18687623673955348,0.8138913799013334
c_67893,2.099951281160282,0.711322578702684
c_67900,0.22850176364882377,0.8077178107245
c_67907,0.26943171400198773,0.7144145889119949
c_67919,0.82058497744625,0.7656393317922381
c_6792,0.15298013139373134,0.7369530325083524
c_67925,0.1833720514098207,0.6468658604907516
c_67956,0.5186177582235638,0.7795980440514207
c_67988,0.2556599193117635,0.8020203375953101
c_680,0.5053829111747247,0.7890453808213276
c_68004,0.7425196154448035,0.6226236475112317
c_68014,4.2619142629012785,0.7385125007565163
c_68017,0.2943312271486684,0.8153052074799316
c_68042,0.45897382221911753,0.7895606471752958
c_68052,0.45661713248484065,0.7760689988763282
c_68057,0.5178555182090416,0.660596659869844
c_68078,0.27863722916343986,0.8026748882001962
c_68092,2.9847725922703128,0.7599776678531979
c_68104,0.5085146779132995,0.8732929158370033
c_68111,0.3992381684146623,0.7637839647007387
c_68130,0.21168991893326183,0.766263739874558
c_68151,0.433051362766674,0.6941210552682402
c_68161,0.2523388904927976,0.7261690589224532
c_68165,0.25791856769307686,0.7865209947120302
c_6817,0.4237700547324952,0.8302091717261997
c_68203,1.0096189339005566,0.7979052282651543
c_68210,1.8681876834533446,0.7034140222586663
c_68235,0.5080492814798289,0.7848235029140599
c_68263,0.4384356782367339,0.7591763278272078
c_6828,0.37980446206415014,0.7144204779560032
c_68285,0.3578067528718402,0.8234169996223636
c_683,0.2495830332394757,0.8816077406058367
c_68364,0.47149998853035485,0.8567979205355676
c_6837,1.6121550065869044,0.7703542327841755
c_68370,0.5468433906816519,0.7382535949390692
c_68416,0.5951952225043415,0.7497606200071691
c_68506,0.2412107326405317,0.8450053702601803
c_68515,0.21043090323500968,0.8323407119077721
c_68519,0.15712098393388407,0.8072256557082818
c_68534,0.7956873072779611,0.7873519254123394
c_68537,0.35798927169075206,0.7359064408206835
c_68555,0.7999722333096076,0.7698472077458585
c_68556,0.22763820713581406,0.7585075640419846
c_68576,0.34559284705737037,0.8027318600778648
c_68587,0.42112406196218116,0.615351013449009
c_6859,0.20078982626499758,0.7421958862306934
c_68596,0.3573091222775175,0.7233519830414687
c_68606,0.29098048670514753,0.85288747750161
c_68635,0.2602659797029068,0.8095612456850108
c_68649,0.25999325148714775,0.8253697236339351
c_68664,0.4599157928238243,0.8941241831632607
c_68669,0.2438637507119372,0.7932728294653661
c_68678,0.191886630668372,0.594807460804677
c_68680,0.043110239681256615,0.7210646801064537
c_68685,0.5981737218790268,0.8500348992573491
c_6875,0.41568166929076594,0.8181365432197032
c_68769,0.44320142655493056,0.7336098055354577
c_68774,0.3963915656875606,0.7285726286765586
c_68778,0.36220453222996013,0.8354099542730264
c_68789,0.2016535710877731,0.7281087250940912
c_68802,0.4675424994075722,0.7497088285934508
c_68818,0.6462986082112292,0.7712391201442235
c_68840,0.3717472170079606,0.8199069468821576
c_68868,0.2988241542898849,0.6707465985840558
c_68880,0.4059714081862308,0.8131585214175412
c_68904,0.47773261837847814,0.8432862305714588
c_68911,0.20284989067341613,0.8400054360144948
c_68924,0.18867572974817784,0.7608240216199726
c_68947,0.7742679041365258,0.6963681902132662
c_68951,0.334314556539229,0.8074214964315536
c_68953,0.0963927573382363,0.8142474285563284
c_68955,0.1249932902156114,0.7810149855623008
c_68967,0.3561886928852152,0.8725030544798866
c_68977,10.64572112630799,0.48892708199928475
c_69,0.28885796532973873,0.8038465357613808
c_690,0.2784584469280194,0.7759206341545644
c_69035,0.47046401723186165,0.8620278739670255
c_69040,0.3311661146362481,0.7831709281758068
c_69043,0.2413689836520225,0.8001517778775904
c_69048,0.5377103474172732,0.7622204851713863
c_6908,0.3107074449896978,0.8853155882363064
c_69081,0.1426787230510998,0.8222497638305964
c_69103,0.17770117225124182,0.7235013851438546
c_69116,0.3496286897372804,0.8733541170719924
c_6912,0.34064688967201867,0.8949560395691719
c_69129,0.8093697206003135,0.6940867706483481
c_6915,0.6811002868084932,0.7754958865924719
c_69157,0.3714307329500222,0.8945949465655785
c_6916,0.35513066693985773,0.7735068206936091
c_69173,0.2982220527231598,0.7655961086684466
c_69184,0.27439898968409043,0.7908349046552647
c_69196,0.3863502853765723,0.6832850327459579
c_69209,0.3264239796681883,0.7486821083276947
c_69231,0.5001356374545711,0.8052715059448623
c_69236,0.329346095875268,0.8229665264398416
c_69278,0.34224220851602954,0.8792438829052951
c_69295,0.16748109556110033,0.7924429503727359
c_69297,0.26626877482263894,0.7327094503467964
c_69311,0.29712690090340327,0.8447622035148852
c_69326,0.22764719529473526,0.8160851886502256
c_69336,0.9813351267931992,0.7907466469036821
c_69372,0.18612984604368493,0.7710920859090707
c_69383,0.8360447180849383,0.7373095794677764
c_69386,0.482370532656123,0.8749854098020441
c_69418,0.16327690200098519,0.7526400558921784
c_69425,0.3373214269367368,0.7858284052304985
c_69471,0.21784096372210465,0.8225463888151383
c_69478,0.2499774935487098,0.8210648362210606
c_69481,0.5511178902835965,0.7898167163648397
c_69497,0.2895590836110294,0.7559823514956916
c_69501,0.5459581670173854,0.7636484941069192
c_69521,1.522521569423801,0.7618616379827567
c_69541,0.594974801647409,0.6812021046442052
c_69548,0.23812292145144223,0.7320269939969976
c_69555,0.3006786794615996,0.6967742946488642
c_6957,0.2348799541499682,0.7664014309852314
c_69592,0.5210946616534499,0.7987194405606384
c_69596,0.5118718547645366,0.8798355513767808
c_69617,0.72068696849915,0.5765280441011819
c_6963,0.29305574680197194,0.625273272283325
c_69653,0.18398537212416718,0.7291788145177145
c_69681,0.35205966050435444,0.7609463941862706
c_69703,0.9806403314789232,0.7737034227549926
c_6971,0.08479681608026983,0.7031426277608764
c_69711,0.4014792098270964,0.8678951833241006
c_69731,0.2835225740200435,0.7740080581986352
c_69738,0.409803815765889,0.8513340937589657
c_69740,0.46436219247401794,0.7781245362837651
c_69744,0.38660954685790666,0.6396630071736257
c_69750,0.40521086330362166,0.7262879111240277
c_6977,0.32765667724087916,0.7321525117626052
c_69774,0.2604217692870519,0.8299529839022488
c_69776,0.30934300218173166,0.8221172616341155
c_69788,0.3485476201898057,0.8924477053051296
c_69792,2.1456151604111824,0.7124852685831532
c_69794,0.4902058956112208,0.83190734989839
c_69815,0.382080184587318,0.7716860135339905
c_69823,0.31295205557057815,0.7567247982896792
c_69831,0.20443639171074085,0.7979640086717735
c_6984,0.4648295175125253,0.8935041900295421
c_69850,0.2882488709752025,0.8423242503416286
c_69864,0.37891829268682603,0.604879933337224
c_69871,0.46292912466789,0.722783244010502
c_69886,0.31316258082471293,0.741380817674612
c_69919,0.3369938697638493,0.7483057334798775
c_69931,0.24156370582410808,0.877840425726496
c_69981,0.3852556117117283,0.8246985202683381
c_69992,0.36981009606286475,0.7988514952145264
c_70006,0.4361738465206784,0.6832544609593391
c_70011,0.5160168299755611,0.830077751512744
c_70021,0.19352170783861578,0.7065461801630288
c_70106,0.6542602187144791,0.8377874058321032
c_70108,0.2512289450261161,0.7451914011262596
c_70130,0.2554809218566724,0.8153201134077344
c_70174,0.2733954160880791,0.8214899543063686
c_70193,0.6882254038648434,0.7402552231434879
c_70203,0.3313658701805115,0.813853931968358
c_70219,0.4306518033535968,0.7118328537365319
c_70243,0.3194419350331451,0.8831597976442899
c_7026,0.27528211975421624,0.8443838854588257
c_70267,0.9766741397046399,0.6832247905771176
c_70283,0.20309835969998097,0.8918526985605605
c_70286,0.3736500958964985,0.6838062214296834
c_70291,2.0092823979235894,0.8392013882336959
c_70310,0.7143014875454535,0.8155244246898108
c_70317,0.538626819297526,0.6780312144556411
c_70327,0.4012354835694733,0.8318804690245201
c_70331,0.2957387026004312,0.848486558503762
c_70337,0.1577423307634104,0.7350939799450409
c_70342,0.25274378682908244,0.8226282121730019
c_70349,0.15923413099666645,0.7126018913519168
c_70351,0.3901009027677743,0.7976157809886455
c_70352,0.2707015047915105,0.7465875910996058
c_70355,0.3860002249806347,0.7158061004501899
c_70373,0.4297678860281648,0.755442794794297
c_70387,0.2924839008794266,0.8234769056862802
c_70393,0.18270648373191817,0.7810143758702428
c_70419,0.4619771078049884,0.7422376586023827
c_70423,0.24548007729424481,0.801306760175992
c_70430,0.34170278915795954,0.6876160801800183
c_70432,0.3134343314667274,0.7856581405525026
c_7044,0.6870344244067226,0.7735942601566956
c_70446,0.3921362643009783,0.8367768832813102
c_70448,0.13335997323378654,0.6568420802047565
c_70455,0.5349573050288664,0.7776720230506136
c_70467,0.18413607773657348,0.7441229853165373
c_70469,0.23831247455094925,0.7340871101663907
c_70500,0.1950726391308322,0.6548045336000843
c_70508,0.291755733287092,0.6726520682941082
c_70526,0.36775101190755755,0.7124220245930529
c_70540,0.3312050534148953,0.752864632898602
c_70610,0.7742974269359955,0.7174801357181357
c_70615,0.7831317886357452,0.7884170059689988
c_70620,0.2779378473243649,0.7038143560868293
c_70640,0.6571372621605874,0.782330834092027
c_70647,0.5327974167132077,0.7368385456572094
c_70669,0.2198710089437272,0.8623162935571672
c_70686,0.2664753778733189,0.8242128958177918
c_70690,0.6830741233535479,0.7298580862009589
c_70693,2.64222281789256,0.6102653110032519
c_70694,0.6323452291114237,0.7807625540565619
c_70697,0.2998382155769194,0.8401568349460892
c_70711,0.4567949901683559,0.7656885847256482
c_70734,0.33563216878976726,0.7490397653611914
c_70737,0.31031636702022414,0.8396019580369227
c_70741,0.36467090446602185,0.8074847812656822
c_70747,0.6340736728006006,0.8429042053243233
c_70756,0.351747460250008,0.753261750415053
c_70765,0.22015423814447072,0.7444994160834542
c_70766,0.35675303400633784,0.7047263925908401
c_70769,1.0178953763101504,0.8346437217863313
c_7077,0.38573435493621905,0.7138233180467843
c_70848,0.44725481904205594,0.8266204208457815
c_7087,0.5178025144800412,0.7644701145418018
c_70897,0.39508149769945083,0.8055209911836485
c_70903,1.0097577998005127,0.7010733155286403
c_70913,0.3458035700005554,0.7950253196307525
c_70957,0.2264129161071367,0.7706803560728946
c_70963,0.25693422631398444,0.7503231512117747
c_70968,0.27145042328653074,0.8567272140236103
c_70979,0.5196098486992494,0.7856605074121541
c_70993,0.4061349428658772,0.827577855893185
c_71000,0.36255687607921405,0.7681169129576237
c_71012,0.3945396202261434,0.8144629242582706
c_71013,0.29426804535926204,0.7683758698535823
c_71030,0.4610178934073239,0.7460683568901199
c_71043,0.4600131280569548,0.7550449537971331
c_7105,0.5145242345138106,0.7350544050166913
c_71055,0.29142496940854007,0.7809118664858574
c_71058,0.23373328823670203,0.7956759204886845
c_7106,0.3110602776830963,0.8407012702392389
c_71077,0.35052769390385974,0.7464270912219167
c_71085,0.4183871407584326,0.7644745819055245
c_71097,0.27809364719553303,0.839167293913105
c_71099,0.3335744373494684,0.8047515286989659
c_71141,0.44587241177897224,0.7626285992796815
c_71152,0.15756528503067657,0.7506814546161493
c_71153,0.2974683367477171,0.7240167799673725
c_7117,0.5810378122488002,0.7003807318781694
c_71178,0.321805806227953,0.7179728771949329
c_71180,0.17586344497808365,0.7398166554210766
c_71186,0.18847316647450513,0.7933493136599541
c_71212,0.8104955543875253,0.7598563560630076
c_71224,0.237107959025829,0.8728286786096247
c_71239,0.25077841915667365,0.7482979921297634
c_71253,0.22150524700976643,0.7420641026886123
c_71271,0.30584942679551747,0.6220835438613556
c_71278,0.3548922770142179,0.849506849172633
c_71284,0.8831679517755472,0.7527528440370077
c_7129,13.095745197355226,0.4705527692481454
c_71312,0.1274439082307979,0.6299246296392456
c_71318,0.15693060459035907,0.8129946390526386
c_71321,0.42935979328019114,0.6581362825464022
c_71331,0.16834302157274567,0.8004757449536142
c_71368,0.5296651648659993,0.6774636604249517
c_7139,1.264224786835155,0.814442815414859
c_71398,5.211903538253896,0.8759169212428801
c_71417,0.41355708654116125,0.8568673692129857
c_71447,0.38761001120542965,0.8049486629862845
c_71475,0.35717364035513344,0.7522156683966732
c_7150,0.3061103401650443,0.7148733464147056
c_7166,0.31663255142771934,0.8084309781258135
c_7171,0.5372721790628026,0.8359936816902662
c_7173,0.24214488251874358,0.7259655535131644
c_718,0.25748866556883154,0.7180744669136894
c_7190,1.7848555902711387,0.8160049528688025
c_7191,0.22489091076407303,0.6732489337314119
c_7240,0.08761593895530471,0.7728346017508777
c_7257,0.31295297599028277,0.7303724132705758
c_7278,0.1923732443211295,0.7565365937481585
c_7283,0.4995197695200804,0.7523402442168967
c_7301,1.045463968717742,0.7803458023063337
c_732,0.828646569324863,0.7457007056170513
c_7354,0.22120459293881778,0.6848715175163926
c_7374,0.3025079993257919,0.8653317112794466
c_7391,1.0551642281960114,0.8143339576881723
c_7400,0.2667684987744838,0.7599318403792608
c_7428,0.48016468460385126,0.886820793086516
c_7454,0.2480468105010385,0.773126906780242
c_7470,0.3072875244401326,0.5518240703271399
c_7483,0.4344122902425687,0.6876298493504212
c_7485,0.22917000981074723,0.7100299007691697
c_7490,0.23687605156308023,0.8065276397353507
c_7503,1.3477138041062482,0.688063189921398
c_751,0.43878681342337134,0.7663890198327112
c_7527,0.5304521214494201,0.7762777896574009
c_7529,0.3225601132913058,0.7687261341630702
c_7531,0.4174971595776081,0.7445149150954707
c_7549,0.14737669415013846,0.7505093020643137
c_7553,0.22730291660778587,0.6646894050047583
c_7561,0.2697182189410443,0.7750170988859509
c_7582,0.2894741006879155,0.8062847117726584
c_7583,0.10485812049866391,0.7403208219541909
c_7601,0.31648876307622026,0.7890974331856271
c_7602,0.5899169798755186,0.5799980448309681
c_7616,0.2681055706525423,0.7960811116320099
c_7640,0.23621667429699508,0.8000242158059121
c_7641,0.38002746983445723,0.7775887103818652
c_7658,1.0089735707021823,0.6876098877811482
c_7673,0.3585749142384637,0.7799057165078984
c_7686,0.29543710866550843,0.788864408612035
c_7688,0.3311446222538565,0.8775737635620127
c_7692,0.3798510829109966,0.8123707619429034
c_7706,0.9912716015658407,0.8196216167726638
c_772,0.4093751245601799,0.7248381064533892
c_7736,0.294413361625954,0.8317526321152618
c_7738,0.44705423848950504,0.6048793362255267
c_7740,0.2353680505722179,0.7589999836073268
c_7749,0.4753966065900054,0.7591780135454947
c_7779,0.3099006224122305,0.7342099651678021
c_7794,0.29593856795264445,0.7819660725789093
c_7840,0.08485112224055477,0.7443298566879215
c_7887,0.4169105377952835,0.790160098645482
c_7892,0.5257565821981351,0.7390508380400188
c_791,3.07052064703079,0.7460758176478401
c_7914,0.2235297689291176,0.7666871508287363
c_7930,0.37198481066124217,0.7532852838327364
c_7972,0.4350846763762992,0.7679476021870681
c_7974,1.2848942090709836,0.6848804454304557
c_7985,0.31191424159223496,0.7189513010166564
c_7998,0.363385015921784,0.7507230134780011
c_8054,0.3841965045289352,0.7843893913626142
c_8066,0.7023535521172491,0.7462970953883242
c_8068,0.182419636222467,0.6890820573755757
c_8081,0.6951032841383673,0.7862580439649514
c_8117,0.2656835643058877,0.8175308383498439
c_8119,0.13210515445217802,0.8174157949209042
c_8135,0.2656796970485386,0.8048731558547364
c_8137,0.2599376793357845,0.7770414485606781
c_8146,0.3456471105767671,0.7900794058753429
c_8183,0.6386324626844313,0.8322972453103252
c_8186,0.12161903275492772,0.8391379174680784
c_8194,0.33933715480925025,0.7127612815451472
c_8226,0.03545231611912224,0.7055550336410439
c_8232,0.3681113970698915,0.7293845786167636
c_8240,0.6357020041725067,0.7428792186344598
c_8244,0.3922051860982616,0.7482896546318233
c_8253,0.2259468772151766,0.8157687190188873
c_8266,0.27712849689618424,0.7714285577412937
c_8267,0.3926984285367796,0.8539814727317059
c_8280,0.24343667834092472,0.8326295983435301
c_8294,0.6346787945499157,0.7549197895179357
c_8316,0.31958371977927486,0.7457091127174598
c_8334,0.1588561311272497,0.7244649001175081
c_8337,0.3332061344904548,0.7718889941716578
c_8357,0.47285121166830485,0.8594540577123271
c_8364,0.2668305559252244,0.7824000628227967
c_8367,0.27806918770122147,0.7884317360625417
c_8374,0.3015752487364175,0.7683503169345606
c_8390,0.36152549240716875,0.7874259831446556
c_8414,0.517030260972401,0.8129021763737168
c_8428,0.13346689132034656,0.7568324618765689
c_8438,0.8209169695320331,0.8793386298009682
c_8481,0.2450309741531885,0.8321723982281092
c_8484,0.5280273511545901,0.759677456143547
c_8485,0.3194229857439226,0.7587374446570625
c_8490,0.26568815930325734,0.752885319407791
c_8496,0.6300622913213548,0.7793514280361846
c_850,0.36469526741790825,0.8194803861534427
c_8509,0.4100504243381922,0.8551231817454255
c_8511,0.37148613132459546,0.7813022232342564
c_8514,0.3228591958257782,0.7270111549471183
c_8518,0.7161036091135108,0.7152995383575538
c_8534,0.9934490972448788,0.7292015636503386
c_8543,0.4191132008036568,0.7245660616113688
c_8571,0.5096373846534747,0.757717873383175
c_8576,0.3103415100471312,0.728550147981205
c_8582,0.3627619193157303,0.8125479114339196
c_8608,0.4180318269286783,0.8341704689426142
c_8610,0.3373411996176733,0.7753146849074601
c_862,0.36284368363136754,0.847119149064562
c_8629,0.7895448012444272,0.7231665765706266
c_8654,0.4821365659408492,0.7780041892416159
c_8669,0.4576787329656294,0.7221615074474801
c_8671,0.28229567902651376,0.6774612265438011
c_8707,0.38478488274497885,0.7780892161915131
c_8716,0.14446238861493593,0.6716725146042469
c_8719,0.31318274240868293,0.8019285750687204
c_8720,0.29206555307595145,0.8644724084604647
c_8782,0.5025249283214183,0.6802578017674081
c_8786,0.31735964909447006,0.7765902173493466
c_8792,0.39260214478818606,0.8845040000631705
c_8822,0.40164533074735564,0.7703536644577353
c_8826,0.28735349255069237,0.813606665738992
c_8839,0.20684188607509674,0.8320757860697112
c_8848,0.19892170850022015,0.7040547715485852
c_8858,0.30209655804704544,0.7897657004763987
c_8859,0.1900916613249586,0.7730041472076857
c_8863,1.0731296186937884,0.6868834716823358
c_887,0.5455020118358681,0.8143187904771539
c_8886,0.25981467575805267,0.8019565619773084
c_890,0.31387262057018345,0.8124600690433301
c_8901,0.6371063949623714,0.8068982609059002
c_8913,0.3297988378207524,0.6812154079134736
c_893,0.9403755942875449,0.781270614422916
c_8932,0.2278261183182014,0.9107559564626208
c_8938,0.13775641109128822,0.7470794990188688
c_8939,1.3925653338192872,0.7128104524122142
c_8955,0.1705339744090721,0.7206383676369783
c_896,0.31611471695916854,0.8138505189419836
c_8961,0.24974947357240254,0.7523282970200411
c_8966,0.2154088471795685,0.7622097367099974
c_8995,0.41043026398936877,0.7817161055561404
c_9006,0.3758275110889326,0.7865175088664693
c_9012,0.5276190700495105,0.7695332044793071
c_9040,0.4960881926061948,0.808314104755467
c_9047,0.2555845796620916,0.7555909343602855
c_9051,2.0984252297300094,0.703250017207151
c_9054,0.33461330039767884,0.8566816868719155
c_9059,0.36692530423540254,0.6406799780384865
c_9092,0.27614614632046947,0.7946544197538515
c_91,0.30282067484870256,0.7948112185697165
c_9107,0.29043491484051764,0.8929155799500141
c_9118,0.13073762985158127,0.7534552762382765
c_9130,0.33894995692197216,0.7936697233332832
c_9142,0.640983488582255,0.8657385376626867
c_9144,0.2596070077842032,0.8407408962104739
c_9145,1.2940087139790815,0.8471657183361274
c_9148,0.279495465580182,0.5486429172801213
c_9149,0.7526639953758026,0.7461788513658068
c_9155,8.233933496131325,0.4930247139620771
c_9186,0.3431217832483605,0.6891543092520692
c_9187,0.2655267829590363,0.7603313500495248
c_9189,0.49582857333468455,0.7326083078999852
c_9193,0.32747793015116816,0.8289310276777431
c_9197,0.34562616145579805,0.7930833753075037
c_9202,0.9108942630413775,0.8260985876579691
c_9241,0.2968899595657895,0.7647398211947489
c_9263,0.22644326907840778,0.730529749901391
c_9271,0.31567170376859804,0.7437374840191707
c_9285,0.17626194869471032,0.8135925634215544
c_9295,0.3164535900672706,0.8661293541911119
c_9302,0.3391288838815689,0.837168614550843
c_9304,0.25743016954510595,0.7018150893707934
c_9314,0.18778372204050606,0.8079671919445766
c_9330,0.1965222231869159,0.7045644350579373
c_936,0.23416038951832643,0.7875858861375066
c_9365,0.7527477815751858,0.8275655633833615
c_9376,0.2836270086977132,0.7782047340767921
c_9378,0.2175027989410805,0.8786539471493644
c_9392,0.2651246350085923,0.8316778217669574
c_9402,0.6376163758280078,0.7856278479718384
c_9404,0.3458114754277507,0.7958935064701008
c_9428,0.34371750833411985,0.7826516101625767
c_9443,0.5260379999546131,0.6516368594765264
c_9445,0.406566809010085,0.7135864708004257
c_9452,0.3268812658329134,0.801236344828953
c_9470,0.5011723346799811,0.8381024257295605
c_9473,0.16600859618415775,0.681992761540005
c_9478,0.4202800761063712,0.7131361437761545
c_9501,0.41906384631536725,0.7657470327012075
c_9510,0.2456979191256282,0.7082207854632618
c_953,0.2345267079567476,0.6581745066566337
c_9553,0.2562596299655467,0.7179795960492277
c_9555,1.0585607506201957,0.8197159545413562
c_9598,0.2464184870942563,0.8164346365932991
c_9600,0.18899275005336116,0.8402716613132748
c_9633,0.22012825081862927,0.8592616997098801
c_9666,6.813660838783657,0.9032310388098388
c_9687,0.8728973655016077,0.7150631944562594
c_9768,0.30240299496865164,0.8979682282797661
c_9773,13.019159921966793,0.4706045231997287
c_9779,0.2738626617118644,0.8254833438356475
c_9782,0.3024541541524127,0.7087857995999839
c_9792,0.5759902235651296,0.6862771131001735
c_9805,0.40134273881606947,0.8398492054553883
c_9857,0.4674694346555435,0.7958818519500168
c_9868,0.20763684877321192,0.722920136455919
c_9899,0.39206324899197625,0.7988339787722296
c_9914,0.22783190451580623,0.8049005293893587
c_9941,0.2846185971772707,0.6399740003360066
c_9956,1.2387343164435132,0.7861268401879289
c_9961,0.3795797985776056,0.8054068039380187
