container_id,n_points,wpe_m4_t1
c_10032,2301,0.5932029750807423
c_10036,2302,0.44187213818235715
c_1005,2297,0.5728422922309091
c_10065,2300,0.50978522437717
c_10076,2291,0.6492284419677342
c_10082,2304,0.5547951320011032
c_10104,2288,0.5760502796175301
c_10105,2300,0.4710906981551135
c_10109,2292,0.5630487415849635
c_10137,2304,0.5353023714018696
c_1017,2287,0.4175381379110762
c_10175,2295,0.6317220724105401
c_10188,2299,0.6065342081519559
c_10203,2291,0.5916879803683589
c_10214,2248,0.5139163427632557
c_10215,2303,0.6266056650577597
c_1024,2287,0.6009432464730105
c_10241,2300,0.6070543682741893
c_10249,2292,0.5661372770781964
c_10256,2288,0.5423733460901375
c_10260,2286,0.5609006892777847
c_10261,2302,0.5456080733573014
c_10264,2292,0.44538807033320527
c_10267,2291,0.49814879643236465
c_10318,2302,0.6145596111758082
c_10326,855,0.6032738938651914
c_10335,2302,0.5468736782638924
c_10351,2292,0.5338672524908452
c_10355,2262,0.506087513265007
c_10412,2303,0.5284377657706673
c_10415,2302,0.5801163420808035
c_10417,2302,0.5932833506930483
c_10429,2299,0.6105150442989686
c_10435,2295,0.5666159394783995
c_10439,2301,0.49526031600804304
c_10441,2300,0.5472820374568009
c_10452,2260,0.5316331414990678
c_10457,2297,0.609235684714861
c_10459,576,0.46858641603988016
c_10467,2298,0.4973334110085357
c_10483,2302,
c_10518,2300,0.4624463418000215
c_10527,2302,0.5345542280043372
c_10587,2286,0.5585325377567796
c_10588,2301,0.5250633785198526
c_1060,2287,0.4817213298997764
c_10603,2295,0.573571822130592
c_10605,2300,0.5830501528286894
c_10619,2294,0.6198740163189431
c_10620,2303,0.5688811440303307
c_10632,2281,0.5795361207905658
c_10654,2297,0.6157523659820476
c_10663,2288,0.45526713400588453
c_10672,2292,0.5730294243918963
c_10677,2299,0.6039482932057018
c_10684,2261,0.5288997878905718
c_10704,2294,0.5951623652357597
c_10728,2288,0.5728958764080483
c_10749,2300,0.5426214576302928
c_10775,2287,0.5698760036019459
c_10810,2286,0.5386775084336465
c_10813,2011,0.5249900325300904
c_10816,2290,0.603916142684555
c_10821,2295,0.5803631792808323
c_10822,2303,0.6222858294646804
c_10824,2304,0.4951387283578173
c_10838,2288,0.5971998650070068
c_10844,2294,0.5362170016560032
c_10854,2302,0.5414773596555649
c_10870,2302,
c_10875,2304,0.5472468201401104
c_10903,2253,0.6122877191390498
c_1091,2299,0.5773795577958133
c_10910,2294,0.5549733020334263
c_10929,2248,0.5622506683223968
c_10950,2295,0.522436147798067
c_10965,2299,0.5093559748989286
c_10968,2275,0.5899036466511354
c_10987,2296,0.5878791803160482
c_10995,2246,
c_10999,2300,0.6085913855099979
c_11007,2300,0.6059381501689118
c_11015,2292,0.6261912459780633
c_11019,2304,0.5884787260083684
c_11059,2302,0.5714699802497707
c_1108,2299,0.6016250853183287
c_11113,863,0.5798962048690347
c_11124,2282,0.5466179454548938
c_11125,2286,
c_11133,2301,0.6239364821965809
c_11138,2293,0.6068598389987653
c_1114,2299,0.5456684252738113
c_11178,856,0.6150201786865414
c_11179,2286,0.5783485621319029
c_11203,2303,0.5961587350163055
c_11210,2302,0.5125025774360141
c_11227,2299,0.5951110295426117
c_11240,2271,0.5399859178909193
c_11243,2295,0.48248245076495533
c_11245,2293,0.6187000281994485
c_11246,1715,0.5819925672281581
c_11250,2303,0.6042299335997355
c_11264,2295,0.5059338384772956
c_11271,848,0.5119901484552548
c_11273,861,0.560625495020886
c_11277,2295,0.5976243393838226
c_11286,2302,0.5518076770113824
c_11337,2301,0.5512613565434393
c_11349,2283,0.55330327237972
c_11359,2298,0.5976576380975549
c_1137,2292,0.5649924156619504
c_11380,2300,0.5193183831973998
c_11418,2302,0.5185737163156335
c_11430,2304,0.48223575368012245
c_11433,2234,0.6308197320589334
c_1144,2300,0.5770232184520512
c_11450,2296,0.6020547725497903
c_11455,2303,0.5849184521326938
c_11459,2301,0.612005411777986
c_11473,2301,0.5982250991467395
c_11502,863,0.5035172086642995
c_11505,2295,0.5604226500583677
c_11517,2296,0.4655660097372307
c_11523,2280,0.5507794748127564
c_11532,2301,0.5388921047085372
c_11533,2276,0.5485272611057954
c_11539,2300,0.6371889808210819
c_11540,2302,0.5347455061750735
c_11550,2295,0.48514263039089855
c_11555,2301,0.6023126926810077
c_11564,2302,0.5703874436543186
c_11567,2304,0.6850980249634328
c_11585,2300,0.5148370456204586
c_11589,2303,0.570617647495673
c_11591,2302,0.6310197198892981
c_11601,2302,0.5166024201455566
c_11624,850,0.5225151577757983
c_1163,2290,0.6014510432372819
c_11634,2281,0.5767188375497304
c_11642,854,0.5818679781581526
c_11655,2302,0.4587754303510769
c_1166,2300,0.6170920891915092
c_11680,2291,0.5754446922602631
c_11687,2295,0.6111609732381676
c_11730,2302,0.6190222575595666
c_11732,569,0.5978128618030505
c_11737,2290,0.5893443109329731
c_11739,2293,
c_11751,2283,0.5695514510298587
c_11759,857,0.6830957962723176
c_1177,2295,0.5565283237840714
c_11781,2290,0.545290477250483
c_11787,2240,0.5922400257507121
c_11802,2297,0.6241331064795363
c_11809,2299,0.45753787952284847
c_11812,2301,
c_11820,572,0.6283990173185441
c_11821,2301,0.5568840953751882
c_11843,2300,0.5955122762390529
c_11857,2285,0.5695549929898109
c_11864,2292,0.49264960151677856
c_11889,2303,0.528726567010574
c_11917,2301,0.5621122597330104
c_1194,2298,0.44304024552995885
c_1195,856,0.6442742587071097
c_11985,2292,0.6034843441514182
c_11999,2276,0.669624550627244
c_12,859,0.5983731977122123
c_12008,2303,0.6424228135620075
c_1203,2302,0.5834048615970442
c_12035,2302,0.5677832643064393
c_12074,2297,0.5776623087914803
c_12078,2251,0.3362428979288771
c_12084,2303,0.5628876671508852
c_12111,2276,0.5974985123574887
c_1214,2282,0.5283597919883906
c_12141,2298,0.4609459622178092
c_12176,2290,0.5258081890533455
c_12183,2292,0.5773041697051889
c_12209,2293,0.5927312168345457
c_12212,2287,0.5565926468976313
c_12223,2299,0.5871819230399774
c_12238,2285,0.5027867741128871
c_12251,2294,0.5720348273703395
c_12254,2301,0.4717600227593009
c_12260,2303,0.5954328777382608
c_12264,2293,0.6217440379977105
c_12272,2292,0.6186035656768525
c_12281,2298,0.6019873923105059
c_12282,2293,0.5775296877604722
c_12293,2280,0.5468834439349524
c_12362,2278,0.5159669181613317
c_12375,2299,0.5329726461990791
c_12425,2285,0.5868645573792735
c_12436,2288,0.548670290909632
c_12448,2302,0.41843978715197405
c_1245,2245,0.6404503841168165
c_12451,846,0.5289960282919066
c_12462,2294,0.49660053456276265
c_12471,2280,0.5336712676914539
c_12481,2292,0.5845891605670676
c_12499,2291,0.503490934999882
c_12514,2301,0.5883654248343471
c_12526,2301,0.611698234864921
c_12536,2304,0.587383262796588
c_12545,2285,0.5390731466994881
c_1255,2294,0.5927763149693489
c_1256,2300,0.5585915134680912
c_12562,2302,0.5408816663925428
c_12596,2296,0.522554370663961
c_12604,2300,0.5099890875552847
c_12607,2284,0.6208488032137663
c_12645,2286,0.5769558251342619
c_12670,2292,0.5946997897874415
c_12674,2289,0.5322006554519868
c_12689,2284,0.5954158990508476
c_12691,2298,0.5732952143864753
c_12695,2297,0.4715665215334387
c_12701,2294,0.43658553715634363
c_12715,2249,0.5809870224081537
c_12722,853,0.5230379481009348
c_1277,2259,0.6033943660396616
c_12774,2297,0.594960328324996
c_12775,2286,0.6779680600268162
c_12782,2299,0.6166379931674009
c_12792,2298,0.5836025566126363
c_12798,2285,0.5424123708111354
c_12814,2291,0.5197547690924583
c_12819,2300,0.5609500638955386
c_12831,2298,0.5478259241234049
c_12839,2301,0.5417636794767742
c_12840,2300,0.603090705317519
c_12859,2303,0.5419116361027216
c_12879,2303,0.5508935851632709
c_12894,2248,0.5480974576574391
c_12896,2299,0.6139963512883744
c_12903,2303,0.5553479254469731
c_12910,2299,0.5456041254840895
c_12931,2298,0.5808634475462711
c_12935,2298,0.5938002282496224
c_12954,2301,0.5469943394142682
c_12959,2300,0.635401449848163
c_12962,2303,0.5374361783969797
c_12981,2299,0.5746549678871321
c_12991,2256,0.579060602789652
c_13013,2294,0.5397545002787729
c_13025,2299,0.621329605379617
c_1304,2294,
c_13045,2283,0.6604463933816811
c_1306,2302,
c_13073,859,0.6361935847152304
c_13083,2302,0.5948366174939445
c_13086,2300,0.5736019366452947
c_13122,2288,0.6145295112722076
c_13131,2301,
c_13141,2255,0.3894198255594242
c_13165,2302,0.635507926382211
c_13171,2285,0.5735482941213743
c_13187,2283,0.5574284205219808
c_13200,2285,0.682518104154855
c_13204,2297,0.5430495173790914
c_13210,2282,0.4868185153885464
c_13231,2298,0.5480168980335658
c_13290,2298,0.5315930620857033
c_13298,2293,0.5551980960088198
c_13314,2304,0.5579488029864585
c_13323,2288,0.6091024491572873
c_13326,2300,0.3894198255594242
c_13329,2297,0.5835755307831733
c_13334,2275,0.6223837237451533
c_13348,2291,0.4827047974544148
c_13357,2300,0.532645383482281
c_1339,2294,0.4198783652228412
c_13396,2303,0.5042793608237597
c_1340,2279,0.6274243572638083
c_13416,2296,0.43257676837717274
c_13453,2299,0.4959179414176797
c_13459,2299,0.5983028553693351
c_1348,2281,0.5834105793254156
c_1349,2279,0.547900020109675
c_13497,2268,0.5604041848980644
c_13518,2284,0.4444316205538026
c_13539,2292,0.527161926802653
c_13541,2302,0.4262361540102113
c_13595,2289,0.5779044127941975
c_136,2302,0.4617941995292206
c_13606,569,0.5621865541093182
c_13628,2300,0.5605010387256615
c_13665,2299,0.6044661283564623
c_13666,2292,0.6105069749724934
c_13676,2298,0.5357521557759811
c_13677,2302,0.5049332944741374
c_13678,2297,0.5359101411922019
c_13687,2283,0.47470428039183654
c_13692,2303,0.49698970705992773
c_1373,851,0.5497228627379283
c_13749,2303,0.4455226327509684
c_13760,2304,0.5127382280172353
c_13762,2295,0.5763305432874767
c_13770,2303,0.6336143314137059
c_13773,2301,0.5710564189908838
c_13808,2249,0.6272116659471926
c_13823,2285,0.5738175590322177
c_13828,2304,0.5331186547710193
c_13832,2278,0.5481720348690537
c_13842,861,0.5802191201318736
c_13864,573,0.5586118440801536
c_13866,2275,0.5886809386445079
c_13876,2300,0.595213107182989
c_13880,2299,0.5889662999429129
c_13899,2298,0.3894198255594242
c_13906,2299,0.44952257167536613
c_13916,854,0.5934985099189575
c_13919,2284,0.5300071315993535
c_13920,2302,0.5281280187957742
c_13949,2279,0.5297483456885071
c_13979,2297,0.6227986729984977
c_13980,864,0.6152401873115327
c_1399,2295,0.6361123211700297
c_13991,2299,0.5339118192786141
c_13992,863,0.6276654123735756
c_14009,2295,0.60110210574996
c_1401,2296,0.639652247073287
c_14027,2299,0.5154708798694173
c_14035,2181,0.47922349889011134
c_14045,2301,0.4995306968816225
c_14049,2299,0.6066542771884252
c_14064,2285,0.5614805457727736
c_14084,2302,0.4871440746519527
c_1409,2259,0.6429693629307295
c_14106,2284,0.4198783652228412
c_14107,2291,0.5273586715838624
c_14122,2299,0.6166413090045624
c_14125,2298,0.5626307485296966
c_14133,2292,0.4398177604500414
c_14140,2280,0.5698846164616609
c_14169,2294,0.5864469079561233
c_14185,2268,0.5472144758355681
c_14210,2302,0.5390580810807184
c_1422,2303,0.5917166836889343
c_14233,2301,0.5800714341261117
c_14236,2302,0.6268294561921611
c_14257,2296,0.5142065418525298
c_14258,2279,0.5429212967630936
c_1426,2302,0.5460129308401168
c_14275,2292,0.5624091036185204
c_14294,2295,0.582590599338817
c_14347,2295,0.6485165174652537
c_14387,2293,0.49723399996442724
c_14391,2288,0.6002886109896842
c_14397,2304,0.5613195722117973
c_14399,2301,0.62411689727426
c_1441,575,0.48194191233424594
c_14429,2302,0.5554549752136598
c_14433,2297,0.3894198255594242
c_14434,857,0.563433464716021
c_14446,2259,0.47819389095269793
c_14469,2297,0.6277269220921157
c_14472,2301,
c_14477,2299,0.47663828691232374
c_14478,2297,0.6181321382012512
c_14485,2013,0.5121319241592582
c_145,2269,0.6749629067672822
c_14516,2283,0.5322389148477725
c_14530,2297,0.6174730999872443
c_14537,2301,0.5960949277626028
c_14538,2303,0.552233793889494
c_14558,2298,0.5411633916316702
c_14591,2273,0.49024253973615095
c_14621,2279,0.6222385262618132
c_14643,2288,0.5771757996320929
c_14666,2293,0.48821990199981996
c_14668,2286,0.6065716695876191
c_14670,2296,0.556589002562526
c_14712,2303,0.603158059499015
c_14723,2293,0.5783938426957499
c_14725,2295,0.5758923963896999
c_14732,2300,0.5684905693019715
c_14733,2297,0.6252595997162788
c_14737,2288,0.5093986755430082
c_14738,2301,
c_14739,2291,0.5373512139983264
c_14748,836,0.5685026952760392
c_1483,2302,0.6014192802393533
c_14833,2286,0.5226273565027351
c_14842,2286,0.3894198255594242
c_14852,2291,0.5623257394922444
c_14864,2279,0.516388777829129
c_14865,2275,0.4817905251451397
c_14884,2299,0.5332228174212907
c_1492,2292,0.6677437723371782
c_14921,2303,0.5256268559533098
c_14937,2293,0.5911450923489545
c_14955,2302,0.4529405096247059
c_14963,2298,0.5487090640778887
c_14964,2297,0.6826747139326002
c_14968,2298,0.5951081023591445
c_14980,845,0.5173722527683958
c_14989,854,0.6878531837457275
c_14998,2283,0.5900486154628832
c_1502,847,0.5227948785287299
c_15023,2287,0.5517567115819694
c_15049,2303,0.686063433239615
c_15072,2302,0.5608855352078779
c_15077,2304,0.5875283380640903
c_15078,845,0.5372868902992681
c_15095,2271,0.5689925025580684
c_15100,572,0.5969854499564347
c_15112,2292,0.5189670055358899
c_15163,2291,0.5512198010680422
c_1519,2240,0.5409966601784547
c_15190,2298,0.5941153037956304
c_15208,2297,0.5914985039755554
c_15209,2298,0.5359074281709427
c_15215,2303,0.5887596533804149
c_1524,2275,0.6304364504336096
c_15241,2301,0.6063681268888499
c_15271,2301,0.5286913350283466
c_15279,2301,0.43843801740488186
c_15294,2304,0.4611345854660478
c_15305,2302,0.5114556844351682
c_15316,2301,0.6157532816409454
c_15329,2285,0.5513896946427702
c_1537,2303,0.6023083830622654
c_15391,2302,0.6300925895478978
c_15405,2300,0.5114309878743206
c_15408,2303,0.5605703133272893
c_15440,2303,
c_15447,2299,0.5890874809949908
c_15452,2279,0.5668748595728221
c_15468,2304,0.7056777476905689
c_15498,2297,0.501821579148879
c_15501,2278,0.5269198362775532
c_15510,2293,0.6039101536592741
c_1553,2300,0.6113346743507863
c_15543,2303,0.5904406213837158
c_15548,2302,0.5803085921344294
c_15556,553,0.5373270075628253
c_1557,2296,0.5899848031866487
c_15594,2291,0.5608866154843167
c_15599,2300,0.5020476425862561
c_156,2296,0.570383021616712
c_15602,2301,0.5461488894831658
c_15606,2295,0.4614579348341277
c_15607,2300,0.5524400997285525
c_15612,2295,0.605299161845124
c_15637,2298,0.5269847221710864
c_15651,2301,0.5625955040533264
c_15674,2279,0.5660652746129885
c_1568,2303,0.5920906985224377
c_15688,2300,0.5599343070686135
c_15736,2299,0.59458954897464
c_15773,2303,0.5687167841344213
c_15774,2275,0.5415710644819024
c_15796,2301,0.6243296824847347
c_15803,2280,0.53132148606759
c_15805,2302,0.5096415678923296
c_1581,2287,
c_15816,2288,0.47952049807615443
c_15821,2288,0.5708275566126941
c_1584,2301,0.5228439323983051
c_15846,2293,0.5468066357478175
c_15889,2302,0.5874100842998605
c_15893,2225,0.6069907340918713
c_15902,2294,0.5679638168531419
c_15927,1435,0.6097149401094168
c_15934,2301,0.6207628477477897
c_1594,2288,0.5830277556328702
c_15971,1437,0.5670062798830804
c_16,2295,0.6230777436571248
c_16018,2274,0.5586112521744163
c_16021,2302,0.6182262441000316
c_16026,2300,0.5680700088446315
c_16027,2300,0.48037391936741863
c_16035,2284,0.5661533182726202
c_16048,2299,0.5953516154448016
c_16054,2304,0.6126920284141355
c_16056,2300,0.5133896042782873
c_16069,2295,0.5281243661527613
c_1609,2284,0.45734685540761894
c_16092,2298,0.5633501804500824
c_16109,2303,0.5935290821705532
c_16114,2285,0.6083137507597395
c_16148,2291,0.4603542388208879
c_16149,2301,0.5887638300966984
c_1615,2303,
c_1616,2298,0.5908258891322465
c_16169,2051,0.5551346531660691
c_16186,2300,0.4473825852137461
c_16201,862,0.5638556228694735
c_16241,2288,0.5370413290375087
c_16242,2301,0.5654319148672595
c_16243,2260,0.5529514676293604
c_16247,2296,0.6066333596086402
c_16253,2278,0.5107041582171734
c_16255,2293,0.5583462423514672
c_16287,2301,0.5336429771712478
c_16289,2283,
c_16301,2301,0.5016115579585412
c_16304,2303,0.5598322831277232
c_16324,2297,0.6255807046702868
c_1635,2280,0.6412526152373033
c_16351,2301,0.6046914630055819
c_16352,2271,0.6011050439305562
c_16363,853,0.5616278091870999
c_16384,2297,0.6048128135707713
c_16395,2298,0.5989061312589075
c_16406,2299,0.6147541828891209
c_16441,2288,0.542969446928639
c_16467,2275,0.5877466528228926
c_16474,574,0.4694163136035384
c_16483,2302,0.49648716416244426
c_16484,2276,0.598515871651736
c_16492,2284,0.41629397224006287
c_16500,2302,0.5388845725394448
c_16504,2291,0.5327331395193106
c_16516,2273,0.5333112639505857
c_16538,2289,0.6107671230998163
c_1655,2293,0.5943967155010578
c_16563,2300,0.525968278279607
c_16567,2298,0.5841916908078042
c_16570,2294,0.5639666712408492
c_16573,2297,0.5051830177297685
c_16593,2302,0.5919374565235156
c_16607,2295,0.5854934570624469
c_16651,2227,0.5706119609192196
c_16662,2300,0.6013276298766366
c_16683,2301,0.5983651647306711
c_16685,2298,0.47101336572966923
c_16710,2292,0.497693149664289
c_16723,2300,0.6148192146642603
c_16737,2301,0.5832373142247071
c_16745,2291,0.59147032268401
c_16750,2301,0.588039216818207
c_16751,2293,0.44320130654652035
c_16753,2301,0.48008308200942135
c_16782,2291,0.5831158282560064
c_16783,2284,0.5612750443905544
c_16794,2293,0.6146793852852419
c_16799,2297,0.532965230051651
c_16802,2298,0.5985264386216256
c_16803,2268,0.5737375573206596
c_16831,2304,0.4362085839710631
c_16834,2303,0.535238253645112
c_16836,2291,0.6206308044079205
c_16862,2296,0.6189638497441645
c_16870,2296,0.6236295392050119
c_16912,2292,0.6159082876466132
c_16917,2303,0.6060089114689073
c_16925,2283,0.4535549103481395
c_16937,2280,0.5188457656205889
c_16951,574,0.5598313091122109
c_16965,2302,0.557253440366189
c_16968,2290,0.24051270663566626
c_16974,2299,0.56309182364623
c_1698,2292,0.6389310875056363
c_16984,2299,0.5381476077193355
c_16988,2295,0.5727575197808159
c_17011,573,0.5444547335090054
c_1702,2298,0.5853247093645112
c_17023,2299,0.3894198255594242
c_17028,2290,0.626189512921291
c_17058,2303,0.6613279503337515
c_17066,2298,0.5833211780081645
c_17067,2293,0.5348246003727657
c_1707,2301,0.49146786088840566
c_17077,2302,0.5012782380613332
c_17089,2303,0.5598304531828642
c_17114,2265,0.6205904799277671
c_17121,2301,0.5695219699644354
c_17124,2268,0.5640726225544692
c_17126,1423,0.5468582685304321
c_17136,2302,0.5444018228991588
c_17155,2302,0.5732314131182878
c_17156,571,0.44040849795842646
c_17188,2303,0.5498464630656056
c_17193,2297,0.6433253753118637
c_17199,2304,0.6171624571732245
c_17208,856,0.5813581762988392
c_17213,862,0.5642450670661099
c_17248,2304,0.4176467861994117
c_17250,2301,0.5538786083843565
c_17272,2303,
c_17273,2283,0.6056950991899127
c_17295,2304,0.5440928448660689
c_17297,2302,0.5123344508300172
c_17311,2251,0.574044381326562
c_17312,2300,0.5697640593512574
c_17316,2297,0.6023675249885952
c_17338,1719,0.6123253393476792
c_17363,2302,0.5728701920773482
c_17365,2302,0.4521863165152511
c_17387,2300,0.6240836711299405
c_17397,2303,0.5658135931128807
c_1741,2304,0.5710937814955821
c_1742,2296,0.60568576459345
c_17430,2302,0.5249350962041031
c_17432,2297,0.4999743435854993
c_17439,2284,
c_17444,2301,0.4821165290269376
c_17465,846,0.5831087114956345
c_1747,2298,0.6349326617121103
c_17471,2294,0.6115210592808588
c_17474,2296,0.6198626420391599
c_17475,2300,0.6229319986876095
c_17511,2297,0.49169423120592287
c_17518,2286,0.5529148665869577
c_17520,2292,0.6438768279432453
c_17530,2297,0.5703473394228595
c_17531,856,0.4988845146869522
c_17558,2297,0.502051583893913
c_1757,2251,0.5071997964349343
c_17570,860,0.4346342469629928
c_17591,2302,0.5652378566900857
c_17610,2300,0.5584989839422262
c_17625,2300,0.5959080837981725
c_17632,574,0.5328904262902192
c_17633,2295,0.6465379525251069
c_17664,861,0.5921200067891338
c_1767,2295,0.5685306132322676
c_17679,2281,0.5046745719588255
c_1768,2298,0.5444812038029084
c_17736,2271,0.6375563954673586
c_17752,2298,0.5987594577067858
c_1777,2253,0.4566338570920246
c_17771,2296,0.5813835442897819
c_17776,2296,0.3894198255594242
c_17791,2303,0.5343291366669914
c_17804,2301,0.5276379134451299
c_17812,2302,0.5318247887778155
c_17818,2298,0.5215641073272729
c_17826,2303,0.5657649504335662
c_17837,2283,0.4362085839710631
c_17847,2303,0.5790298531002726
c_17858,2304,0.558246268624693
c_17899,575,0.5378589046781385
c_17904,2300,0.5426135675850876
c_17929,2298,0.5834672094237474
c_17942,2295,0.5252846140240531
c_17953,860,0.5643480010454034
c_17970,2289,0.5739491029364951
c_17979,2288,0.5694883611772054
c_1798,2291,0.5925657626915136
c_18004,2302,0.562979657994811
c_1801,2223,0.5682245035087842
c_18014,2290,0.6372436703650566
c_18021,2299,
c_18027,2303,0.5633282292487345
c_18030,859,0.5792959296684516
c_18057,2294,0.5566597010673384
c_18086,2250,0.4362085839710631
c_18091,2301,0.5800271495250723
c_18104,2303,0.6532975403678285
c_18123,2292,0.6076149216751561
c_18137,2304,0.6331254755492958
c_18138,2293,0.5829094776995535
c_18147,2269,0.5816362056659583
c_18158,2298,0.5080885727996481
c_18169,2294,0.6355975290367953
c_18194,2302,0.5358504421606667
c_18212,2297,0.5584005746347033
c_18217,2283,0.5952346334840191
c_18239,2302,0.5757354339678347
c_18244,2303,0.6290241442982616
c_18250,2302,0.6015133636227731
c_1827,2292,
c_18286,2298,0.4816416597414885
c_18294,2304,0.5949220080986896
c_18299,2300,0.5324551441051104
c_1835,2295,0.5513502811420461
c_18352,2298,0.5232732685301387
c_1836,2303,0.5260392547395609
c_18362,2304,
c_18383,2283,0.5487465521461745
c_1839,2293,0.5676561598731116
c_18406,2258,0.5757453568014294
c_18422,2303,0.6095690819852958
c_18426,2298,0.478096101482378
c_1849,2275,0.5327936330229222
c_18503,2302,0.5297257781861037
c_18509,2235,
c_18512,1725,0.46231325380720495
c_18522,2288,0.48917932725613755
c_18544,2297,0.5825557438331916
c_18548,2303,0.5861503786663698
c_18549,2298,0.6586550183613876
c_18555,2302,0.501827462650791
c_18558,864,0.49665646773795025
c_18581,2292,0.5549373022250332
c_18600,2301,0.5830603898667167
c_18638,2259,0.4494071074126464
c_18645,2302,
c_18677,2301,0.6241435822336343
c_18678,2303,0.6117382661823129
c_18705,2292,0.49394995759615823
c_18728,2301,0.4362085839710631
c_18733,2297,0.5441548357028381
c_18752,2264,0.5770072982709518
c_18753,2290,0.5651106855117682
c_18771,2245,0.5640115808703869
c_18779,572,0.5423953648047121
c_1878,569,0.6494619633107346
c_18781,2300,0.5767775427687897
c_18783,2293,0.5378859301486046
c_18798,2301,
c_18808,2295,0.540842272528965
c_18815,2303,0.5890779746545594
c_18821,2299,0.4792845397817457
c_18830,2295,0.6091887145065853
c_18834,1723,0.5874061756504254
c_18844,2303,0.5553697904832648
c_18852,2290,0.5962365556753759
c_1886,2298,0.5599502388281251
c_18864,2297,0.6057069175256875
c_18876,2302,0.5931343828338814
c_18883,2255,0.5265013545090728
c_18885,2299,0.5602792286079084
c_18901,2297,0.5539772150844718
c_18904,2304,0.5045112464455694
c_18918,2296,0.5924337513136896
c_18943,2276,0.5802672222175819
c_18948,2300,0.5651386223507855
c_18950,2302,0.5495566163689198
c_18960,2262,0.5822890893249387
c_19017,863,0.5232478057699697
c_1902,2271,0.4653355359396749
c_19032,2301,0.6012591791854084
c_19035,2289,0.5529777746101979
c_19117,2298,0.5494973032249276
c_19138,2300,0.47165212305544263
c_1914,572,0.6020157065802467
c_19141,2294,
c_19153,574,0.43433989330649275
c_19169,2299,0.49224512195415465
c_1917,2283,0.5794995195859824
c_19207,2287,0.6416779731570558
c_19208,2288,0.587354927388068
c_19212,2284,0.5104172237593465
c_19292,2303,0.5146424669757692
c_19297,2294,0.5735543513844698
c_19300,2301,0.5282566718625686
c_19317,2299,0.5801401561636872
c_19341,2260,0.582482565942904
c_1935,2300,0.5675856393179103
c_19356,2291,0.6081559796997699
c_19369,2288,0.5460629725710594
c_19374,2300,0.4362085839710631
c_19375,2285,0.5681644667073683
c_19377,2293,
c_19388,2301,0.5068368466181459
c_19390,571,0.5206121607555961
c_19396,2300,0.537219278879304
c_19400,2283,0.5597524131380642
c_19401,572,0.5894283560599464
c_1941,2299,0.5291215821956482
c_19421,857,0.5482923471793555
c_19433,2297,0.5853326747249393
c_19449,2304,0.5128836983846637
c_19457,2275,0.5624254889345017
c_19459,2167,0.5524683565037313
c_19464,2296,0.5842674471597928
c_19492,2293,0.563838963134685
c_19497,2299,0.6377829189081502
c_19525,2302,0.5663939869649197
c_1953,2290,
c_19540,2300,0.5892647017689912
c_19552,2299,0.5117815406815568
c_19572,571,0.4221532477979752
c_19573,2292,0.5193991993823798
c_19588,2302,0.5972832583582844
c_1960,2299,0.5421990667563371
c_19620,2286,0.5669070725761503
c_19628,862,0.5774063913594865
c_19640,2296,0.4917576749126597
c_19646,2263,0.5931985063840903
c_19656,2281,0.5719161904320087
c_19664,2301,0.5773009265223769
c_19666,2301,0.6300192878857317
c_1968,2280,0.5813716081123599
c_19685,2266,0.5893488685177838
c_19689,2288,0.6035669564513828
c_19713,2303,0.45310258509864343
c_19714,2301,0.5272639241327846
c_19715,2302,0.567032538023127
c_19736,2273,0.6158676796414732
c_19737,861,0.5571223231245386
c_19747,2303,0.5718167198232423
c_19748,2302,0.5497561871770662
c_19756,2301,0.5882259877072923
c_19760,2301,0.4956135208968391
c_19769,2296,
c_19770,2298,0.5771150764295859
c_19774,2295,0.5779423417000016
c_19786,860,0.5458812352615072
c_19811,2292,0.5943008547994107
c_19829,2271,0.4362085839710631
c_19836,2297,0.461558066163322
c_19853,2294,0.5830462087059377
c_19855,2289,0.570789508829891
c_19900,2290,0.5708153917414504
c_19912,2299,0.6766754760061265
c_19924,2302,0.6339513175336217
c_19937,2298,0.6340802055515788
c_19957,2284,0.5703140365471553
c_19958,2273,
c_20001,2293,0.5632847453555417
c_20002,2295,0.6631755815557009
c_20018,1432,0.5805543115968848
c_20020,2303,0.555080886786912
c_20031,2299,0.5351011645018289
c_20038,2244,0.5546408848418186
c_20044,2302,0.6040344609476076
c_2007,2299,0.5701326161802114
c_20079,2301,0.5191589949020579
c_20117,862,0.5235183056861126
c_20118,862,0.5943936392301067
c_20145,2281,0.6185096135795428
c_2015,850,0.5655278201403227
c_20151,2301,0.5729836712773575
c_20164,2302,0.5206693644365125
c_20249,2301,0.6113995048146211
c_20260,2289,0.5787117492326121
c_2027,2284,0.5219550070087823
c_20280,2302,0.5787896003666443
c_20301,862,0.5873318619235726
c_20315,2299,0.623545067513205
c_20317,2301,0.5875311861212122
c_20335,2296,0.5393287938238984
c_20348,2298,0.527001308128579
c_20350,2300,0.5994383346296215
c_2037,2303,0.5152455608705686
c_20427,2287,0.6276745472696712
c_20435,2289,0.5957651312341696
c_20444,2300,
c_20488,2293,0.5236467254453883
c_20491,2289,0.4198783652228412
c_20494,2299,0.5578917216397404
c_20503,858,0.5466345462758448
c_20505,2290,0.5515635770352872
c_20539,2290,0.5481766419091046
c_20547,2302,0.6114646372809668
c_2055,2300,0.5218945969127184
c_2057,2299,0.5931156901627799
c_20582,2301,
c_20592,2282,0.4958796837548624
c_2060,2261,0.5945374205638481
c_20602,2300,0.5474627184372404
c_20625,2301,0.5511670151154527
c_20626,2287,0.568621313342507
c_20629,858,0.6066217673373409
c_20645,2290,0.4238110892342849
c_20647,2297,0.5937511993199907
c_20648,2281,0.5113699066842079
c_20656,2294,0.5458255014562834
c_20682,2299,0.6486242120309367
c_20693,864,0.48592515698353284
c_20696,575,0.46405894717745605
c_20699,2298,0.5774726454833649
c_20702,2299,
c_20713,2295,0.641738107029545
c_20728,2300,0.5170450944879054
c_20731,2302,0.6145021797425749
c_2074,2262,0.5871667206377728
c_20740,2298,0.5028066555953495
c_20759,574,0.576376708280253
c_20765,2281,0.5846830449181221
c_20774,2301,0.5012563171563758
c_2078,2304,0.5921714679599184
c_20793,2289,0.5711247912489739
c_20846,2302,0.581861102444922
c_20895,2296,0.598284677842797
c_20906,2303,0.4583833601850528
c_20948,2300,0.5528816644650194
c_20951,2298,0.5030200034646132
c_20954,2302,0.5969256069048556
c_20966,2286,0.6075910446200543
c_21,2301,0.6152512295975826
c_210,2302,0.4324440082720032
c_21051,2296,0.5166338051629482
c_21093,2293,0.4609979546950548
c_21095,2301,0.521569098087479
c_21150,2280,0.5712002214380824
c_21159,2298,0.5295423126751252
c_21173,852,0.5911517227203338
c_21175,2293,0.5524754158931978
c_21183,2304,0.5785094276380077
c_21193,2298,
c_21205,2302,0.5565022241749255
c_21214,2300,0.5060331374087157
c_21225,2275,0.6016406213478882
c_21232,2299,0.6412582525902436
c_21233,2303,0.5676380354668715
c_21252,2269,0.5634062596801215
c_21268,2299,0.5065028153243878
c_21283,2279,0.5300493348112911
c_21290,2291,0.5890092324814554
c_21292,2300,0.4863550119571888
c_21301,2303,0.5480868466329741
c_2132,2300,0.6002607969514172
c_21330,2282,0.47458994421616835
c_21345,858,0.49653410428860184
c_21353,2300,0.5867436926841264
c_21356,2302,0.595504040206415
c_21393,2287,0.5823065253070596
c_21396,2302,0.6125661098052414
c_2140,2303,0.598565656338525
c_21427,2285,0.553551669319396
c_2144,2289,0.5081186773845814
c_21444,2288,0.6041278921582741
c_2146,2294,0.5153802416091623
c_21460,2303,0.5829168075229753
c_21473,2298,0.5305194618208408
c_21490,862,0.6607098897516678
c_21491,2299,0.5086492440517716
c_21493,857,0.6011996065498382
c_21494,2303,0.6661904900786754
c_21498,2295,0.6378522864274346
c_21543,2250,0.6194345941550737
c_21560,2292,0.544580966178461
c_21563,2297,0.5581373940080232
c_21567,2295,0.592120261724002
c_21577,2302,0.5102890085776547
c_21621,2300,0.528549159258783
c_21655,570,0.6142253579071612
c_21658,2297,0.5935251662950709
c_21675,2292,0.5745083250094147
c_21679,863,0.5601142810652545
c_21724,2301,0.5214406738029702
c_21749,2285,0.5990242074943206
c_21775,2303,0.5821383868769392
c_21783,857,0.5113473902873135
c_21813,1135,0.6939522026189148
c_21817,2294,0.48686171897256053
c_21820,2296,0.5485652635113935
c_21826,570,0.5156624985336862
c_21835,2262,0.6446721558341871
c_21850,2285,0.49249540254635615
c_2186,2301,0.5902112929635785
c_21872,2298,0.5379881271476225
c_21884,2286,0.5744979939441452
c_21900,2276,0.6206398208384385
c_21902,2296,0.564318491947639
c_21927,2295,0.5707887914291057
c_21933,2302,0.554999189039864
c_2194,2281,0.6263307759985831
c_2195,2294,0.5032270319186052
c_21950,2282,0.45041297640336303
c_21979,2279,0.5172898969150536
c_22016,2283,0.6184804902293496
c_22017,2293,0.5242390026560192
c_22020,2291,0.609227293785347
c_22021,2254,0.4845296557180036
c_22025,2299,0.5797773591095126
c_22044,2302,0.5992100861104483
c_22048,2239,0.6548757496515524
c_2205,2304,0.5485479631606857
c_2209,2289,0.5682336983294588
c_22095,2295,0.6337760241067453
c_22098,2301,0.5612835063754463
c_22104,2303,0.51895760468869
c_22119,2300,0.6292457098724776
c_2212,2257,0.554566582653037
c_22124,2290,0.5653221073805135
c_22142,2288,0.5505945718549256
c_2215,2291,0.48204341344621193
c_22160,2304,0.5013467112256876
c_22181,2300,0.5412911187216233
c_2219,2302,0.6231776085654833
c_22204,2299,0.5688756694732842
c_22213,2275,0.456609907230575
c_22226,2300,0.5332900746145355
c_2223,861,0.5925688941263713
c_22244,2301,0.5873842350047542
c_22253,2298,0.5644893689614482
c_22256,2291,0.5824374244180691
c_22262,2296,0.5495182032188368
c_22266,2294,
c_22276,2273,
c_22279,2287,0.5226132498485779
c_22280,2303,0.5647282363900468
c_22291,2292,
c_22313,2304,0.5312028012323801
c_22324,2278,0.6093292129088241
c_22336,855,0.5622108306645124
c_22342,2296,0.5240697763139371
c_22345,2252,0.5747553888761601
c_22347,2303,0.48100138317002505
c_22359,2301,0.4925456639631704
c_22385,2289,0.5804022841458935
c_22414,2299,0.5593551851948695
c_22438,2284,0.4457920561589487
c_22442,2302,0.5827022128266371
c_22450,2296,0.6714581126050946
c_22452,860,0.5846275353711774
c_22468,569,0.4751235261007368
c_22477,2288,0.5466092114370311
c_22478,2301,0.595305837004145
c_22479,2283,0.5836067983289502
c_22483,2301,0.604771599665596
c_2249,2303,0.5538501980462163
c_22493,862,0.5348429244660446
c_22500,2294,0.49436556435758067
c_22514,2256,0.612440662977103
c_22522,2271,0.5311810112891067
c_22543,858,0.5455539015056702
c_22547,2300,0.5860023670375741
c_22563,1144,0.5595326674017775
c_22581,2275,0.5605097268408272
c_22583,2292,0.5650936518289255
c_22593,2298,0.48357776343091197
c_22629,2286,0.5946059606736614
c_22640,2296,0.5887509646096862
c_22641,2296,0.43018091334956277
c_22667,2297,0.49972033308373665
c_22721,2301,0.633835231732401
c_22754,2285,0.5495544113743364
c_22758,2297,0.5906537675167802
c_22765,2298,0.5611698347260556
c_22768,2300,0.5346075065771337
c_22776,2300,0.6305733397864932
c_22793,2299,0.5722456967546002
c_22801,2290,0.6483534968970945
c_22842,2297,0.5610381999672085
c_22899,2302,0.5217046720609809
c_22901,2287,0.5965882611286134
c_22912,2302,0.5972418011680906
c_22917,2295,0.6011249882761045
c_22921,1438,0.5214386435525082
c_22931,863,0.5499237958502187
c_22933,2303,0.6072149457870694
c_2295,2295,0.5553802654034378
c_22951,2285,0.6064373817205292
c_2298,2299,0.5748207060384299
c_2301,1417,0.5704487561911358
c_23023,2299,0.4813513048322707
c_23028,2273,0.5412022538328588
c_23033,2294,0.5098150220059974
c_23037,2301,0.5876422875228186
c_23051,2287,0.5620215648647712
c_23062,863,0.5110437616043112
c_23078,1149,0.56276027997613
c_23080,2290,0.5440878898657723
c_23085,2283,0.5280225848581721
c_23100,2272,0.5712271166803705
c_23122,2300,0.6071617527029228
c_23130,2293,0.44640032746876135
c_23147,2297,0.5366129056708199
c_23151,2277,0.5669403674345014
c_23152,2292,0.5445886239454972
c_23157,2299,0.3894198255594242
c_23162,2297,0.5418659803029598
c_23180,2295,0.5241153292113238
c_23181,2248,0.5690405872281926
c_23185,2297,0.5753618385833155
c_23206,2202,0.5651928089694661
c_23212,2296,0.5948115410333893
c_2322,2303,0.5862270710794375
c_23237,2281,0.4362085839710631
c_23244,2269,0.6385849645285011
c_23249,2294,0.5659453999761969
c_23257,2297,0.5819868386853901
c_23258,2288,0.5637532027377243
c_23271,2257,0.5034853468743274
c_23275,2300,0.5647057882771495
c_23278,2296,0.6052851992082467
c_23291,2304,0.6139751550378304
c_23299,2295,0.654679092826519
c_2332,2290,0.4408457882319364
c_23320,2281,0.5773814728788831
c_23328,863,0.4790002268445819
c_23343,2293,0.6185103034978805
c_23347,2297,0.5443246769999676
c_23367,2292,0.5657070653874412
c_23368,2302,0.56283011867603
c_23392,2300,0.544484084177065
c_23416,862,0.5690231271629798
c_23430,2300,0.4888735812236284
c_23437,2267,0.4701446334904266
c_23439,2292,0.5652263824071807
c_23452,2301,0.47352832061896805
c_23464,2301,0.583258223982841
c_23493,2294,0.5748199917597987
c_23518,2271,0.46201123219084067
c_2352,2293,0.5707955588752811
c_23520,575,0.5605309455535462
c_23524,572,0.4739606825254622
c_23526,2302,0.6795692656906309
c_23530,2304,0.5458302133855384
c_23547,2303,0.5637122744199692
c_23549,850,0.4512452157947263
c_23556,2295,0.5742464391736636
c_23561,2294,0.4827303390187689
c_23576,2290,0.4857116511814204
c_23593,2297,0.589803704329526
c_2362,2286,0.5812995985470886
c_23626,2298,0.5235929689373175
c_23639,571,0.6216627820933573
c_23655,848,0.5230204942077114
c_2366,2291,0.6361243851856714
c_23666,2297,0.5075287686497888
c_23673,2287,0.5864749692492245
c_23679,2303,0.5791277916248603
c_23687,2299,0.577599004351299
c_2370,2267,0.5901020746521569
c_23701,2293,0.5721175643627925
c_23723,2302,0.5604433863820724
c_23746,859,0.5238524017639389
c_23748,562,0.5664474033569875
c_23751,2295,0.5966063782995805
c_23771,2287,0.6564295399682125
c_23783,2301,0.6114243391031831
c_23787,2281,0.6644152928368445
c_23790,2303,0.576839826792382
c_23791,2288,
c_23838,2300,0.5842551205326658
c_23881,2299,0.578969795250611
c_23889,2304,0.6037267642521402
c_239,2253,0.5395278852956873
c_23915,2294,0.43348465996858765
c_2394,2279,0.4428316503336354
c_23955,2298,0.5044888812820568
c_23957,2295,0.5811273817858963
c_23971,2301,0.4556326688326074
c_23992,2297,0.5563647149775314
c_24000,2302,0.5254968373893748
c_24003,2290,0.5981301345648258
c_24022,2297,0.5334076788857527
c_24038,2294,0.5316817406255893
c_24049,2301,0.5816868518222479
c_24053,2284,0.5632691313078646
c_24062,2285,0.6074821277288461
c_24064,2286,0.588772704430004
c_24078,2297,0.5132576859569803
c_24079,2301,0.5386725169245563
c_24081,2303,0.5616616977809433
c_24085,2298,0.5783387323531001
c_24091,2302,0.5688094316927244
c_24100,2243,0.5806005716522141
c_24102,1435,0.6103875265793824
c_24118,1141,0.43205078633495125
c_24130,2278,0.5788281260762674
c_2414,2294,0.4750076408960212
c_24150,2303,0.5497198969881025
c_24190,2286,0.5367414576324485
c_24193,2300,0.6180096411570073
c_2420,2297,0.4823529774838172
c_2422,2296,0.5825576678240896
c_24222,2299,0.5787125179909693
c_24269,2300,0.5896990442004236
c_2429,2297,0.554515339544332
c_24300,2294,0.5330602663534888
c_24323,2276,0.4530429826624932
c_2434,2094,0.5877010959784762
c_24345,2299,0.6873259229018379
c_24391,2301,0.4969371996888928
c_24398,2301,0.5912971348787016
c_24441,860,0.5912849066898627
c_24442,2292,0.5633242479307664
c_24453,2285,0.5295517916660396
c_24459,2301,0.5526798832071702
c_24464,2289,0.5813910787478908
c_24465,2301,
c_24547,2297,0.510268383970786
c_24550,2304,0.5673150165287202
c_24561,846,0.3430143694919796
c_2459,2255,0.5532922825493553
c_24593,2299,0.5428542235961323
c_24596,563,0.4317315949580357
c_24609,2270,0.5252970480224801
c_24635,2296,0.548658340200657
c_24648,2243,0.5765472588406279
c_24661,2301,0.5861333754140093
c_24701,1430,0.557011251236345
c_24716,2276,0.5950538006387831
c_24723,2303,0.6402562972103484
c_24745,2256,0.5448311532429364
c_24770,2303,0.5693711644864824
c_24812,2291,0.5466740701992301
c_24819,2278,0.5597992017784399
c_24834,2279,0.5772861548242147
c_24842,2304,0.5103810594763513
c_24849,2297,0.5738675394625681
c_24853,2301,0.5539485210387647
c_24855,2301,0.6054136577346985
c_24856,2285,
c_24858,2296,0.6670547573676281
c_2486,2301,0.4362085839710631
c_24864,2300,0.5517400102541092
c_24871,2302,0.5565724213148332
c_24887,2268,0.56072971365065
c_24897,2297,0.3894198255594242
c_24931,2303,0.5447012642762973
c_24943,862,0.5722676347855244
c_24958,819,0.5765321312209999
c_24964,2298,0.6444098876086024
c_2497,2303,0.5806318012037124
c_24987,2303,0.5259756154267464
c_25003,2280,0.5051830177297685
c_25030,2293,0.5830651669364373
c_25033,2297,0.6112702639638375
c_25039,2273,0.5124605441255583
c_25052,2303,0.3894198255594242
c_25053,2298,0.5555093866914125
c_25068,2279,0.564329703601868
c_25075,2281,0.6057697767258755
c_25099,2303,0.6355374265652491
c_25106,2294,0.6454929865836206
c_25111,2281,0.5339522844859721
c_25125,2296,0.6336226205686999
c_25140,429,0.46586471897729365
c_25144,2279,0.5458958006006603
c_25146,2295,0.49379304993334144
c_25148,2289,0.6366302683528928
c_25161,2299,0.5346324857606565
c_25172,2301,0.6221076390439139
c_25175,2294,0.5455914253069177
c_25211,2302,0.5640900949142786
c_25212,2293,0.5413375449300686
c_25234,2294,0.604432579438121
c_25238,2297,0.6593002743257259
c_25244,2301,0.5088159171954768
c_25246,2277,0.6018663233376689
c_25250,2300,0.4809183278460453
c_25262,2304,0.6305464436919774
c_25277,2299,0.5759657937475053
c_2528,2288,
c_25285,2302,0.6209018075660532
c_25290,2285,0.4362085839710631
c_25306,2296,0.5782801754387187
c_2531,2274,0.5997935197311947
c_25340,2292,0.5566207186304895
c_25344,2295,0.5585397353732717
c_2537,2303,0.5373121525174793
c_25370,2300,
c_25378,2300,0.5529608500978996
c_25380,2301,0.5140868869965002
c_25393,2289,0.5723229218259898
c_25441,2279,0.5984120423118142
c_25457,2301,0.5628936224680648
c_25472,2298,0.5968532252869632
c_25484,2299,0.657221298435724
c_25503,2290,0.604761120773878
c_25504,2298,0.5891877008715446
c_25509,2292,0.5720269127641698
c_25521,2281,0.560066174594323
c_25534,2303,0.6067306254635607
c_25543,2298,0.5924829939023329
c_25588,2303,0.5450575426454628
c_25598,2301,0.6431763207184842
c_25610,2301,0.49964429483845163
c_25653,858,0.551914562575941
c_25661,2297,0.6200826769637329
c_25682,2287,0.5272957321133684
c_25694,2304,0.49823003647910735
c_25719,2297,0.5298872320729108
c_25742,2297,0.5524733856227906
c_25749,864,0.5738789028690208
c_25774,2303,0.5590544961850268
c_2578,2299,0.6272457947055716
c_25781,2284,0.6285757148766636
c_25785,2295,0.5862695294809153
c_25820,2302,0.6077781147457962
c_25857,2285,0.5873696178922548
c_25864,2302,0.47060026324950927
c_25877,1439,0.5374071196806152
c_25879,2270,0.659218956680485
c_25884,2294,0.5691003075874089
c_25888,2292,0.5776746491809832
c_25891,2277,0.5680658567086736
c_25896,1919,0.6268692148585162
c_25903,2300,0.6049462784324392
c_25911,2302,0.5462837556706696
c_25927,860,0.5559576639466847
c_25931,1992,0.599497263000825
c_25939,860,0.59951401598332
c_2597,2300,0.5922242866985522
c_25970,2298,0.6878355919047089
c_25994,2299,0.5629060660950278
c_26008,1719,0.5686309929232407
c_26010,2300,0.5537207003298161
c_26030,2301,0.614972222434377
c_26039,2297,0.6489173182899122
c_26040,2298,0.5742857967105197
c_26056,2288,0.5919855324244
c_26061,2298,0.5200410056998465
c_26066,2302,0.52405158588696
c_26073,2304,0.4720586436136652
c_26085,2299,0.5055931993425453
c_26122,2298,0.5634236081308942
c_26124,2300,0.6028242894617377
c_26126,2285,0.6069820047815359
c_26135,2275,0.6134477644846774
c_26138,2298,0.5894599289288348
c_26139,2301,0.5399504387839252
c_26193,2297,0.6346722265124926
c_26235,2298,0.6524784391968339
c_26246,2298,0.593654728790953
c_26248,2296,0.5675713611539422
c_2625,2300,0.5630365227282643
c_26272,2301,0.5920696135941228
c_26281,2301,0.66978904357893
c_26288,2300,0.5170088200042154
c_26289,2283,0.5585203565606922
c_26294,2297,0.6800573411572384
c_26306,2303,0.546083072546696
c_26325,2300,0.6024713710685753
c_2633,2301,0.5997806907289256
c_26333,2283,0.6360241971512866
c_26338,2296,0.6135228146279053
c_26339,2251,0.571617602085079
c_26344,851,0.5239382118301735
c_26345,2300,0.5821002927797148
c_26393,2295,0.5731217308961002
c_26398,2297,0.6199823518772521
c_26406,2298,
c_2641,2302,0.5381474474684019
c_26452,572,0.4872814287571275
c_26494,2259,0.650965276191649
c_26499,2207,0.6199916890878356
c_2651,2282,0.5936332051323402
c_26557,2299,0.5648559100667402
c_26570,2279,0.3999430808335253
c_26573,2290,0.5597430446589375
c_26575,2299,0.4915775564219728
c_26576,2303,0.6130746579087424
c_26609,2288,0.5551451444566693
c_26622,2299,0.5288393948622555
c_26623,2285,0.6283590046942986
c_26633,2291,0.5870427982192694
c_26653,2235,0.5848771768258663
c_26663,2297,0.53404410120085
c_26667,2297,0.5947812607889198
c_26675,2298,0.5464197879649294
c_26677,2293,0.5509047551386894
c_26678,2282,0.5744065313594018
c_26696,2276,0.6474344405169478
c_26704,2296,0.5919009298749367
c_26723,2284,0.5463940249843474
c_26725,2296,0.6119850365751897
c_26732,2296,0.6443154779874818
c_26745,2293,0.5998395903235996
c_26751,2286,0.5301830949931527
c_26772,2298,0.5493558087921498
c_26780,2293,0.5876117599326582
c_26789,855,0.47901467204571235
c_26794,2296,0.5723529027962048
c_268,2300,0.5269176495616
c_26803,2294,0.5816403431263253
c_26809,2295,0.4879369755475572
c_2681,2299,0.5477844000195681
c_26816,2288,0.5738137816933906
c_26834,2297,0.5980390084421656
c_26855,2288,0.46789525499395557
c_26858,2302,0.6016830974571292
c_26865,859,0.342659713153547
c_26872,2301,0.5136384139071952
c_26877,2264,0.535760714505269
c_26878,2293,0.5401786818996235
c_26887,2298,0.5242592753902867
c_26888,2248,0.567329745737028
c_269,2224,0.5992213952439625
c_26942,2302,0.5719659551218137
c_26961,2297,0.6043348090317944
c_26963,2296,0.5229595398253466
c_2697,2300,0.6393746781572426
c_2698,2292,0.5988181657976551
c_26983,2269,0.46484016186089155
c_27002,2299,0.5629682829758306
c_27016,2299,0.5372736984859686
c_27025,2303,0.5762165279877962
c_27032,2281,0.529274917549972
c_2706,2300,0.5960178151498117
c_27064,2303,0.48861669690131687
c_27068,2301,0.6497595676196822
c_27104,2297,0.5144223300932268
c_27118,2300,0.5177322325546904
c_27149,2279,0.5566227304489514
c_27150,2295,0.5006400707169418
c_27151,2292,0.6443146893953792
c_27156,2300,0.5813559989075526
c_27187,2303,0.5209222032818
c_27193,2294,0.582979272594113
c_2720,2288,0.5919648438835995
c_27201,2290,0.6049884758113864
c_27213,2302,0.5781161158841208
c_27220,2282,0.5106850689925079
c_27224,2302,0.6393567851270874
c_27231,2298,0.5902792496161032
c_27280,2303,0.5831508458598388
c_27282,2293,0.530002177722604
c_27288,2296,0.5442596057820768
c_27324,2298,0.5457537297875619
c_27336,2288,0.5425368302431346
c_27362,2295,0.3894198255594242
c_27369,2266,0.5596517334343261
c_27391,2292,0.6338189056964219
c_27413,2301,
c_27431,2264,0.6226250223726157
c_27436,2303,0.48624026367978396
c_2744,2301,0.5706603381063374
c_27450,2284,0.537728854160586
c_2746,2300,0.5359812468571253
c_27461,2297,0.530736036975719
c_27462,2300,0.5843769173675532
c_27463,1436,0.5705764696327467
c_27481,2302,0.5104792969219429
c_27502,2301,0.5291204054167868
c_2754,561,0.5538679545619954
c_27542,2281,0.5508749338734512
c_27548,2293,0.5991484962221858
c_2755,2298,
c_27550,2302,0.5753748657793174
c_2757,2292,0.541632707065331
c_27572,2298,0.5679961998795108
c_27586,2280,0.5272764039028486
c_27603,2294,0.5918345957124456
c_27608,2251,0.5731903133840456
c_27611,2292,0.5819979119342862
c_27621,2280,0.5812286448885323
c_27640,2301,0.5801860138436111
c_27650,2290,0.5524309757509552
c_27654,2299,0.507624446100741
c_27672,2228,0.3894198255594242
c_27689,2293,0.5925385011575713
c_27703,2257,0.572772317993486
c_27724,2286,0.621573241776324
c_27734,2009,0.4858597953229472
c_27736,2303,0.6121894205607048
c_27754,2303,0.6434798594781073
c_27755,2299,0.6094309455785455
c_27761,2300,0.5660542060778957
c_27763,2288,0.6159729151810647
c_27770,2300,0.6673695617940815
c_27771,2302,0.61237260443377
c_27779,2297,0.6303452826052841
c_27847,2298,0.5544869968213336
c_27869,567,0.5526453560292469
c_27872,2302,0.5326747745698525
c_27904,2302,0.5686452974847025
c_2792,2301,0.5936309709857528
c_27922,2302,0.5577652782525775
c_27960,2295,0.5786073310739472
c_27974,1434,0.47164270624844923
c_27977,2303,0.5816285347309028
c_28003,1431,0.6015015377849646
c_28019,2299,0.5088543956738394
c_28033,2303,0.5005100002654193
c_28056,2303,
c_28067,2289,0.44535727865046626
c_28072,2299,0.5474651128455341
c_28077,2298,0.5006825303772248
c_28083,2298,0.5051830177297685
c_28099,2303,
c_28100,2015,0.5000052159922759
c_28101,2303,0.3894198255594242
c_28129,2254,0.5447776828517797
c_28141,2284,0.5103566897304758
c_28185,2304,0.4649201436118218
c_28189,2220,0.6498477354791112
c_28194,2300,0.5053138205043954
c_28225,2294,
c_28239,2299,0.5423392011585324
c_28240,2287,0.585990146726887
c_2830,2288,0.5635961952165941
c_28317,2302,0.5549897996899285
c_28319,2301,0.5628420166773516
c_28329,2279,0.595999803933664
c_28345,2303,0.3894198255594242
c_28373,2299,0.5347162817674262
c_28405,2303,0.5464818493085394
c_28415,2302,0.5672726015837176
c_28423,2301,0.3894198255594242
c_28424,862,0.5161180732329147
c_28426,2290,0.5036580579709955
c_28430,2281,0.5656643140068925
c_28434,2297,0.5640568708426539
c_28477,2302,0.5808230961350552
c_28485,2296,0.580943647036982
c_28499,862,0.49166910376598993
c_2850,2300,0.5474726938038323
c_28518,2267,0.5569300544189746
c_2852,2283,0.5729253309927644
c_28561,2301,0.5703159676775112
c_28585,2303,0.45376303882419977
c_28597,2295,0.5973155252418922
c_28603,2301,0.5683631379305325
c_28611,2300,0.5027201032675931
c_28613,2282,0.4576894479362398
c_2865,2300,0.6447128395501714
c_28657,2279,0.5421419386870752
c_2868,2266,0.584800174115387
c_28680,2297,0.5250162756267045
c_28699,860,0.5903097934724094
c_28720,2300,0.5642893449528302
c_28726,853,0.5170080975576038
c_28727,2288,0.5276390376256829
c_28731,2293,0.5983578084239259
c_2874,2302,0.6145130753511086
c_28745,2280,0.5969672805252292
c_28754,2304,0.5780633346154674
c_28796,2300,0.5686382971670157
c_28818,2291,0.5621605445795946
c_28826,2303,0.5731719383858004
c_28838,2294,0.5833895790695754
c_28839,2297,0.5614091371807776
c_2885,2304,0.5912926790852769
c_28851,2304,0.5986538740927563
c_28863,2286,0.6219844654403391
c_28864,2301,0.5580738236167507
c_28883,576,0.6984949083398029
c_28922,2274,0.5547959713823252
c_28926,2300,0.5581015579430638
c_28927,2302,0.6355082338630128
c_2893,2297,0.5636872556598825
c_2895,2303,0.6130781548584144
c_28966,2284,0.5090783289484527
c_28983,2261,0.5910784620908879
c_28985,2301,0.5441444336273222
c_28986,570,0.49849129008537124
c_28987,2260,0.5752828472566345
c_29017,2285,0.5558020957041861
c_29021,2284,0.5464791059894009
c_29022,2229,0.6269575204238862
c_29026,2279,0.6794541310489094
c_2903,2300,0.513488896075798
c_29046,2302,0.5497790393712783
c_29049,2296,0.5951046304893436
c_29082,2300,0.6608686020108093
c_29097,2295,0.5324753443636278
c_29175,2301,0.5199459442701868
c_29179,672,0.5485909068252102
c_2918,2294,0.5646145541517209
c_29184,2288,0.5600308819170703
c_29202,2296,0.44546346313808777
c_29218,2295,0.62748681159311
c_29225,857,0.4291023296539986
c_2925,2302,0.6111462685557261
c_29253,2296,0.5575729015353419
c_29258,2300,0.5288764718597037
c_29270,2295,0.5827072452642414
c_29277,2273,0.5916430663999153
c_29287,2301,0.5590947309991484
c_29305,2263,0.5761070348515294
c_29308,2298,0.5683253814932208
c_29323,2302,0.5379230452460677
c_29333,2281,0.5600278582632346
c_29350,2299,0.5527013940396497
c_29353,2300,0.5502009962936523
c_29359,862,0.5508998751133326
c_29362,2293,0.44916059700493594
c_29363,2278,0.5572724735998394
c_29433,2301,0.594510617952307
c_29436,2301,0.5946236260225644
c_29453,2300,0.5746603848927226
c_29466,2271,0.490440461531305
c_29480,2299,0.5613050514278725
c_29501,2296,
c_29505,2291,0.5992211308505656
c_29515,2291,0.48485446732187704
c_29522,2271,0.5493020693867819
c_29538,2297,0.5227512018962904
c_29546,2280,0.550985560402328
c_29550,2299,0.606147820024963
c_29575,2296,0.48050709869228736
c_29576,2291,0.5602829838071788
c_29595,2294,0.49809599292889645
c_29622,2281,0.534517349545824
c_29623,849,0.5005270754322263
c_29643,2298,0.5108608152688698
c_29659,2303,0.43617845311615233
c_29677,2001,0.4238106025008948
c_29678,2297,0.5365414161709592
c_29683,2299,0.5657489179007541
c_29690,2243,0.5908527680122139
c_29699,2301,0.4911778060984632
c_29727,2303,0.5804640384128115
c_29736,863,0.6045213997988648
c_29768,2289,0.5139083360357278
c_29781,2304,0.5566711041447077
c_29783,2282,0.49200658815884374
c_29787,2268,0.5752470426702914
c_29814,2298,0.663732014825579
c_29846,2299,0.5915537217707821
c_29874,2300,0.5884399050910809
c_2988,2299,0.6411491991025294
c_29889,2300,0.5505240271681854
c_29903,859,0.5850076788439924
c_29924,2297,0.5054227958434151
c_29935,2303,0.5729293927817247
c_29965,858,0.5698263094076401
c_29981,2272,0.5753539713697698
c_29985,2296,0.6301313161160448
c_30020,2298,0.635345003130095
c_30028,2297,0.5639633337128436
c_30046,2299,0.45227815685087425
c_30047,2298,0.5946618639828822
c_30048,2294,0.5293511623632906
c_30054,862,0.526326328394136
c_30068,2301,0.5054358360731714
c_30069,862,0.6020224851387296
c_30098,2301,
c_30109,2301,
c_30163,2300,0.606285962299699
c_30174,2225,0.5607503679471195
c_30179,2300,0.604393054854181
c_3019,2270,0.4892820147996186
c_30199,2297,
c_30205,2302,0.4362085839710631
c_30222,2280,0.5810726232753582
c_30232,2297,0.5416006804140778
c_3026,2292,0.5733965195454827
c_30273,2230,0.575655823252783
c_30283,572,0.3956114096185764
c_30291,2302,0.5924820800864108
c_3034,2298,
c_3035,2291,0.5313833016004527
c_30355,2301,0.5123196501005978
c_30364,2301,0.5601975688336143
c_30373,2290,0.584010578824656
c_30403,2302,0.3894198255594242
c_30413,2299,
c_30427,2281,0.3894198255594242
c_30476,2249,0.5874520531066981
c_30477,2279,0.6236988603604262
c_3049,2246,0.5981107475842999
c_30501,2289,0.567899898690752
c_30503,2299,0.6194647161843946
c_30521,2298,0.5686177863335057
c_30524,2278,0.493823042646216
c_30530,2235,0.5960934133752933
c_30545,2299,0.5327181877680074
c_30546,2295,0.6511302244946946
c_30557,2302,0.6021853325030692
c_30574,2297,0.6094950145690043
c_30585,2301,0.5971742123073623
c_30598,2283,0.5806624345917857
c_30618,2302,0.6115983301740616
c_30619,862,0.5408439843595937
c_3062,2283,0.5721500056207259
c_3064,2302,0.47779164786807327
c_30641,2281,0.48739929105443613
c_30679,2301,0.6160763777470445
c_3069,2288,0.516872411772677
c_30702,2302,
c_30730,2301,0.5806603651817747
c_3074,2300,0.5659345389812249
c_30744,569,0.5807518943496909
c_30765,2295,0.5914765798124644
c_3078,2303,0.5243898470099306
c_30781,2298,
c_30801,2274,0.5623173991365596
c_30811,2289,0.4064658136771244
c_30818,2299,0.4470868424989099
c_30851,2303,0.5231457117222335
c_30861,2265,0.5675727972611897
c_30876,2284,0.44270269558965664
c_30880,2302,
c_30885,2288,0.5740298388239148
c_30886,2293,0.5528105618535735
c_30896,2297,0.5421059775090977
c_3090,574,0.5109756354463726
c_30950,2299,0.5080823753459209
c_30959,2291,0.549428088760476
c_30961,2302,0.5641277351239101
c_30970,573,0.5051830177297685
c_30973,2300,0.5692187182380241
c_30985,2300,0.5986185003744686
c_30999,861,0.527728330995503
c_31,858,0.5099383485720538
c_31004,2302,0.5818047314294414
c_31011,2295,0.5591265877396214
c_31037,2296,0.5742939548563568
c_31058,2293,0.5278013813403227
c_31073,2300,0.5628414886776253
c_3110,2296,0.558197521296223
c_31125,2276,
c_3113,2268,0.6348026102815594
c_31139,2262,0.5732997570827532
c_31144,858,0.5548442784123695
c_31147,2259,0.5549434290002337
c_3115,2296,0.4732555590921893
c_31150,860,0.572658249908495
c_31166,2302,
c_31177,2291,0.5103625585957262
c_31188,2287,0.6976492564790044
c_31196,2300,0.6038949328276034
c_31209,2292,0.5642764332569322
c_31224,2300,0.5901562968583726
c_31249,2302,0.5330398590967778
c_31254,2293,0.4804077562964318
c_31291,2299,0.5093563891542697
c_3130,2301,0.567073454237202
c_31313,1440,0.614263193061589
c_31348,2300,0.48475013869235967
c_31352,2262,0.5060832778101977
c_31362,566,0.5109226399639129
c_31414,2299,0.5936137388790074
c_31416,2300,0.490133213371795
c_31425,2303,0.6322181213844992
c_3143,2298,0.4198783652228412
c_31435,2298,0.4198783652228412
c_31446,2301,0.5619151981541521
c_3146,2274,0.4362085839710631
c_31469,2303,0.5974631118659922
c_31501,2299,0.6376508902143907
c_31504,2294,
c_31507,2302,0.3894198255594242
c_31515,2293,0.5724256121500658
c_31547,2302,0.5555153292072436
c_31556,2297,0.6784280496422695
c_31590,2303,0.6132157672138733
c_31595,2299,0.5440067651797691
c_31605,2291,0.5568127480544505
c_31607,2302,0.6162478968616427
c_31614,2298,0.5985172266763644
c_3164,2302,0.6022567664702673
c_31645,2292,0.5860220715442657
c_31654,566,0.42897386806117094
c_31658,2291,0.6128824309066557
c_31690,2297,0.440690893642389
c_31701,2304,0.5243957996052714
c_31714,2304,0.5220692848442775
c_3173,2275,0.5991368267090567
c_31738,2302,0.5251173299738319
c_31755,2297,0.5892181581009039
c_31773,2288,0.5929207843988074
c_3179,2296,0.5902843613608278
c_31797,2296,0.5512753526599807
c_3180,2299,0.5934339370012643
c_31800,2303,0.5623326469315971
c_31833,2284,0.5712319312972046
c_31874,855,0.5097921333007787
c_31880,2298,0.6202854532342946
c_31887,840,0.5303166817145128
c_31892,2294,0.5958830020744551
c_31904,2278,0.595739201211931
c_31934,2293,0.5793069733470263
c_31938,2303,0.5144042366733149
c_31949,2296,0.6083887140347463
c_31950,2299,0.4958852407779485
c_31970,2288,0.5203088959244205
c_31977,2294,0.6346025428879694
c_3198,2299,0.5190048668473308
c_32,2292,0.5145774661668759
c_32000,2301,0.6122543179233615
c_32008,2298,0.3894198255594242
c_32014,2291,0.5570352697446361
c_32018,2302,0.5805216997738378
c_32056,2296,0.5553809674885858
c_3207,2287,0.606703293004137
c_32085,2288,0.5065631885560707
c_32089,2293,0.5624568117030899
c_32113,2301,0.600522323690934
c_3214,2297,0.5033068416646989
c_32146,2290,0.5325443527552948
c_32156,565,0.6409822064326373
c_32182,2284,0.5700371923901566
c_32186,2263,0.573864650543231
c_32188,2301,0.5685370017955055
c_32190,2285,0.6727856157316127
c_32223,2274,0.5596465189464176
c_32273,2297,0.48925745775371254
c_32274,2290,0.6176791576888693
c_32276,2281,0.6209177537721159
c_32280,2291,
c_32285,2299,0.5713323129334863
c_32299,2300,0.6226905821489708
c_32314,2281,0.555960735115464
c_32325,2296,0.5951755160312199
c_32349,2299,0.4353356276305506
c_32358,2297,
c_32368,2300,0.5767305316535064
c_32382,2296,0.4401251631200099
c_32388,2300,0.5914619880783195
c_32411,2301,0.6498459313676502
c_32423,2302,0.572478202738131
c_3245,2278,0.5841965819558537
c_32486,2303,0.6174899980656681
c_32516,2299,0.587740682949739
c_32529,571,0.44152810767980705
c_32562,2300,0.5310538730854862
c_32568,2299,0.5108286253595478
c_3257,2304,0.5302893728632924
c_3258,2302,0.538642517838482
c_32647,2298,0.5484359070638262
c_3265,2301,0.5405449677107474
c_32659,2300,0.5614207644059762
c_32662,858,0.5491485129083382
c_32665,2263,0.5588277315335763
c_32666,2299,0.5905130787921179
c_32671,862,0.6060628460043546
c_32673,2285,0.5900299066999289
c_3270,2303,0.5482358956094577
c_32700,861,0.5214074961200165
c_32714,2297,0.5851352568292538
c_32720,2302,0.5044522160047569
c_32738,2285,0.6265752063545906
c_32764,2292,0.5546456791000391
c_32798,2269,0.5980349911998066
c_32821,2281,0.5167266130605127
c_32827,2298,0.6255333759282885
c_32832,861,0.5619058265810694
c_3284,2301,0.6172078073188401
c_32844,2303,0.6004617006699939
c_32846,2295,0.6115222105293852
c_32847,2302,0.5609974453469704
c_32911,2303,0.5519537324812217
c_32920,864,0.5645702053258282
c_32922,2304,0.6523470581388692
c_32927,2300,0.652985651181384
c_3293,2302,0.5532140141023615
c_32942,2301,0.5868595929461078
c_32944,2303,0.6006191181655797
c_32948,2249,0.5747068096225081
c_32951,2300,0.5432194970523389
c_32961,2299,
c_32974,2254,0.6010606889301308
c_33009,2303,0.621872646091663
c_33016,2259,0.5383952632523701
c_33055,563,0.5810634023084433
c_33064,2286,0.5415934965017862
c_33069,2304,0.6177680157930365
c_33112,2303,0.5433854491544606
c_33113,859,0.6434617505932769
c_33116,2297,0.5988492816772861
c_33124,2301,0.5398745625650071
c_33138,2281,0.5206210435904218
c_33146,2303,0.5928046932718108
c_33155,2300,0.49349307635167633
c_33198,2302,0.5149433375880283
c_33204,2301,0.5036816895545607
c_33231,858,0.546167262424289
c_33258,2298,0.48320677416255065
c_33263,2298,0.5741071411831734
c_33304,2295,0.5547824910286339
c_33319,2298,0.5516141683325443
c_33330,2251,0.6286075908888737
c_33338,2301,0.5784346968908555
c_33340,2291,0.5300159103467679
c_33362,2303,0.5405684941519036
c_33385,2295,0.5118899308331629
c_33419,2301,
c_33423,856,0.4851912123371105
c_33436,2299,0.5886684077465458
c_3346,2300,0.5964689627191362
c_33467,2289,0.5553445538209889
c_33472,2298,
c_33474,2298,0.5373922092824581
c_335,2288,0.5947349159360623
c_3350,2296,0.5931976851736609
c_33506,2303,0.42310493576256714
c_33525,2295,0.5778751176385402
c_33527,2300,0.600379060184116
c_33559,2294,0.5614704718455091
c_33566,2279,0.5720938079021954
c_33588,2295,0.569169320354971
c_33596,2296,0.4728240176795065
c_33634,2298,0.5483018513050444
c_33637,2301,0.45016102195144203
c_33639,2300,0.6274787480696705
c_33651,2302,0.5345816750623589
c_33657,2284,0.5015486750985206
c_33661,2302,0.5212648461280976
c_3367,2246,0.6014823229644986
c_33672,2303,0.5528755572455256
c_33694,2303,0.5328656429126224
c_33695,2251,0.5491329143672353
c_33698,2300,0.6487622622281104
c_33700,2267,0.5501690704014559
c_33703,2295,0.6303067198708842
c_33736,2304,0.5471375006218496
c_33745,2299,0.593749650614168
c_3375,2277,0.47805274365416944
c_33757,2283,0.5256870292765201
c_33763,2304,0.5821674005264679
c_3377,2301,0.590294384903643
c_33837,575,0.40744255572341126
c_33845,2301,0.6143696100571411
c_3389,2251,0.5202539294449252
c_33894,2286,0.5488663261115907
c_33928,2298,0.5783558968635685
c_33932,862,0.5581324905935663
c_33934,564,0.4650848584829467
c_33944,2274,0.5891010790763587
c_33946,2285,0.5373108807436079
c_33951,2268,0.46898930019195467
c_33956,2303,0.5061489117660298
c_33959,2298,0.569372278337658
c_33980,2275,0.563499944719522
c_340,860,0.5151822081077471
c_34003,2287,
c_3401,2294,0.6055631956952142
c_34017,2301,0.4198783652228412
c_34034,2291,0.49578980923780674
c_34052,861,0.49243447543773966
c_34078,2291,0.6041162668838151
c_34085,2290,0.5432183471955794
c_3410,2300,0.524152268243783
c_3411,1428,0.551495789528946
c_34195,2296,0.517787431412638
c_34203,2286,0.5085039643146254
c_34208,2294,0.5256002767286875
c_34281,2302,0.5586887195551199
c_34289,2298,0.5745204470333852
c_34301,2301,0.5670895778977177
c_34324,2302,0.5469751512508211
c_34354,858,0.5882535517370655
c_34363,2301,0.570662859751832
c_34364,2303,0.636413440817647
c_34370,2302,0.5517410212042408
c_34373,2303,0.6257773325422488
c_34381,2301,0.6331272161139536
c_34384,2296,0.6023898256695513
c_34418,2298,0.6132327794219619
c_34461,2303,0.5849322046292753
c_34489,2297,0.5716724697752139
c_3449,2295,0.6122825673589319
c_34492,2290,0.49703191926054047
c_34519,2293,0.6253166466706545
c_34522,858,0.5755538407094267
c_34535,2015,0.5588182013453853
c_34541,2273,0.5778135608264803
c_34542,2301,0.4756598327372112
c_34554,2295,0.5873402771097217
c_34572,1438,0.5281768596489945
c_3458,2297,0.6141065839429946
c_34590,2294,0.5820830878169007
c_34611,2283,0.5460845258686051
c_34617,2298,0.6227935607529284
c_34622,2265,0.5159929614325692
c_34631,2301,0.5965620474542436
c_34633,2287,0.5338173863926184
c_34644,2274,0.6110310183189078
c_34649,2300,0.5756408470820048
c_34652,2235,0.5131792380204407
c_34657,2302,0.5630703162440334
c_34659,1414,0.49612693378305445
c_3466,2302,0.6029467302615744
c_3470,2295,0.6123098614296741
c_34733,2302,0.5685576211029225
c_34734,2265,0.558606503296699
c_34737,2298,0.616489598993828
c_34751,2296,0.5730813899727747
c_34766,863,0.5458464526913568
c_34775,2301,0.5447816410300135
c_34783,2303,0.5179210240528651
c_34784,2293,0.5696663728670684
c_34835,2299,0.5950384184725451
c_34839,2300,0.573074098300766
c_34849,569,0.42830975397991666
c_34856,2298,0.5587203187354445
c_34857,2302,0.5990992800013614
c_3486,2294,0.564968543806813
c_34863,2298,0.6356476801483022
c_34893,863,0.59284687610955
c_34897,2296,0.5167150125290945
c_3491,2288,0.5700350563190018
c_34917,2280,0.56169282979852
c_3493,860,0.5941458035267023
c_34947,2297,0.584437088825597
c_34993,2298,0.5862830460213074
c_35001,2293,0.6115797399735642
c_35018,2300,0.5478242549696215
c_35021,2301,0.5227910206924572
c_35035,2303,0.5972253838100189
c_35036,2302,0.632826714589217
c_35043,2244,0.5632161613135129
c_35054,864,0.628474267544781
c_35064,856,0.5057157811355765
c_35069,2286,0.6191359974939048
c_35074,2301,0.513869054957204
c_35078,2298,0.5406906585654911
c_35099,2303,
c_3513,2285,0.5538731835678927
c_35148,2285,0.5760264908203879
c_35159,2304,0.5579060217620838
c_35176,860,0.5703555430621932
c_35184,2288,0.5445788423355935
c_35188,2302,0.5786427482082166
c_35234,2268,0.5824417792759864
c_35251,2302,0.554277230412562
c_35258,2302,0.47424342753764953
c_3526,2302,0.44970701374657535
c_3527,2300,0.5247631822812419
c_35275,2298,0.5178899914424785
c_35280,2299,0.585346312306813
c_35295,2295,0.5892542461082642
c_35304,2304,
c_35318,2289,0.509088644915546
c_35321,2301,0.5896962901246234
c_35330,2295,0.5670536850213077
c_35347,2243,0.579756503420393
c_35359,2299,0.5803058460521339
c_35378,2296,0.5828400435875049
c_35404,2303,0.5213303038795049
c_35407,2291,0.5578754974006733
c_35411,2299,0.5634813115540727
c_35432,2294,0.5283283808006928
c_35442,2303,0.6018775729776967
c_35449,2291,0.5497024465326389
c_3546,2295,0.5013344975031302
c_35461,2282,0.5535665390868406
c_35476,2288,0.6118837054074171
c_35487,2301,0.5201430504982907
c_35500,2299,0.47603844472436546
c_35516,2271,0.574336829901415
c_35529,2275,0.6091101630355775
c_35539,2300,
c_35546,2294,0.5744381427394778
c_35567,2290,0.41369428082261334
c_35577,2280,0.615909806762403
c_35590,2291,0.5309752399529976
c_35594,2299,0.6241810917580258
c_35617,2301,0.5404536074198651
c_3562,2266,0.5864362540954813
c_35621,2302,0.5569925503893455
c_35643,2300,0.5618476575994815
c_35661,2293,0.6609008368102404
c_35692,2297,
c_35707,2282,0.620136673275123
c_35737,2241,0.5949916541573372
c_35764,2302,0.603806793454841
c_35767,2270,0.5415083546738616
c_35769,863,0.6300953853785329
c_3577,2301,0.5586138727999899
c_35780,853,0.5814745451088865
c_35796,2291,0.5785071205223266
c_35802,2303,0.5831348434459794
c_35805,2301,0.5635585448619
c_35813,2298,0.5911192106900108
c_35824,2294,0.5095572022047378
c_35837,2297,0.5541958882364544
c_35839,2286,0.6153920641592476
c_35848,2303,0.628979777830364
c_35908,2263,0.4934397730530033
c_35913,574,0.5422123826254885
c_35915,2298,0.5625088601245306
c_35936,2285,0.4362085839710631
c_35946,2261,0.5317149159246309
c_35949,2282,0.5501873613446423
c_35955,2302,0.6193251135192135
c_35958,860,0.5695939436553591
c_3597,862,0.5348998572468947
c_35970,2302,0.5816672005480784
c_36004,2294,0.5020170667378591
c_36006,2287,0.5755310405438858
c_36052,2282,0.5575894782620634
c_36060,2302,0.5126737504064494
c_36065,2283,0.4804778216345278
c_36078,2296,0.3894198255594242
c_36080,2289,0.5755646273972058
c_36111,2303,0.5286532826561245
c_36121,2301,0.5861608329450685
c_36122,2297,0.5815919308867511
c_36125,886,0.5817497390783403
c_3613,2293,0.557967995517235
c_36134,2295,0.5985865785126783
c_36158,2303,0.5336712807158753
c_36173,2300,0.49629700199556104
c_36203,1991,0.6255525390335634
c_36204,2297,0.5366294365251492
c_36213,2302,0.46891226438104616
c_36223,2281,0.5736758351063383
c_36226,2304,0.6053862690286076
c_36242,2300,0.6607902854693006
c_36243,2269,0.545110367184393
c_36244,1723,0.597692079215875
c_36282,574,0.4388774423869995
c_36284,2293,0.5831269198527144
c_36285,2301,
c_3629,860,0.6107684845379748
c_36291,2294,0.6069261247020646
c_36292,2296,0.47203171192489113
c_36295,2301,0.5571195332267199
c_36309,2302,0.6111634263582001
c_36312,574,0.4651082891322908
c_36326,2234,0.5264085307258864
c_36343,2301,0.5388822643263893
c_36347,2296,0.6092724186182233
c_36394,2299,
c_36400,2295,0.4526198033314404
c_36412,2256,0.5801815516493188
c_3642,2274,0.5160627018659505
c_36434,2304,0.5691581870019201
c_36435,2301,0.5707775862048877
c_36474,2290,0.5555342441201614
c_36485,2303,0.6041380396967825
c_36486,2292,0.6529738075950875
c_36528,2288,0.5856883482497337
c_36529,2207,0.5740405891751869
c_36545,2292,
c_36549,2301,0.6388041614944018
c_36600,2282,0.5035891665799075
c_36602,2299,0.5357762309210505
c_36610,2293,0.5093000198184605
c_3662,2301,0.5347590755910555
c_36620,2283,0.5343502394250267
c_36640,2298,0.706215324231928
c_36666,2294,0.5770117197244053
c_36684,2302,0.580297417593742
c_36686,2299,0.630814422531553
c_36707,2299,0.5998209345620293
c_36725,2298,0.5832025701040887
c_36727,2246,0.6074723927215168
c_36736,2250,0.5400773216341794
c_36761,2299,0.5279865879781417
c_36782,2299,0.585806079818785
c_36793,2298,0.5549577667470762
c_36809,2301,0.5707816010016715
c_36824,2296,0.44698682271927215
c_36827,2277,0.5472767660038265
c_36831,2293,0.576590533843462
c_36833,2302,0.5059438396765275
c_36855,2304,0.6211617884355102
c_36859,2291,0.607445128385083
c_36869,2303,0.5640890740073907
c_36884,2297,
c_36887,2284,0.6042915886493186
c_36909,2297,0.5748471683388879
c_36932,2303,0.5086271068468111
c_36935,2299,0.618525024459555
c_36939,2285,0.5555236908446946
c_36945,2299,0.3894198255594242
c_36957,2300,0.5812759996286508
c_36972,859,0.6172134956530305
c_3700,2298,0.565154836170674
c_37007,2258,0.5940572342423454
c_37049,2302,0.5856343716182901
c_37052,1439,0.6002417758855706
c_37067,2286,0.5298674310197365
c_3709,2299,
c_3710,2298,0.5686542116005419
c_37127,1420,
c_37147,2297,0.6095853268156346
c_37156,2288,0.5707708452828818
c_3719,2274,0.5305237870126865
c_37205,2287,0.5498683354442765
c_37210,2279,0.597933175092859
c_37219,2215,0.5105976387190213
c_37228,855,0.5829705105868968
c_37241,2287,0.6697673178456417
c_37248,2300,0.6868090713347491
c_37252,2300,0.6477694096715535
c_37280,2295,0.5163745446515938
c_37282,861,0.592931189391313
c_37285,576,0.6559906509840994
c_37287,2301,0.5330058570367519
c_37298,2278,0.5840473319725127
c_37305,2291,0.5596963443459289
c_37315,2296,0.4792945357672759
c_3733,2302,0.5594562475084144
c_37333,2291,0.480267743558761
c_37334,2301,
c_37337,2302,0.5568680048723841
c_37354,2296,0.559255882653345
c_37359,2297,0.5581324477590515
c_37362,2291,0.5696738692873166
c_37368,2300,0.5496653246989406
c_37393,2285,0.49571748398954124
c_37401,2281,0.640303257539885
c_37402,856,0.6100989324322544
c_37406,2254,0.4800852677860253
c_37422,2300,0.5480672564712852
c_37424,2293,0.6165363618982371
c_37427,2300,0.553038000011442
c_37487,2298,
c_37492,2303,0.5567303440228487
c_37547,863,0.618006902171082
c_37577,1437,0.5816204316084561
c_37585,2297,0.6000378600551737
c_3759,2303,0.5650891501305662
c_37611,2291,0.4896042200803319
c_37627,2298,0.5368391496817799
c_37634,2291,0.49960099669575697
c_37644,862,0.5734695352278568
c_37674,864,0.469630745635349
c_37688,2297,0.4905972784247644
c_37696,2303,0.6075438451064056
c_37712,2282,0.4198783652228412
c_37717,2304,0.4850748957410908
c_3774,2273,0.593042551909436
c_37749,2303,0.5201086652756621
c_37771,2298,0.607160272151278
c_37800,2301,0.528721890615252
c_37810,571,0.5550345184232296
c_37815,1438,0.5630544067451375
c_37818,2301,0.61471781367529
c_37819,2284,0.5319044681415885
c_37823,859,0.5776318372943559
c_37831,2270,0.5344507444639144
c_37835,2298,0.6435550068284767
c_37836,2292,0.5225133763099228
c_37838,2300,0.5256002004078607
c_37845,2299,0.6954019689775697
c_37856,2301,0.5303061634051824
c_37879,2302,0.558164324242778
c_37881,2302,0.6069233534023829
c_37884,2296,0.5453768191648843
c_37913,2303,0.626544450985189
c_37914,2291,0.5119163671824842
c_37921,2294,0.5863570538951348
c_37928,2299,0.5184631231224239
c_37947,2302,0.6039688028615853
c_37959,2270,0.5701931603802859
c_37976,2291,0.5911148344748797
c_37983,1245,0.5108823292602427
c_37992,2296,0.5777291335809966
c_38064,2290,0.5266068066008818
c_38070,2296,0.5271758987140046
c_38093,2303,0.6047176615118708
c_38098,2289,0.6024212918973989
c_3811,2299,0.5774675466105164
c_38134,2289,0.5723832379460777
c_3814,2301,0.5445319589653325
c_3816,2300,0.5086745651668606
c_38175,860,0.6053368950246768
c_38184,2297,0.4811821107528215
c_38189,2304,0.5518933431393857
c_38191,2277,0.6225560483095853
c_38203,2299,
c_38229,2298,0.6058740428660868
c_3823,2298,0.7065177300991838
c_38234,2296,0.5622688128439685
c_38259,2302,0.5833692262645473
c_38281,860,0.5759349331607894
c_38290,2288,0.6096838921057478
c_38293,2295,0.49606702821750265
c_38300,861,0.420686852331259
c_38306,2295,0.5400721943984318
c_3831,2301,0.5557003081311092
c_38380,2291,0.5903218187351731
c_38393,2299,0.6105740089604376
c_38395,2292,0.6179241865771915
c_38412,2301,0.5478615334475316
c_38413,2298,0.5038069748059457
c_38414,2298,0.582430483494891
c_38418,1433,0.5897169190014512
c_38453,2299,0.5635519510625229
c_38463,2289,0.5910655944875505
c_38464,2267,0.6471357881875862
c_3847,2301,0.5775072231245041
c_38472,2301,0.6545452443429363
c_38488,2299,0.5456747057896889
c_38500,2274,0.6125380278799248
c_38503,2287,0.4178531424860237
c_3852,2295,0.5736603716430311
c_38547,2302,0.5240804349318663
c_38565,863,0.5916952159820271
c_38582,2303,0.5660066363534226
c_3859,2301,0.591708445613997
c_38590,2298,0.4503675650259482
c_38634,2285,0.5243572404984863
c_38636,2302,0.5596795590086783
c_38657,2289,0.4532056722402458
c_38662,2303,0.5665813612825674
c_38686,855,0.5051613113470181
c_38693,2299,0.5760407295596258
c_3870,2298,0.5427609973309677
c_38700,2302,0.6061938402055321
c_38702,2278,0.5767577915660971
c_38718,2302,0.6104568179027655
c_38741,2297,0.5261306590906203
c_38744,2284,0.576975801900924
c_38754,2295,0.64726867343137
c_38758,2300,0.5484076819202442
c_38765,2303,0.497162794128138
c_38770,2295,0.6177327781368309
c_38776,2300,0.5066420746063987
c_38780,2285,0.5728375002881125
c_38795,2304,0.5814697380323512
c_38810,2299,0.6154383852684615
c_38817,2292,0.5240023089560324
c_38819,2278,0.5793075784256264
c_38834,846,0.5486779588701683
c_38836,2296,0.5452229877215097
c_38843,2280,0.5577258573518065
c_38848,2301,0.5143955372974136
c_38874,2284,0.526573849238232
c_38888,2259,0.6232372847422655
c_38893,2272,0.4840000577507069
c_38922,2294,0.5161406171269908
c_38953,2294,0.5399485744654334
c_38961,2294,0.6248220346515891
c_39034,2297,0.5602902314470019
c_39051,2294,0.5336522441484135
c_39064,2302,0.5375789556940097
c_39067,2262,0.46057603292007443
c_39099,2294,0.570032233048401
c_39109,2296,0.5529526285594449
c_39120,2284,0.5394843873868072
c_3913,2300,0.5413303719130761
c_39139,2301,0.5387394376008404
c_39164,2298,0.5587071740196778
c_39175,2300,
c_39203,2299,0.533191765653852
c_39217,858,
c_39219,2274,0.5630545667309453
c_39228,2299,0.595222673639609
c_39236,2245,0.5840096822519204
c_39239,2301,0.5512483987021738
c_39248,2291,0.5347720307011705
c_39253,846,0.4236201335583287
c_39263,2300,0.5354464251501759
c_39266,2300,
c_39286,2291,0.5489989224954106
c_39309,2294,0.5514403888655531
c_39330,2304,0.6360003381139497
c_39353,2288,0.6157111718435822
c_39369,863,0.47435930269748583
c_39373,1727,0.6295583332047308
c_3938,860,0.584178209744133
c_39394,2293,0.5297720087722412
c_39395,2296,0.550048166101812
c_39430,852,0.5529414206088058
c_39436,2290,0.5261604861693756
c_39456,2294,0.5425591026448476
c_39479,2282,0.5741247641520979
c_39482,2290,0.5335740365568495
c_39496,2303,0.5611590972531559
c_39500,2299,0.609230726782843
c_39504,2301,0.532019685367316
c_39506,2255,0.6034615282623436
c_39516,2298,0.511147119533017
c_39533,2293,0.6500671396120143
c_3956,2294,0.5525947857585624
c_39562,2299,0.5310504110189471
c_39567,2244,0.5683317926158272
c_39579,2273,0.5016244058727868
c_39587,2287,0.5296375644308685
c_39595,2304,0.6043606116382122
c_39628,2301,0.517407685162531
c_39638,1435,0.5964980816325486
c_39651,2299,0.5622225481881892
c_39661,863,0.5440256465078928
c_39676,2304,
c_3968,2248,0.5807823589199486
c_39683,2296,0.5790061052357934
c_39685,2269,0.5762693750583384
c_39688,1439,0.573133236216174
c_39692,2298,0.5699015133618157
c_39704,2289,0.5477897461933814
c_39721,2298,0.48136452576810285
c_3973,2296,0.6011696910605969
c_39748,2300,0.5111589727346387
c_3976,2298,0.5538611804691824
c_39776,2294,0.56783417184787
c_39791,2301,0.3894198255594242
c_39802,1430,0.4718333258800352
c_39804,2301,0.5686950081239565
c_39835,2303,0.3894198255594242
c_39843,2294,0.5911822743756612
c_39848,2291,0.6195700675913455
c_39874,2298,0.6475908067905133
c_39876,2302,0.6034607252991027
c_39879,2289,0.5650495513160338
c_39885,2298,0.5449112985197914
c_3990,2289,0.5720003068423007
c_39928,2299,0.5786034313842278
c_3995,2274,0.5869053847156308
c_39983,2302,0.5285475869975332
c_39999,2286,0.53138499275483
c_40017,2299,0.5772336733149692
c_4003,2297,0.5780154677092504
c_40059,1909,0.647634273567873
c_40066,2288,0.6246510251667675
c_40067,2276,0.4713938465039499
c_40072,2285,0.6883946879462958
c_40074,2287,0.6385958259869661
c_40077,2289,0.4724050768157086
c_4009,2301,0.6129182610844741
c_40128,2299,0.5913660552417642
c_40175,2285,0.5579076316926724
c_40193,1436,0.5420367502299468
c_40200,2298,0.5307099360402973
c_40201,2300,0.5065094711736492
c_40204,2296,0.684039920459915
c_40221,2297,0.5051830177297685
c_40223,2300,0.5149775974651187
c_4023,2302,0.4708287532616969
c_40234,2300,0.5807768857208631
c_40287,2292,0.46587409010726766
c_40309,2286,0.5962872704600897
c_40324,2287,0.5129266795909423
c_40335,2270,0.5353792175356772
c_40344,2304,0.5898294033175604
c_40345,2287,0.6125641970203607
c_40358,2282,0.6170564135640422
c_40388,2301,0.5856703332878826
c_40424,2295,0.619542492299428
c_40432,2295,0.6433281879674821
c_40447,2284,0.5577601281507233
c_40490,2301,0.5679693116565743
c_40523,2303,0.5971789830182427
c_40543,2287,0.5305803537599669
c_40556,2300,0.5381676374474367
c_40567,2282,0.5784241605688628
c_40573,2300,0.5186342678057525
c_40584,2268,0.5930754899841795
c_4059,2282,0.5782165341153864
c_40602,2302,0.6416715528402487
c_40617,2302,0.5579414165613624
c_40640,2304,0.4963754606578278
c_40656,2303,0.5661636849321321
c_40657,2242,0.5367758151455234
c_40658,2295,0.5965558930886058
c_40725,2303,0.6007945953940054
c_40744,2293,0.5856648863444831
c_40770,2285,0.6192575784546586
c_40783,2298,0.5364647573825353
c_4080,2300,0.6517871031684247
c_40800,2296,0.6289330883671737
c_40815,2283,0.5787055449748623
c_40826,2296,0.5033316231315913
c_40831,2299,0.5147913090279758
c_40849,2259,0.5496122264837708
c_40862,2268,0.6272721750983242
c_4090,2301,0.5315263011574981
c_40921,2298,0.6102497738183386
c_40925,2292,0.6035304009585869
c_4093,2298,0.43182665570771533
c_40930,2279,0.44478410616691394
c_40946,2294,0.5868738946403382
c_40950,2290,0.5204283973529262
c_4098,860,0.5450351535662409
c_40988,2299,0.5358100297729727
c_40996,2302,0.5521253718508021
c_41003,2302,0.5761400936862305
c_41010,2303,0.5692984440722888
c_41012,2298,
c_41023,2299,0.5125647326253181
c_41036,2296,0.5863088105423608
c_41038,2289,0.4911269085943885
c_41060,2259,0.6164379171661098
c_41066,2294,0.6359610071562964
c_41072,2298,0.5431756694749329
c_41082,2294,0.6285754049890557
c_41091,861,0.4132038538304798
c_41111,2300,0.5909710733266496
c_41114,2301,0.6437711578639965
c_41129,2294,0.617313231851889
c_4113,2268,0.6226947373786745
c_4117,2298,0.514526151381936
c_41197,2285,0.6337854042799127
c_41205,2295,0.5497275633585593
c_41212,2299,0.5830039813184114
c_41214,2302,
c_41219,2298,0.590957121890646
c_41265,2300,0.5147470023559346
c_41267,2283,0.553775849496788
c_41273,2298,0.5811173744021659
c_41274,2301,0.6221109780151652
c_41279,2298,0.6215731543547995
c_41290,2280,0.5319923829313674
c_41294,2298,0.5758108619857183
c_41313,2274,0.47002111540729535
c_41315,2299,0.6299103254225407
c_41319,2300,0.589511715523855
c_41323,2303,0.5905693817424562
c_41324,2293,0.5755038857777506
c_41326,861,0.5517953510646441
c_41333,2296,0.6128005735495073
c_41334,2304,0.5467605459310411
c_41366,2295,0.5679615484125754
c_41382,2301,0.5503390761582841
c_41391,2302,0.6116172448380576
c_41399,2289,0.6142457295922242
c_41432,854,0.5038410157196226
c_4146,2292,0.5625709573656414
c_41479,2273,0.5687412882537015
c_41491,2300,
c_41499,2301,0.554095970262088
c_41515,2298,0.5657173551078009
c_41516,2286,0.6836467221455294
c_41526,2292,0.5791867326964439
c_41541,2298,0.5159973751740056
c_41554,2269,0.6288053748754211
c_4156,2280,0.47071376356072636
c_41596,2275,0.5507634293576389
c_41621,2288,0.4779753731370801
c_4163,2301,0.5819656896484656
c_41633,859,0.6138506084153784
c_41639,2298,0.3894198255594242
c_41648,2301,
c_41684,2293,0.5308974452686631
c_41718,2297,0.5827675712882884
c_41720,2303,0.5596598969389127
c_41726,2295,0.602707203127434
c_41741,2304,0.7200517596217264
c_41751,2296,0.5279933630114234
c_41752,2293,0.5477716450977034
c_41772,2294,0.5863395636165875
c_41774,860,0.4774326394287175
c_41787,2300,0.5633657323671252
c_41806,861,0.5816953853518094
c_41807,2295,0.5707750320334496
c_41829,1977,0.5655609941350834
c_41833,863,0.5397365457043913
c_41838,2294,0.5650842090840117
c_41841,2275,0.5002791810096607
c_41842,2300,0.5689751423126437
c_41872,2301,0.5812271968909135
c_4188,2298,0.6201352571067622
c_41918,2286,0.6230045079533492
c_4194,2301,
c_41943,2296,
c_41954,2293,0.5327956869047153
c_41970,2300,0.6041356437004275
c_41983,1393,0.5432157581452254
c_41986,2289,0.46158231892838364
c_41998,2289,0.5905770451793094
c_42015,2299,0.5319683684932589
c_42019,2299,0.47916756790482323
c_42030,2277,
c_4205,2296,0.5753454321998808
c_42065,2283,0.5857711226680222
c_42086,2300,0.5017214887642235
c_42087,2300,0.5258201275027229
c_42130,2304,0.6411958429665716
c_42131,2299,0.5040744949022135
c_42138,2304,0.6069910468949266
c_42161,2296,0.660189899378916
c_4221,852,0.49457003571613
c_42239,2279,0.6388644516167136
c_42244,2287,0.46944802866387836
c_42249,2276,
c_42255,2293,0.5704795237388016
c_42257,2303,
c_42268,2291,0.5344567313249978
c_42292,2291,0.5830813897091461
c_42294,2271,0.5630162159848401
c_42301,2298,0.6534144108634178
c_42317,2247,0.6212465746128251
c_42323,2298,0.5610691926536246
c_42334,2248,0.6523416771095375
c_42340,2289,0.6167430170899265
c_4236,2297,0.5615166188536297
c_42362,2294,0.5777875228096521
c_42392,2294,0.5004126832773018
c_42411,2300,0.4439886195087578
c_42449,2300,0.4526905599513905
c_42453,2300,0.6021342627668961
c_42460,2294,0.5586132832888013
c_42461,2272,0.5710083950090658
c_42492,2285,0.592490868345568
c_42494,2303,0.59681218144961
c_42519,2292,0.5246006313251406
c_42525,2294,0.6061371606955197
c_42527,2298,0.6184782623361819
c_42530,862,0.5747221238798768
c_42541,2296,0.6202791902063373
c_42551,2293,0.5992265832642418
c_42552,2273,0.5470458186632491
c_42556,2294,0.5004998877612058
c_42583,2298,
c_42590,862,0.5038675686841174
c_42600,2302,0.5696073159335152
c_42602,2296,0.6448549409059512
c_42629,2298,0.5024691387490106
c_42647,2301,0.5676795318714442
c_42659,2302,0.5591005582089094
c_42661,2265,0.5713451312022138
c_42664,859,0.6775725037226822
c_42671,2302,0.5884764412931076
c_42682,2292,0.5562693321167929
c_42701,2302,0.5737996580112347
c_42706,2299,0.5416167057533617
c_42733,2287,0.6000317800660004
c_42747,2220,0.6173789550712075
c_42756,2300,0.5433446209040806
c_42757,1432,0.5862012095966194
c_42791,2297,0.5276462943692521
c_42823,2302,0.597437524152237
c_42827,858,0.4699103196382522
c_42842,2301,0.5545211213085892
c_42869,2298,0.5741425247089974
c_42872,2289,0.5857176820933728
c_42888,2303,0.5683554681265386
c_42889,2292,0.6133023626361952
c_42896,2299,0.5427528083308211
c_42914,2299,0.5475372308141652
c_42926,2286,0.5615064355288875
c_42930,2289,0.5563785781907211
c_42933,2303,0.5787916277495256
c_42938,2304,0.5839586091166916
c_42945,2300,0.49133370687534683
c_42949,2298,0.4920901067072735
c_42959,2298,0.5309502930404126
c_42962,2299,0.5302626443992456
c_42975,2291,0.6160932776199631
c_42978,2300,0.5435117800784981
c_42982,861,0.5322721733489268
c_4299,2290,0.5237240210841835
c_42998,2288,0.6035336152630816
c_4300,2302,0.5884891996295537
c_43000,2286,0.5560722460382441
c_43004,853,0.5499658584288785
c_43005,2297,0.530486977078156
c_43030,2295,0.5663113797428467
c_43054,2299,0.5830669044535555
c_43062,2251,0.48526621829756744
c_43069,2301,0.5855368469096973
c_43077,2293,0.5646704389533371
c_43107,2302,0.5290180046190124
c_43131,2283,
c_43141,2302,0.5292449440420962
c_43192,858,0.6343591489484217
c_43205,2303,0.5361555753962797
c_43206,2298,0.5902126617419035
c_43246,2303,0.5209372158394014
c_43254,2294,0.5350941868255601
c_43259,2297,0.6020418276410701
c_43262,2302,0.5725401022843759
c_43335,2303,0.5893732073376592
c_4336,2302,0.6399225875249931
c_43360,2302,0.5430138783481427
c_43361,2301,0.3894198255594242
c_43368,2300,0.5929948710410993
c_4340,2268,0.57564702204026
c_43414,2284,0.5994118620323347
c_43433,2285,0.5972149967881915
c_4345,2296,0.5896361140297507
c_43462,2287,0.5425857668282411
c_43466,2299,0.5934834594902371
c_43488,2302,0.5285518143604193
c_43496,2268,0.6304636055147915
c_43502,2286,0.47244985127939304
c_43511,2297,0.5826431289188262
c_43527,2280,0.582278060060659
c_43531,2295,0.5917328569655406
c_43534,2300,0.3894198255594242
c_43536,2268,0.5343806180828097
c_43547,2300,0.6021726654147149
c_43549,2288,0.5010844350047481
c_43575,2262,0.6799418646995085
c_43590,2293,0.5522894758299364
c_43596,2304,0.5485569578263871
c_43602,863,0.5367823315999721
c_43607,2300,0.5171157884067503
c_43638,2288,
c_43665,2290,0.5950218720388846
c_43670,2296,0.6127796921984299
c_43674,2293,0.5869807330382087
c_43681,2292,0.6085269287077391
c_43706,2286,0.5399349598385462
c_4371,2296,0.4825113242787141
c_43718,2256,0.6253304456919965
c_43720,2302,0.5667660946849321
c_4373,2296,0.5744358147612633
c_43731,2297,
c_43735,2292,0.5607779012164109
c_4380,2277,0.6100270791558573
c_43806,2299,0.585714748007148
c_43813,2297,0.6056832164976172
c_43814,2302,0.5794176818610456
c_43823,2272,0.5355419076481656
c_43831,2289,0.4349065715397915
c_4384,2303,0.5800448568549751
c_43845,2302,0.5920252444776348
c_43867,2303,0.3894198255594242
c_43883,2300,0.5883577754743637
c_43891,2300,0.5590562712071488
c_43905,2291,0.6402625763157737
c_43957,854,0.5225644123831988
c_44008,2295,0.5494876892145124
c_44039,2299,0.5777589093545837
c_44050,2302,0.5362858420522129
c_44056,2302,0.5528011585236074
c_44059,2298,0.5646349719640364
c_4409,2293,0.5897924951865383
c_44094,2301,
c_44115,2302,0.4955133839808833
c_44118,572,0.550668708917611
c_44135,861,0.5653423660821866
c_44141,2290,0.5276390376256829
c_44164,2302,0.6046119641508915
c_44174,2300,0.6253319476166261
c_44187,2303,0.5785518487338007
c_44189,2142,0.42761723210362595
c_44194,2294,0.572203330970838
c_44226,2294,0.6149101161240236
c_44256,2300,0.5432017234438754
c_4426,2297,0.5849036839996984
c_44260,2295,0.5981138152895844
c_44266,2288,0.5991378769793049
c_44295,2302,0.6156593579237298
c_44313,2295,0.6048616130840542
c_44328,2304,0.601349656685984
c_44342,2296,0.4143092037727009
c_44355,2297,0.5391374973835235
c_44360,853,0.622559618738317
c_44364,2299,0.5710134751870144
c_4437,2302,
c_44406,2298,0.5446543040683379
c_44418,2288,0.4368966867851064
c_44427,2298,0.5994725505649044
c_44525,2286,0.5394253312284859
c_44529,2300,
c_44553,2294,0.5211979255217845
c_44555,2301,0.53348604420912
c_44560,2302,0.5955834759167264
c_44568,859,0.5799350367430104
c_44574,2276,0.5742501473741862
c_44582,2290,0.5681921912228983
c_44588,2302,0.49412007797364194
c_44601,2297,0.522645581826999
c_44607,2272,0.5958293337381981
c_4461,2302,0.4637638451596177
c_44613,850,0.4951547035778167
c_44616,2302,0.5696631725078815
c_44632,2272,0.6842545552968822
c_44644,2296,0.6232370973673119
c_4466,2287,0.5843282018628984
c_44662,1434,0.581262653928975
c_44685,2284,0.6049764068656304
c_44688,2295,0.6248855397234464
c_44696,2276,0.6007971258690981
c_44707,2299,0.5667384171747936
c_44718,2302,0.4816764277505909
c_44726,842,0.529732938566295
c_44730,2304,0.583612281150641
c_44743,2302,0.5849526242402932
c_44790,2284,0.635632610310974
c_44791,2226,0.5414511448680923
c_44809,2285,0.5961482337031782
c_44821,2295,
c_44829,2300,0.6239865867427664
c_44851,2302,0.615118603876625
c_44855,2295,0.5635528640526007
c_44867,2248,0.5986565003868866
c_44879,2298,0.5655146095467716
c_44911,2302,0.6102166026752057
c_44921,1437,0.585187608822417
c_44928,2295,0.5916121447667497
c_44929,2286,0.5344454566661285
c_44953,2300,0.6067262494651638
c_44966,2296,
c_44967,2301,0.4808365744077512
c_44976,2303,0.5079570682386539
c_44992,2295,0.5488641538181019
c_45005,2303,0.6028122140125487
c_45021,2302,0.5249354916652804
c_45027,2303,0.5272970738589909
c_4506,2266,0.6152003788593575
c_45072,2280,0.5282533116798026
c_45087,2297,0.5854994098988174
c_45097,2304,0.5644384758692774
c_45107,2302,0.5914985806865789
c_45110,2302,0.5264762202448504
c_45124,2274,0.5357951226596137
c_45134,2300,0.595648076694616
c_45138,2297,0.6146768561077792
c_45178,2290,0.5600409794717295
c_45209,2302,0.5779680008784631
c_45213,2273,0.5877202649166264
c_45216,2303,0.5363112350977267
c_45224,2299,0.5325191434084542
c_4523,2294,0.571821091966877
c_45236,2281,0.5122602444772932
c_45243,2278,0.49264694071685666
c_45268,2301,0.5781956651901071
c_45283,2298,0.43146913769832834
c_45284,2299,0.5281479696526296
c_45287,564,0.4588696222437823
c_45291,2252,0.6133170635704909
c_45293,2302,0.46930178757927743
c_45310,861,0.5568265548288533
c_45314,2304,0.6057827048920713
c_45335,2296,0.5566385689261312
c_4541,2276,0.4518090609668002
c_45427,2271,0.4137722825125414
c_45484,2288,0.5897277909325883
c_45488,2277,0.608918223443009
c_45489,2293,0.6285891470681196
c_45515,2301,0.6033182735543878
c_45539,2268,0.5265872552771154
c_45541,2302,0.511528505312935
c_45546,2259,0.6063443604633237
c_45557,2297,0.53431223269168
c_45558,2303,0.553732134176973
c_45576,2294,0.5021776003498238
c_45582,2301,0.6145765213656447
c_45590,2290,0.5861497429610265
c_4560,2297,0.5285314418647047
c_45620,2299,0.5771076094182213
c_45658,2304,0.6146886593414521
c_45659,2247,0.5974607357774516
c_45679,2302,0.4976579774667031
c_45722,2276,0.5859091023268835
c_45730,2299,0.5415606668806735
c_45733,2297,0.6389063425018742
c_45757,857,0.5580522527078365
c_45759,2285,0.6033244299777776
c_45772,2300,0.6090913490132218
c_45777,2286,0.6099519695444268
c_45780,2301,0.5542315408056206
c_45786,2262,0.5562160462727792
c_45821,2277,0.6006396613735028
c_45841,2297,0.5910913512378402
c_45855,2302,0.5724280420099596
c_4586,2295,0.6031292317222153
c_45865,2303,0.5899774673398137
c_45872,2302,0.5748550733144696
c_45894,2272,0.5031740011764186
c_45911,2293,0.6137417353943139
c_4593,2261,0.5159711596742826
c_45935,2299,0.5589145658881284
c_45939,2302,0.5826085035370477
c_45940,2261,0.4690765877185545
c_4595,2300,0.5186461215867436
c_4599,2291,0.5435045392591116
c_45998,861,0.5528372258923395
c_45999,2295,0.5772223731889778
c_46000,2283,0.428475830878396
c_46002,2293,0.5379121134097637
c_46010,2271,0.5637299073725813
c_46033,2300,0.5432797626320367
c_46045,2295,0.6033241109448864
c_4605,2300,0.5464495466456142
c_46060,563,0.5360038838758148
c_46065,2300,0.4378991356776909
c_46085,2280,0.572726081610098
c_46114,2270,0.6064567282495993
c_46116,2252,0.5761868476066695
c_46128,2296,0.5330199280274038
c_46136,2301,0.5032476655675111
c_46156,2299,0.5629453361229836
c_46169,2303,0.49459318350526454
c_46175,2300,0.5661423372743285
c_46193,2297,0.5738978228345225
c_462,2257,0.5633492959083775
c_46246,2283,0.5644656350045137
c_46247,2291,0.532541148842414
c_46279,2300,0.47127195386138404
c_46288,2285,
c_46291,2299,0.6291303734871021
c_46292,2251,0.5806159299272113
c_46312,2277,0.5454118829944727
c_46322,2291,0.6071059946422034
c_46337,2303,0.5600988723122999
c_46368,2301,0.5203656643486294
c_46374,2300,0.5211318139796065
c_4640,2291,0.6029385849237402
c_46409,2301,0.4294826708779264
c_46423,2302,0.5433704899365733
c_4643,2303,0.5713126185186109
c_46433,1427,0.5389748376692024
c_46445,2293,0.5923216993306568
c_46449,2292,0.5809788871878988
c_46464,2301,0.6026253795221536
c_46467,2291,0.6006187112930619
c_46471,2298,0.5159302031480444
c_46504,2304,0.5599513858341192
c_46513,572,0.44739624510977516
c_46524,2298,0.5896111354331589
c_46533,2299,0.562574162213288
c_46543,2290,0.5304420605048783
c_46546,2265,0.5770061580367035
c_46559,2304,0.6094838989209259
c_46581,2256,0.5807130932391258
c_46616,2293,0.6211676382062726
c_46676,2250,
c_46717,569,0.5962362096912547
c_4672,2299,0.5198920747409518
c_46727,858,0.6208404375351922
c_46735,2301,0.5623668623979248
c_4675,2271,0.6165742266994867
c_46755,2287,0.5693335315332637
c_46757,2303,0.580101230142207
c_4676,2299,0.5416385057187241
c_46776,2293,0.6238410745689127
c_46797,2301,0.5808955825600104
c_46799,2291,0.44026851789478594
c_46810,2279,0.6685126917694733
c_46813,2276,0.5863564036978565
c_46827,2299,0.5007941481417493
c_4683,2291,0.6347641692904199
c_46831,2301,0.5219330204852283
c_46837,2295,0.5765306184422473
c_4684,2268,0.596736740287408
c_46841,2294,0.6242839471298586
c_4686,2293,0.5228498525439063
c_46862,2298,0.504757799557425
c_46887,2273,0.5691992661153696
c_46898,2284,0.5653169181709784
c_46908,1431,0.5434595303011773
c_46941,2283,0.6542498273947733
c_46973,2301,0.5873462302770394
c_470,2301,0.47294084364739175
c_47007,2298,0.5698043186903372
c_4701,2298,0.5705368003436873
c_47015,2299,0.6029216937185387
c_47053,2302,0.6364990387419429
c_47065,2301,0.5549496021262128
c_47079,2242,0.5716908653839663
c_47081,2251,0.6168764795541227
c_47101,2282,0.5216986276407664
c_47103,2287,0.6107781139391593
c_47106,2301,0.5682834580848073
c_47128,2294,0.560154334964892
c_47169,2287,0.5878554720630202
c_4719,851,0.5757296996366575
c_47214,2278,0.4801951082411807
c_47218,2293,0.6280447440448746
c_4722,2262,0.6015847906971677
c_47254,2296,0.3894198255594242
c_4727,859,0.5938687153149816
c_47271,566,0.5049215350265547
c_47274,2298,0.5593763382008575
c_473,2293,0.5910195567328747
c_47308,2301,0.586704473592619
c_47317,2301,0.4499609471910269
c_47319,2285,0.5768645930515067
c_47323,2295,0.5485355986872894
c_47329,2297,0.5076485208545386
c_47355,2258,0.5643763490603856
c_47356,2268,0.5097813819230558
c_47383,2296,0.5155846276733275
c_47393,2294,0.6450545782080713
c_47422,2291,0.5801602525393256
c_47427,2295,0.4901718987005695
c_47447,2011,0.5437410372603946
c_47460,856,0.5350330013874001
c_47461,2283,0.5543806511414918
c_47467,2283,0.6780020846494823
c_47476,2283,0.4298093909960137
c_47486,2296,0.48605984991222856
c_47543,2302,0.4816416597414884
c_47562,2300,0.5848997873786026
c_47593,2302,0.564032084003065
c_47595,2300,0.5159375342171529
c_47603,2243,0.5780195388936004
c_47618,2284,0.5377858235954636
c_47626,2286,0.5684250335394105
c_47628,2300,0.42873214703674345
c_47663,2284,0.5994630541690038
c_47667,2263,0.6182464298089189
c_47668,863,0.5033841883974564
c_47672,2293,0.5443816028932312
c_47741,2297,0.5325940742982488
c_4775,2295,0.6190857925083337
c_47808,2295,0.5837848444782
c_47810,2297,0.5623081866063842
c_47815,2300,0.5690050567914745
c_47920,2295,0.5761451699015959
c_47932,2273,0.553599089346299
c_47949,2304,0.6055002149103821
c_4795,2290,
c_47960,2284,0.6164990470541035
c_47977,2303,0.6731050191448033
c_47980,2291,0.5721726235200113
c_47988,2293,0.5840268407013026
c_4800,2277,0.5509214193912988
c_48012,2303,0.5591615942129756
c_48014,2294,0.5632124834350087
c_48021,2293,0.5922000414898557
c_48079,2286,0.5030191623339544
c_48090,2297,0.6260456047197268
c_48097,2303,0.4362085839710631
c_48100,2291,0.4637805646023568
c_48108,2302,0.5774112355725961
c_48117,2303,0.48505305780165947
c_48128,2297,0.5574966099551361
c_48142,2287,0.5014908948055564
c_48155,2297,0.5901490787314477
c_48188,2302,0.42997335090219513
c_482,2302,0.6822524378137804
c_48207,571,0.4266018158966981
c_48211,2300,0.5535393307810804
c_48213,2291,0.5758390903142693
c_48216,2282,0.5562091752289731
c_48217,2292,0.6051162015512976
c_48230,2278,0.4918634821649276
c_48236,2302,0.598265042125633
c_48245,2274,0.5861581860136784
c_48274,2300,0.5929107771215003
c_48277,2303,0.6196668971968337
c_48279,2290,0.5801300791761309
c_48284,2299,0.49475065944545044
c_48291,2287,0.6280626323328482
c_4830,2236,0.5613987305141905
c_48300,2299,0.46961704552678696
c_48349,2235,0.6370029597784773
c_48352,2299,0.5837243997447071
c_48354,2298,0.40933826937619733
c_48385,2299,0.6415158683274875
c_4839,2276,0.5847848348828943
c_48396,2261,0.5620452567126099
c_48412,2289,0.4710825868826317
c_48416,854,0.5049138771350722
c_48420,2248,0.5736284667802571
c_48433,2302,0.6793332973334048
c_48436,2280,0.42158308253450294
c_48449,2244,0.5620843135314991
c_4845,2235,0.5207303755781005
c_48461,2297,0.530387589994937
c_48464,851,0.485756386914609
c_48479,2280,0.5445289544704107
c_48485,2302,0.5800569846016915
c_48487,2016,0.5595708422313921
c_48489,575,0.5846901172035456
c_48490,2303,0.5386424714882165
c_48492,2301,0.5386538049737989
c_48493,2294,
c_48495,2297,0.5171681774745812
c_48523,2297,0.6592020675661672
c_48527,2289,0.6932234806334538
c_48540,2232,0.5542570070499186
c_48550,2297,0.3894198255594242
c_4856,2303,0.48475094857316975
c_48565,2265,0.4362085839710631
c_48579,2299,0.47081070624474064
c_4860,2257,0.3894198255594242
c_48612,2297,0.6712785670919987
c_48615,2298,0.4615936895140339
c_48621,2292,0.5836085761054044
c_48629,2303,0.6224048717530977
c_48642,2290,0.5909824379627645
c_48643,855,0.5190941064980342
c_48673,2296,0.46294685308921885
c_48678,2296,0.2728128927550177
c_487,556,0.4089879712312701
c_48716,2297,0.570166439673966
c_48722,2303,0.5782274882074324
c_48731,2302,0.5721483279000671
c_48737,2284,0.519800612706756
c_48754,2301,0.5748605856422417
c_48757,2296,0.5319259343584053
c_48794,2303,
c_48817,2296,0.43340100913950375
c_48819,2294,0.5003597267703885
c_48830,2290,0.6257386459363473
c_48845,862,0.5834545366463201
c_48872,2292,0.532318444887017
c_48924,2287,0.5957042515628543
c_48934,2303,0.587425713676781
c_48972,2233,0.5820382922044401
c_48985,2294,0.6415441009248596
c_48990,2252,0.5833873514288875
c_49041,2301,0.43712776648452234
c_49042,2277,0.5669623965822919
c_49045,2302,0.6235481741298636
c_49060,2258,0.5971957443855085
c_49070,1432,0.5758211006153908
c_49084,2302,0.6088912264001128
c_49087,2270,0.5395315700520729
c_49112,2292,0.5530545218508295
c_49127,2303,0.48580975208827815
c_49151,2294,0.5897757293568633
c_49153,2302,0.5868234740634614
c_49159,2298,0.5190629947244361
c_49178,857,0.6446998963205605
c_49181,2301,0.571445770584115
c_49232,2290,0.5971589804559082
c_49248,2300,
c_49255,2299,0.48298084138722464
c_49260,2294,0.5580918831509992
c_49268,2302,0.6494474188935961
c_49271,2296,0.5494268042762414
c_49275,2301,0.5875540633802194
c_49288,2292,0.5269120246827598
c_49302,2301,0.6042032190057217
c_49328,2280,0.5532990162273054
c_49331,2300,0.3894198255594242
c_49344,860,0.45327599692533066
c_49369,861,0.4766345012945711
c_49393,2297,0.5463873151068219
c_49399,2269,0.5507388378747162
c_49405,861,0.5478398549893848
c_49410,2302,0.5149081821237338
c_49423,2293,0.557690577252792
c_49431,2300,0.46248837872611487
c_4944,2300,0.5642021570679541
c_49449,847,0.6031520003742288
c_49452,2301,0.5712236195407909
c_49454,2291,0.6340890267745631
c_49455,2259,0.5451219069360279
c_49485,2302,0.6496139899780454
c_49499,2293,0.5645591409824396
c_49529,2299,0.5520094731793823
c_49550,2301,0.5471116922655
c_4957,2288,0.597659544269402
c_49571,2296,0.5045415961737719
c_49573,2291,0.5222285701486727
c_49589,2300,0.5418401622694663
c_49597,576,0.6041475815160362
c_49598,2303,0.6651284323429251
c_496,2299,0.4104367607628738
c_49604,2287,0.5342418804071052
c_49607,2277,0.5804713218371058
c_4961,2302,0.6170982113742027
c_49620,2301,0.47876374366614494
c_49622,2300,0.5237157895790142
c_49625,2286,0.6013144361126426
c_49630,2296,0.5890680119330329
c_49638,2282,0.5962425462293218
c_49663,2299,0.5385768106736571
c_49673,2288,0.5819852693086031
c_49690,2304,0.6061005033556587
c_49698,2292,0.5255418886443455
c_49706,2282,0.5712142245540539
c_4971,2276,0.5631812978757268
c_4972,2287,0.5865033360079254
c_49743,1946,0.5746070012778295
c_49769,2300,0.5237654785656191
c_49781,2009,
c_49820,2300,0.5484746058178311
c_49830,1432,0.42509785661574684
c_49835,864,0.5600144737973756
c_49838,2301,0.4516871755322334
c_49852,862,0.6035671751452052
c_49860,2303,0.503241086365182
c_49864,2196,0.5828794414151668
c_49881,2230,0.5693083907748039
c_49888,2299,0.5880264777992481
c_49913,2296,0.5738623416817292
c_4993,2266,0.4677424064757667
c_49952,2300,0.6106080183562718
c_49970,2302,0.5694019016172407
c_49978,2302,0.5741071638229179
c_49980,2302,0.5485914385268242
c_50021,2249,0.48017093390454274
c_50059,2283,0.5012439068450876
c_50072,2304,
c_50090,2304,0.5564930846212605
c_50100,2289,0.6321533420807576
c_50109,2300,0.6006935760035523
c_50135,2290,0.5600418572355506
c_5015,2239,0.6106905667733532
c_50162,2290,0.7163153238784845
c_50164,2282,0.5615935523758542
c_50165,2297,0.593848292108738
c_50168,2299,0.574817171316971
c_50194,2241,0.5885073224157101
c_50201,2285,0.5133257648541529
c_5021,2304,0.5412226057350846
c_50219,2301,0.6226824760879913
c_50242,2275,0.532025808636828
c_5025,2300,0.4885658223633289
c_50250,2288,0.6146255635887656
c_50265,2220,0.5693144799219119
c_50283,2281,0.5352935020655744
c_50291,2296,0.5403850283536373
c_50309,2286,0.5942064238754324
c_50336,2300,0.5998536281784747
c_5035,2298,0.6045576856007373
c_50363,2299,0.5617045201590095
c_50367,2298,0.4940994975046354
c_50377,2275,0.48154094935040664
c_50388,2299,0.41343801481131326
c_504,2302,0.5645178598540681
c_5040,2294,0.6020363544677648
c_50417,2288,0.5973024595510006
c_50448,2291,0.5427916918106281
c_50464,2287,0.6231660949518246
c_50490,2290,0.5592647896962541
c_50492,2297,0.5425067058212616
c_505,2300,0.5899965099073389
c_5050,2294,0.6219974718840943
c_50518,2301,0.5747699160527093
c_50545,2256,
c_50551,2261,0.6908324261699593
c_50561,2299,0.5203982089836188
c_50572,2299,0.6037554698605755
c_50588,2304,0.5535162329194329
c_50595,572,0.5511964916514397
c_50605,2301,0.6411416851372823
c_5063,2296,0.6521929231796827
c_50641,2298,0.6514654859483657
c_50667,864,0.5260800554016418
c_50669,2298,0.6367221796177155
c_50697,2296,0.5677587471754588
c_50700,2300,0.6027992662301396
c_50706,2298,0.5892914608667666
c_50710,2301,0.585166613851247
c_50720,2300,0.5690935993072836
c_50725,2299,0.605799047154073
c_50740,2301,0.5407885393692379
c_50742,2296,0.5969652770480716
c_50745,2291,0.5352852630634896
c_50758,2300,0.5422295123889109
c_50765,2296,0.5822321061758424
c_50767,2301,0.5274999104345376
c_50791,2298,0.5265167182703604
c_50792,2294,0.5831861868225521
c_50805,2300,0.609990729574739
c_50819,2303,0.5525381562542173
c_50820,2302,0.6290459037833019
c_50824,2287,0.5687933111803756
c_50837,2276,0.5411023051783042
c_50842,2297,0.5174645474241416
c_50845,2298,0.5429758611613121
c_50849,2304,0.5580205531687998
c_5085,2303,0.5440603995336176
c_50854,2282,0.5999723902631461
c_50857,2291,0.5763787345738789
c_50881,2290,0.5949798714194814
c_5089,2297,0.559262540643822
c_509,2289,0.524290258449688
c_5090,2301,
c_50909,2296,0.4992971175112772
c_50918,2304,0.5853065271127444
c_50944,2299,0.5847475882701375
c_50946,2296,0.6160620624155306
c_50989,2297,0.4770975249287174
c_50990,2301,0.5501157503913359
c_51005,2291,0.6157889029646489
c_51009,2295,0.5948650429882631
c_51015,861,0.6486186228760811
c_51045,2303,0.47994722528232675
c_51053,2296,0.5536103318700026
c_51061,2302,0.5886951759806948
c_51063,565,0.5199395686818576
c_51068,2293,0.6045180216898781
c_51105,2300,0.5623814965951399
c_51135,2285,0.5544778634853244
c_51138,2301,0.5906943660820978
c_51149,2292,0.683018986946476
c_51212,2298,0.5480666315095946
c_5122,2291,0.6119827596933748
c_51231,857,0.5554336001360616
c_51248,2279,0.45057968760142536
c_51266,570,0.4841086700160608
c_51275,2302,0.4722857476204094
c_51331,2299,0.5196851317176426
c_51342,2303,0.5807456588645376
c_51347,2282,0.5849373175596693
c_51357,2287,0.6069559917397546
c_51371,2293,0.5435684389439541
c_51375,2297,0.5713483837443554
c_51407,2296,0.554091079850837
c_51434,2303,0.6764801771178279
c_51443,859,0.5510804235292335
c_51465,2297,0.6004230778212103
c_51466,2296,0.6384288531947667
c_51469,2208,0.5432226095266697
c_51476,854,0.553118143369836
c_51478,2303,0.5458469552011441
c_51483,2272,0.5770584053672209
c_5150,2299,0.6193468571875386
c_51525,2293,0.5322606225979525
c_51533,2303,0.5525825669875627
c_51539,2283,0.5677071582894481
c_5157,2298,0.4727004400212722
c_51585,2294,0.6064384020538222
c_51590,2298,
c_51601,2299,0.600941448972879
c_51628,2300,0.6142165707197249
c_51635,2298,0.6556561311046996
c_51655,2300,0.49585049294209516
c_51667,2298,0.47356327552920613
c_51668,2296,0.5409787725856343
c_51675,1147,0.5738312137331727
c_51699,2301,0.5145680098503104
c_51701,2284,0.6188264331096984
c_51724,2301,0.5485178833275088
c_51736,861,0.6209537383368481
c_51739,2283,0.5720862711025368
c_51769,2303,0.49341611811859964
c_51775,568,0.5596951261606703
c_51778,2300,0.5834988498401656
c_51783,842,0.556655219778212
c_51805,2300,0.6444893795044354
c_51826,2300,0.5428469891985888
c_51871,2297,0.5708727516941332
c_51895,855,0.5596049736738875
c_51949,2267,0.592406688824606
c_51950,2301,0.6438032488645324
c_52000,2300,0.5957248596986782
c_52007,2288,0.5658585177681945
c_52021,2301,0.6286281772313969
c_5204,2296,0.5765247083902453
c_52043,2299,0.5532037267304296
c_52050,2296,0.544867200140479
c_52054,2275,0.5793613684801217
c_52076,2291,0.4506721048599588
c_52089,2300,0.6188990388207245
c_52127,2297,0.534933011368091
c_52130,2303,0.6426932705330064
c_52139,2300,0.6391209802166711
c_52141,2302,0.5597115240622281
c_52156,2298,0.6601350786694292
c_52157,2301,
c_52171,2297,0.6298709314531766
c_52177,2265,0.5438277169212107
c_52182,2302,0.3894198255594242
c_52184,2294,0.5410101799184276
c_52201,2296,0.587723161796518
c_52213,2300,0.5764608032128914
c_52252,2300,0.586476056487838
c_52258,2302,0.6158942759167597
c_52281,2289,0.5048192984848248
c_52295,2209,0.6229790173465779
c_52306,2303,
c_52366,2242,0.6109387375375223
c_52375,2285,
c_52378,2255,0.5491879515701773
c_52398,863,0.5618013884744809
c_52415,2302,0.4920647385976928
c_52425,2280,0.5925187730402736
c_52433,2279,0.5726270767574916
c_52438,2302,0.6391096895363808
c_52446,2294,0.6303096365720575
c_52473,861,0.5485123325603022
c_52488,2301,0.5453789811338466
c_52518,2282,
c_52526,2299,0.4184652636704364
c_52536,2273,
c_52538,2246,0.6918949191065991
c_52541,2302,0.6040619421598462
c_52568,2301,0.5859263976130694
c_5259,859,0.5097488698641892
c_52600,2299,0.623524247903833
c_52602,2294,0.5164161962729052
c_52608,2300,0.587495811013111
c_52637,2292,0.38962566714436664
c_52647,569,0.5526727012349063
c_52652,1720,0.5205181577494461
c_5267,2299,0.5722810718669226
c_52672,2300,0.6362676385558182
c_52682,2280,0.5912059668109096
c_5269,2298,0.6093502217275104
c_52704,2302,0.6445282006027973
c_52707,2302,0.6031011226128483
c_52730,2303,0.4689343775008471
c_52740,2302,0.4893904980536762
c_52763,2295,0.6053597803643241
c_52764,2291,0.5323319345137066
c_52775,2304,
c_52780,2302,0.4861624001314602
c_52800,2278,0.5449677656611466
c_52812,2303,0.5223170138934323
c_52823,2269,0.505650187062706
c_52831,2300,0.5941833543870619
c_52833,2295,0.47990762984051116
c_52834,2302,0.5931369736650184
c_52863,2299,0.5309358348514481
c_52871,558,0.54674991249119
c_52881,2298,0.5664163061329797
c_52889,2297,0.6126104918995643
c_52894,2298,0.6016218394120683
c_52895,861,0.5660783820228796
c_52897,2298,0.5615285123888589
c_5290,2015,0.47302823801795074
c_52906,2298,0.5538573417132967
c_5292,2263,0.5976676436009213
c_52931,861,0.44580549561911864
c_5295,2286,0.6183475971968295
c_52952,2297,0.6067987087480297
c_52972,2278,0.5631183081249783
c_52984,860,0.5406513309265596
c_53005,2293,0.5912127624819729
c_53007,572,0.5070080869278525
c_53010,1993,0.5485607483384818
c_53027,2284,0.5051830177297685
c_53031,2274,0.49734018618802606
c_53039,2301,0.6632246123215098
c_53042,2299,0.5844293074062945
c_53046,2290,0.5662594596213362
c_53067,2286,0.5231490863165205
c_53070,2294,0.57068500275358
c_53076,2299,0.6187526158143559
c_53103,2303,0.6064879766877668
c_53114,2288,0.5658126840924615
c_53117,856,0.5689550461900011
c_53122,2292,0.49133370687534683
c_53127,2302,0.6470414990240723
c_53135,2303,0.6180285659111664
c_53136,2300,0.6051648653410183
c_53152,552,0.5485597976623973
c_53229,2299,0.5071997964349343
c_53243,2280,0.48525259688983935
c_53250,2288,0.5719829272369943
c_53251,2303,0.6584633231931233
c_53255,2300,0.5538589825119989
c_53273,2265,0.6539866820223413
c_53279,2237,0.5904244372948672
c_53287,2296,0.4868764183199063
c_53307,2295,0.6042066027847106
c_53334,2303,0.4948749330804034
c_53356,2301,0.604599509734718
c_53364,2263,0.6054112789536783
c_53368,2302,0.6072871447173969
c_5338,2293,0.564879346009774
c_53393,2302,0.515223997035204
c_53397,567,0.6459185028441092
c_53398,2251,0.5716499831108424
c_53412,2289,0.5888480768231067
c_53414,2285,0.5389137071483618
c_53433,2261,0.524413491502096
c_53442,2297,0.455753582938561
c_53457,2303,0.5450377426987968
c_53463,2301,0.5837771793342968
c_53465,2304,0.6225771206498671
c_53468,2302,0.6249303627908689
c_5350,2303,0.4941094517391277
c_53505,2297,0.5333497068661373
c_53537,2284,
c_53569,2298,
c_5357,2302,0.5797319511774984
c_53589,2278,0.5335512060123758
c_53611,2251,0.6071189010050725
c_53623,2288,0.4211111258379913
c_53636,2295,0.5842556244977221
c_53644,2298,0.5732617769745515
c_53653,2257,0.5056690361471888
c_53671,2302,0.5902906729937183
c_53676,2298,0.5048966221726212
c_53690,2299,0.6239891472258702
c_53699,2302,0.5909472246998004
c_53705,2303,0.561197144897151
c_53711,2296,0.5913417209769809
c_53733,2301,0.5625985879111013
c_53751,2294,0.542947451609771
c_53752,2285,0.5565274934662412
c_53755,2300,0.5845141807203496
c_53798,2285,0.5999470032870359
c_538,864,0.5463216098547189
c_53801,2261,0.5893813390425978
c_5381,2303,0.5732175904013588
c_53810,2299,0.5660283967911212
c_53821,2293,0.5158584839925158
c_53822,2300,0.43276435633455185
c_53823,2296,0.49169384873642497
c_53836,2289,0.5754094932524343
c_53837,570,0.6066012233344682
c_53838,2300,0.5568264830543899
c_53846,2299,0.5910215912317488
c_53860,2259,0.5579447372090575
c_53868,2300,0.5051830177297685
c_53875,2300,0.5579959922682024
c_53881,2299,0.5959843785764845
c_53893,2293,0.5591870824358157
c_53935,2302,0.5192720887462432
c_53957,2300,0.49373254356415464
c_53964,2303,0.5770516247711249
c_53979,2277,0.5150264097830156
c_53984,1724,0.5725593841062775
c_53988,2301,0.59258102367486
c_53989,2301,0.5971648321562781
c_54001,2298,0.5400551439422462
c_54002,2288,0.5652345907082225
c_54006,2302,0.5260330070568595
c_54007,2296,0.5266680773694045
c_54011,2302,0.5646767925192081
c_54014,2300,0.6202295162020386
c_54028,2298,0.5544772634100827
c_54031,2298,0.6066159316158231
c_54033,2292,0.6351181821291557
c_54047,2300,0.5875183813538968
c_54059,2283,
c_54065,2285,0.5954321128868538
c_54083,2291,0.5416204309534837
c_54089,2303,0.5064831094365452
c_54097,859,0.5299300175699625
c_54104,2303,0.5483982253885283
c_54131,2298,0.4879765880692448
c_54143,2248,0.6808233182503558
c_54165,2301,0.5466006473107587
c_54174,2296,0.5390430525595656
c_54187,2280,0.5749337592169967
c_54188,2292,0.6192102588780485
c_54192,2292,0.5312651498451881
c_54214,2294,0.5180915209428483
c_54224,2301,0.5428799127400048
c_54247,2302,0.6058695554593938
c_54251,2299,0.5989921461469048
c_54253,2303,0.5612346773159469
c_54254,2300,0.5737915124172709
c_54266,2300,0.4569443160927079
c_54287,2301,0.5581706538977987
c_54296,2287,
c_54323,2299,0.5801546575283175
c_54340,2275,0.500714602741884
c_5435,2302,0.6107377410399775
c_54354,2300,0.5874383373938262
c_5439,2300,0.6396538164994858
c_54394,2290,0.533379451071861
c_5442,2300,0.43742051105305696
c_54473,2299,0.564365253746035
c_54524,2293,0.6133759460805951
c_54535,2270,0.6122389517994735
c_54548,2295,0.5760513128259
c_54570,2272,0.5948269222440102
c_5462,2273,
c_54636,2302,0.48802463697122284
c_54638,2280,0.6090927695775845
c_54660,2301,0.6161836685321569
c_54671,2295,0.6363878995266669
c_54674,2298,0.5723238501234301
c_54687,2303,0.5929449623917176
c_54699,2260,0.5176460921913909
c_54708,2297,0.6050579289478784
c_5473,569,0.5509412218642354
c_54763,2227,0.5376696109675071
c_54800,2297,0.626353321252149
c_54807,2295,0.568089640510437
c_54826,2302,0.5256370728984404
c_54827,2274,0.6138382142931664
c_54854,2297,0.590587207884435
c_54869,2297,0.5551129050487242
c_54910,2299,0.636231050119868
c_54911,2287,0.6107819007899717
c_54915,2281,0.555302495899307
c_54925,2285,0.5444198521913831
c_54965,849,0.6301686551526585
c_54971,2294,0.5155539855740737
c_54973,2292,0.5787975155048994
c_55012,2292,0.5608611346825181
c_55019,2292,0.5775821284379015
c_55044,2303,0.5437634905934084
c_55047,2286,0.5766518918911631
c_55049,2299,0.5896722796717364
c_55056,2269,0.6010134787730247
c_55057,852,0.5658086738000834
c_55069,2300,0.5461686333611244
c_55076,2299,0.5863896261117917
c_55080,2260,0.5462920756590669
c_55112,2301,0.529794111445626
c_55120,2016,0.616696346625369
c_55121,2301,0.5407256856769007
c_55137,2227,0.5655337207456791
c_55141,2284,0.47543170476338786
c_55146,2283,
c_55155,2285,0.45907587667637595
c_55158,2304,0.6647500456418228
c_55160,2299,0.5380912215214684
c_55193,2300,0.6016001599174318
c_55196,2291,0.6102037431830806
c_55208,2291,0.5248475132695631
c_55230,2304,
c_55254,2297,0.5680413852960751
c_55256,2293,0.5336507148793689
c_55267,2294,0.5396838462384352
c_55281,2298,0.6327561497007794
c_55288,2302,0.6377905176043971
c_55291,2299,0.5670586065039175
c_55306,2282,0.6217582222120556
c_55329,2292,0.5048062527023426
c_55347,2301,0.5568731827858088
c_55356,2297,0.5650371263658699
c_55359,2301,0.5480853410322034
c_5536,2291,0.5726813476688158
c_55363,2283,0.5171944880878928
c_55383,2296,0.6044626603106543
c_55485,2300,0.5582804329637245
c_5551,2299,0.3894198255594242
c_55516,2301,0.4555535939553765
c_55544,2292,0.5503411727967306
c_5555,2299,0.5666822426133875
c_55585,2302,0.3894198255594242
c_55587,2263,0.5718359394789635
c_55613,2282,0.5726510259956805
c_55616,2300,0.6311528243921662
c_55617,2288,0.5784551122517383
c_55645,2304,0.610443216420752
c_55654,2298,0.5356407068336682
c_55662,2283,0.522430725020822
c_55664,2296,0.5431844499851912
c_55724,2289,0.48120902136076443
c_55729,862,0.5538727686903259
c_55743,2277,0.5606207126909898
c_55763,2281,0.5968652577492743
c_55768,2284,0.4888933954382114
c_55770,2302,0.571790538933426
c_55801,2299,0.5245086254719301
c_55809,2272,0.6048831994107349
c_55820,2283,0.416674690206157
c_55831,2275,0.5725515758762769
c_55850,2304,0.4786689293424862
c_55902,2294,0.545433480152235
c_55913,1438,0.6186602679675611
c_55944,2262,0.620322721183665
c_55955,2304,0.5852563757861817
c_55956,2300,
c_55978,2302,0.5133170712398296
c_55997,2296,0.47610663016983706
c_560,2296,0.6046290726230643
c_56013,2303,0.5377508604797232
c_56017,2304,0.43500493099468
c_5602,2302,0.5432420994198346
c_56025,2295,0.4553978399517393
c_5603,2277,0.6128102452007412
c_56030,2302,0.5330131155585477
c_56032,2293,0.5761491505929842
c_56045,2296,0.5979349140784267
c_56089,2255,0.6140455488956651
c_56097,2302,0.5594786190532479
c_56121,2302,0.5837519054310513
c_56123,2294,0.44871007698544524
c_56133,2301,0.6095805552055886
c_56156,858,0.5956527871320411
c_5616,2287,0.5420526495347155
c_5618,2302,0.5755874273419397
c_56193,2298,0.5866818791241868
c_56198,2300,0.6059350773695251
c_56202,2291,0.60039395514479
c_56203,2296,0.5699343928036021
c_56218,1429,0.523231824647246
c_56221,853,0.4881909180956113
c_56227,2267,0.49982924699268866
c_56236,2300,0.6494202619823819
c_56251,2262,0.5987819475580312
c_56263,2299,0.6861442638624445
c_56266,2281,0.5808332020174563
c_56281,2302,0.6004393429231478
c_56299,2292,0.5197671712973142
c_56302,2301,0.6158708921554968
c_5631,2008,0.6147039826258814
c_5632,2303,0.6180927887899853
c_56322,2303,0.5821541367942907
c_56324,2303,0.4917718118790549
c_56330,2289,0.6253513996836179
c_56331,2294,0.4384871564495193
c_56368,2296,0.5587631257455017
c_56371,2300,0.44667009819845727
c_56381,2299,0.4971728111865564
c_56396,1723,0.5666861476369944
c_5641,2288,0.5544431810880374
c_56442,2300,0.582365544629791
c_56452,2298,0.5216838462264134
c_56454,2291,0.4920172555510561
c_56455,2139,0.4973468887539557
c_56465,2255,0.6012139061648178
c_56471,2287,0.6514547388876193
c_56485,2299,0.5842900807480219
c_56504,2266,
c_56506,2299,0.5156398058235064
c_56514,2304,0.5964961351238521
c_56535,2288,0.5326709846046782
c_56539,2290,0.5620710544993365
c_56541,2304,0.5423316608887289
c_56542,2286,0.5211991701926791
c_56570,2299,0.635426592391239
c_56571,2303,0.5591341887676252
c_56580,2294,0.5582703343102536
c_56583,2295,0.6304221031504318
c_566,2288,0.5229775404748837
c_56607,849,0.4606369281158543
c_56624,2233,0.5569582134844911
c_56632,2294,0.3894198255594242
c_56634,2302,0.5817577804640549
c_56635,2291,0.5515250460575818
c_56637,2296,0.5847637636875772
c_56652,2292,0.5914276850046606
c_56663,862,0.47018028367634207
c_56673,2276,0.5970626849521384
c_56702,2299,0.5869766548130743
c_56707,2291,0.548574523159621
c_56710,2294,0.5337769579833749
c_56758,2295,0.590756413370552
c_56761,2298,0.5304303327433885
c_56770,2291,0.6225458590445851
c_56782,2295,0.6275306853443587
c_56813,2292,0.5744508029842977
c_56814,2300,0.4362085839710631
c_56816,2300,0.5841554135572335
c_5682,853,0.5774101863348385
c_56826,2292,0.5527076063348554
c_56843,2284,0.5659163974099151
c_56846,2304,
c_56850,857,0.5264683821561684
c_56857,1721,0.6933059991957241
c_56880,2285,0.5692240473137985
c_56895,2290,0.405276867942959
c_56922,2301,0.5617177300146833
c_56926,862,0.588405044407138
c_56932,2282,0.5813568032810992
c_56943,2297,0.539811179880075
c_56946,2301,0.60705811631796
c_56957,2293,0.522167282242061
c_56977,2299,0.45954829858805823
c_56998,2300,0.5185875545003554
c_57004,2303,0.6153273979499188
c_57006,2302,0.5667668928053368
c_57019,2301,0.502674390618102
c_57053,2298,0.569966441141518
c_57068,2300,0.618488553744914
c_57069,2266,0.6033684677601882
c_57075,2296,0.519107038071871
c_57078,2286,0.5239752908897578
c_57083,2280,0.5601806086668966
c_57087,2301,0.4362085839710631
c_57094,2277,0.4601627579129109
c_57124,2303,0.47184284903996404
c_57127,2295,0.53410768674775
c_57131,2286,0.5866610979882735
c_5715,2302,0.6401302902438721
c_57165,2281,0.3894198255594242
c_57178,2291,0.5537174527997458
c_57184,2299,0.6254074761437411
c_572,2285,0.5577625878674803
c_57280,2300,0.5894652998116713
c_57317,2302,0.5336316147565401
c_57321,2289,0.5862241388895194
c_57347,2288,0.5445265132551573
c_57351,2302,0.4554161082870034
c_57353,2267,0.6120363880424458
c_5736,2280,0.5865470566400027
c_57377,855,0.4962900583675473
c_57387,2288,
c_57394,2304,
c_5741,2271,0.5409389476223542
c_57424,2296,0.5823324648493006
c_57428,2301,0.5664629586499245
c_57429,2297,0.652721271768373
c_57433,574,0.5461132906562508
c_57441,2298,0.5242799284827819
c_57446,2297,0.6014142877991395
c_57460,2290,0.5131266263121047
c_57486,2297,0.5038893272997631
c_57492,2303,0.5360029685386787
c_57518,2301,0.6225035351810518
c_57567,863,0.5639039577963753
c_57607,2300,0.619798802042601
c_57655,2293,0.5787366129180633
c_57685,2294,0.586248421335806
c_57687,2300,0.576686105419621
c_5770,2297,0.5578541978631845
c_5771,862,0.4866807157938738
c_5773,2301,0.6123427339920391
c_57730,2295,0.5704569732137242
c_57742,2289,0.6651900134404166
c_57760,2294,0.6293513534393693
c_57766,2279,0.6032037129957935
c_57772,2279,0.5106475706407471
c_57774,2300,0.5963046268419631
c_57776,2271,0.6336562357716484
c_57777,2303,0.5117723205501264
c_57778,2300,
c_57807,2297,0.5769966402138128
c_57812,2299,
c_57834,2282,
c_57844,568,0.5636040686614815
c_57852,2301,0.5446726624731156
c_57875,2303,0.5501965676466521
c_57898,2299,0.5859952423309347
c_57908,2299,0.4619390106239981
c_57924,2261,0.5427694316543686
c_57935,2292,0.4425355523911823
c_57943,2300,0.594733375339811
c_57951,2293,0.501512600345509
c_57953,860,0.6330701819610504
c_57954,2295,0.5784862222660078
c_57965,2301,0.47186263621935887
c_57980,2242,0.6147030236066853
c_57992,2200,0.6244287884609826
c_58004,859,0.5168917227236479
c_58068,2285,0.5919295140701961
c_58070,2299,0.5913735542479668
c_58072,863,0.5576431551781642
c_58076,2301,0.5993089435329348
c_58088,2251,0.5845473046439409
c_58094,2295,0.6160855194410871
c_58108,861,0.4813663556056395
c_5814,516,0.5979103567409767
c_58145,855,0.6281275448976443
c_58153,2299,0.5343735819626564
c_58157,2297,0.6596777773217539
c_58160,2301,0.5229758760864547
c_58173,2300,
c_58182,2272,0.5505936740427843
c_58191,2299,0.6242613857125213
c_58221,2301,0.5325882117404548
c_58242,2294,0.5318191893075637
c_58246,2295,0.47898718326067585
c_58264,2303,
c_58295,571,0.6792640452904048
c_583,2288,0.5540402761664202
c_58312,2301,0.564283701071493
c_58323,2299,0.4931054278692913
c_58339,2288,0.3894198255594242
c_58348,2302,0.591150964920747
c_58362,2301,
c_58367,2282,0.6138473052801089
c_58378,2300,0.5835865887437078
c_58380,2291,0.5300993794947905
c_58392,861,0.5596548856437831
c_58405,2299,0.5185985465731651
c_58431,2302,0.5871554830824305
c_58476,2246,0.525548038804498
c_58494,1435,0.5593352624493361
c_58507,2300,0.6270629647736712
c_58546,2298,0.5050243203810109
c_58564,861,0.42972377063888917
c_58580,2301,0.4829768029408833
c_58590,2302,0.6053321344582043
c_58603,2302,0.5985569327457216
c_58616,2279,0.532824747670262
c_5863,2293,0.6675653806301707
c_58646,2280,0.5451724846413986
c_58714,2304,0.6126827663572249
c_58721,2300,0.5755432713509079
c_58726,569,0.5750673403151225
c_5875,2287,0.4903767996817904
c_58779,2299,0.6946803761391136
c_58792,2300,0.45153762831432764
c_58829,2261,0.5775575688022907
c_58830,2301,0.5463494361731605
c_58854,2291,0.5783001886615008
c_58875,2295,0.6472662935106228
c_58876,2301,0.5901635890115116
c_58878,2290,0.5529010162154082
c_58884,2253,0.5447959809765103
c_58935,2304,0.7141935920229195
c_5895,2302,0.4362085839710631
c_58951,2298,0.48558438888378697
c_58986,2287,0.5664937003278032
c_58992,2294,0.5732687900477647
c_59008,2301,0.5771555946713991
c_59010,2299,0.5563863392605726
c_59017,2298,0.5665158909690042
c_59018,2296,0.6064084566254471
c_59019,2294,0.6091204310595373
c_59049,2297,0.5715620850375711
c_59061,2298,0.6167706459583163
c_59068,2291,0.5745777040741119
c_59081,2286,0.5451170305440268
c_59108,2297,0.5553349188679237
c_59131,572,0.6111372317719285
c_5916,2299,
c_59191,2281,
c_59207,2303,0.4876637828549314
c_59210,2301,0.5749490457405217
c_59230,1437,0.6187425232132272
c_59239,2301,0.6253427730910097
c_5924,2273,0.5508491999641055
c_59272,2288,0.4590261572304848
c_59284,852,0.555100779722731
c_59298,2283,0.5577254774032947
c_59305,2293,0.545388696231612
c_59307,2272,0.5756878425038743
c_59370,2302,0.5907324956849946
c_59373,2298,0.5933775765176769
c_59390,2301,0.5809017831511939
c_59418,2279,
c_59435,2286,0.5897418988359483
c_5945,2299,0.5402954308892631
c_59469,2300,0.5955279494146689
c_59487,2282,0.6146767576758267
c_5949,563,0.5418609662610785
c_59508,855,0.5447703464794054
c_59523,2210,0.5523917528812041
c_59533,2297,0.6167205974326806
c_59566,2285,0.6184958338248631
c_59581,2285,0.47040910271455394
c_59598,861,0.4626982651937263
c_5961,2296,0.5686129615538742
c_59617,569,0.5468689285156282
c_59629,2117,0.5862042541932067
c_59676,1143,0.5643425857590094
c_59711,2294,0.6222793178204175
c_59719,1934,0.5687649029303573
c_59721,2251,0.6128985775770586
c_59742,2298,0.4643554336412587
c_59746,2302,0.5755378128743869
c_5977,2282,0.5854704933040374
c_59771,2296,0.5232857822023167
c_59777,2295,0.5042517658723937
c_5981,2300,0.5806534548712672
c_59814,2297,0.45567529908487625
c_59825,2298,0.556781450988789
c_59829,2288,0.6083682084320562
c_59830,2302,0.5431924553449327
c_59855,2296,0.5589252688889663
c_59905,2303,
c_59918,2296,0.5241195449283511
c_59936,2268,0.5184244015625825
c_5995,863,0.6304353101922903
c_59960,2285,0.5627443500652446
c_59961,2299,0.5652500813430174
c_5998,856,0.4270535952447326
c_59980,2266,0.5733829459430253
c_59998,848,0.5929264012106727
c_6,2301,0.5359249566357364
c_60002,2254,0.6186177648861627
c_60017,2304,0.648148060827841
c_60032,2294,0.5615411213703664
c_6004,2302,0.5606214337055364
c_60060,2304,0.5717822755632423
c_60091,2295,0.5837774883933682
c_60117,2299,0.5269851408311303
c_60118,569,0.5119393296141231
c_60119,2243,0.4926431786757608
c_60123,2298,0.4794438605933837
c_60127,2292,0.5307601425087389
c_60131,2290,0.5344425813445325
c_60139,2282,0.6324563117294628
c_60148,2299,0.5239503155566836
c_60150,555,0.4644013497362981
c_60169,2258,0.5371585552961934
c_60186,2301,0.5871762222860385
c_60196,2298,0.4767685861505731
c_60199,2291,0.563167828766186
c_60200,2290,0.5877352187483594
c_60208,2301,0.5685072536596001
c_60211,2292,0.5661447083370241
c_60219,2295,0.5978936310889572
c_60236,2298,0.5635932936806862
c_60238,2301,0.612879330946915
c_60244,2286,0.6005351826986125
c_60266,2301,0.57755900141922
c_60275,2298,0.6025600526596281
c_60306,2296,0.5488332510490904
c_60318,2301,0.5863818693119377
c_60326,2272,0.5453636527410488
c_60333,2300,0.599345295249386
c_60356,2299,0.6312145421709192
c_60367,2300,0.5541988978876946
c_60396,2301,0.5524256153538604
c_60399,2299,0.5245388768233173
c_60419,859,0.5037537624000633
c_60436,2299,0.5590108472940931
c_60442,2299,0.5250992660035404
c_60462,2301,0.6396489254930876
c_60474,2262,0.6208752406330825
c_60485,2275,0.5462198466074796
c_60520,2296,0.5382958418344346
c_60521,2302,0.6294537381381184
c_60529,2300,0.5847874508474468
c_60532,2286,
c_60537,2273,0.600136985772861
c_60548,2293,0.5132936382341434
c_60558,2302,0.4990317470768141
c_60585,2298,0.4803560147021922
c_60587,2288,0.5195240532595234
c_60595,2294,0.5854774022382083
c_60596,2300,0.6130594728590916
c_60606,2295,0.4537589817777535
c_60637,2258,0.5929031673202902
c_60640,2301,0.6539622309420855
c_60642,2292,0.6135189060219843
c_60650,2299,
c_60695,2297,0.570480688892729
c_60698,2303,0.6240115566057417
c_60718,2289,0.5018553328109427
c_60724,2304,0.5396951832423255
c_60728,2283,0.5988669354046363
c_60737,2290,0.5660555801177841
c_60755,2272,0.5907350932557017
c_6076,2303,0.4462880390449557
c_60767,571,0.46567492194982174
c_6078,2296,0.6301792718598436
c_6083,2288,0.5656346767206842
c_60847,2285,0.5747318845189576
c_60855,2299,0.5621691156026261
c_6093,2289,0.5680596920826237
c_60936,2300,0.6019417281936015
c_60937,859,0.5236570271615102
c_60940,2303,
c_60942,2298,0.5311243313743249
c_60950,2293,0.60377286521975
c_6099,2279,0.6006931175139962
c_61005,2300,0.5798595770453884
c_61007,2294,0.5258876297858704
c_61035,2299,0.5768921052159887
c_61037,2288,0.5643488758280643
c_61052,2276,0.5615092105108095
c_61061,2299,0.4961321969893448
c_61084,2296,0.5332162755939566
c_61096,1726,0.6261648430792291
c_61100,863,0.5520755053342147
c_61104,2285,0.5291700024142274
c_61112,2292,0.49211318426101414
c_61118,565,0.4266673229822093
c_61126,2303,0.6020490874138555
c_61136,2302,0.5409635199149958
c_6116,2288,0.5505836604388277
c_61178,2290,0.6149171923552972
c_6118,2303,0.5929124667516468
c_61200,2298,0.6527347331221017
c_61205,2282,0.5389724115367298
c_61210,859,0.5161425704743083
c_61227,861,0.4968020151188488
c_61251,1434,0.590058778514308
c_61266,2289,0.6688462304472381
c_6130,2299,0.5320777245342545
c_6131,2282,0.5586293897522943
c_61325,2294,0.5668560808504565
c_61357,2277,0.5265912896566214
c_61382,2281,0.5438629321058884
c_61400,2298,0.5515919623552371
c_61405,2304,0.5428011773611927
c_61411,2301,0.4805055630918732
c_61425,2301,0.5896201691537128
c_61472,2283,0.6301988476546686
c_6148,2190,0.6105642629116486
c_61502,2284,0.5912302980936958
c_61511,2302,0.5789970836784066
c_61518,1433,0.5635723110702143
c_61534,2283,0.6385500739038593
c_61536,2273,0.6403418876674114
c_61544,2299,0.6040418188602003
c_6160,564,0.48113212146459383
c_6161,2300,0.4362085839710631
c_61651,2286,0.5666028058838918
c_6167,858,0.5793000684119033
c_61688,2293,0.5972227247929165
c_61709,2300,0.5933418119090966
c_61736,2298,0.5555846471255546
c_61739,2294,0.6105539693313002
c_61741,2290,0.513649741992695
c_61802,2301,0.5096456945325943
c_61805,2292,0.5949719638463962
c_61820,2304,0.4397856864730338
c_61830,2301,0.5775296712841195
c_61837,2272,0.6136510337773413
c_61846,2302,0.4874800316298784
c_61875,2289,0.6204938347873286
c_61884,2297,0.6465887522687039
c_61892,2298,0.5869261535936766
c_61903,2304,0.4388346897165954
c_61920,2300,0.5431756561135833
c_61931,2298,0.5950292418697654
c_61962,563,0.4205032380178574
c_6197,2297,0.5993197251603498
c_61980,2302,0.5573046719989936
c_61981,2302,0.5683899713977366
c_62012,574,0.5084653974650649
c_62025,2301,0.4996490263064229
c_62029,2265,0.5233848266081434
c_6203,2279,0.5661871258701968
c_62033,2297,0.5434252589261378
c_62040,2283,0.6250205376176806
c_62044,2295,0.5624321849747308
c_62071,2289,0.3894198255594242
c_6208,2301,0.5938939945853513
c_62090,2300,0.4395117452580288
c_62121,846,0.6091658800214838
c_62123,855,0.5315787360918385
c_62130,2283,0.5913310915632913
c_62137,2294,0.6255382733187905
c_62155,2301,0.5727722592147935
c_62178,2291,0.5674440477223117
c_62187,2288,0.5637417896706463
c_62193,2292,0.5659256128860508
c_62195,2300,0.598899956449031
c_62196,2303,0.4525400240016495
c_62214,2293,0.5228902757358855
c_62236,2300,0.5875136457248517
c_62238,2298,0.5372356233162026
c_62264,2011,0.47038604675412177
c_62272,2296,0.6517765769598788
c_62280,2299,0.48285813327812066
c_62284,2303,0.540451114816493
c_6229,2304,0.6113776913242592
c_62325,2302,0.6607092965714314
c_62343,2298,0.604743000762854
c_62352,2299,0.5199820514358193
c_62360,2266,0.5190213767102023
c_62365,2304,0.5577386539951722
c_62370,573,0.602014925287973
c_62371,2289,0.5120251416733195
c_62393,2301,0.538223626428242
c_62402,2301,0.5675571000151326
c_62414,2303,0.5509161214825206
c_62423,2208,0.5054400765399584
c_62428,2243,0.6029485222861818
c_62430,2294,0.6258823910272249
c_62484,2284,0.5309878275946348
c_62504,2285,0.5626852039108489
c_62539,2303,0.4192200926022121
c_62549,2299,0.5528025954700441
c_62555,2299,0.4948833320594426
c_62578,1433,0.6200128340979211
c_62579,2299,0.5833014045971335
c_62581,2299,0.5578059717781291
c_62597,2278,0.5733072982147017
c_62615,2301,0.5641027567651955
c_62616,2278,0.633571626727822
c_62642,2273,0.5549767077628756
c_62665,2293,0.6094971357822874
c_62667,2281,0.5746079164677921
c_6267,2252,0.5442924451561608
c_62672,2293,0.5465115230991162
c_62685,2255,0.5761585431845316
c_62687,2297,0.5455637487145243
c_62710,856,0.34529498115179635
c_62736,2277,0.5566016595737825
c_62763,2298,0.5907752414167219
c_62765,2304,0.6270761752003179
c_6277,2302,0.6260789042265892
c_6278,565,0.5997200300204105
c_6282,2295,0.5823369749689705
c_62823,2293,0.6708522511369136
c_62852,2299,0.5559615832614992
c_62888,2297,
c_62894,2303,0.5552621011993657
c_62931,2294,0.5125689203275192
c_62937,2297,0.5612127070465855
c_62946,2302,0.5814878590112202
c_62980,849,0.5519200572069776
c_62985,2302,
c_63,2298,0.6105241191109966
c_6300,1722,0.5688619374179203
c_63039,2282,0.4924406813849088
c_63041,2304,
c_63066,2272,0.5791071178708794
c_63073,2301,0.5744913019176495
c_63104,2288,0.5419724385510225
c_63106,2302,0.5974223955779703
c_63112,2292,0.6044974621683118
c_63115,2303,0.4686088731731701
c_63134,2295,0.5286845484345815
c_6316,854,0.5954717207214986
c_63184,2268,0.5840601831225287
c_6322,2302,0.6170973493578202
c_63263,859,0.6201049959462896
c_63281,2301,0.5170180383541312
c_63316,2294,0.49114187515615293
c_63317,2010,
c_63318,2282,0.5784641399803513
c_6333,2299,0.5828991684461104
c_63331,2279,0.6138455451406398
c_63341,2301,0.6120945971663412
c_63342,2284,0.6110445529170854
c_63348,2303,0.5807762588030876
c_6337,2282,0.5234702552020313
c_63382,573,0.526295313631493
c_63386,2294,0.5695068981863087
c_63388,2286,0.5716280034435485
c_63390,2269,0.5997897037541006
c_63392,2247,0.6362299667512208
c_63423,2302,0.5863063646677318
c_6346,2288,0.5834780519315597
c_63464,2290,0.5396220598074252
c_63467,2296,
c_63500,2295,0.6009961672533982
c_63505,2291,0.579244209283366
c_6353,2289,0.5673031990285236
c_63535,2291,0.5622342069159459
c_63542,2295,0.6056732737239092
c_63558,2291,0.5302282346221946
c_63578,2290,0.5383334180693479
c_63579,2300,0.5603396189443575
c_63602,2300,0.4588211432076347
c_63607,2301,0.5281751282736544
c_63634,2301,0.5750806498201606
c_63638,857,0.6331112928543654
c_63644,2300,0.5802310945449867
c_63645,2296,0.5632984818002639
c_63679,2300,0.5434068272215236
c_63687,2301,0.41529431685158535
c_63726,2283,0.5951186664827353
c_63780,2297,0.6282354513674224
c_63781,2224,0.5980441815426653
c_63791,2181,0.4362085839710631
c_63811,2283,0.41550552935023505
c_63841,2293,0.5541526835545221
c_63847,2257,0.54328305450353
c_63863,2301,0.6066321882474012
c_63867,2299,0.6466972730490299
c_6388,2298,
c_63880,2267,0.6082815622193276
c_63881,2293,0.4603659156507944
c_639,2300,0.6066724603828623
c_63912,2296,0.7331647773322364
c_63955,1913,0.5820466564705656
c_63969,2290,0.5713987354595715
c_6397,2292,0.5268813267241683
c_63980,2299,0.5660514677419801
c_6401,2290,0.614958653284548
c_64015,2289,0.5924117614723061
c_64030,2301,0.6286765828189678
c_64042,2240,0.5814533609054746
c_64051,2301,0.5933695283913358
c_64057,2302,0.6286222944996372
c_64078,2288,0.49792820828740136
c_64085,2292,0.5505901031053664
c_64126,862,0.6112093903400515
c_64132,2300,0.5807667529582611
c_64135,2301,0.5729710129985246
c_64145,2278,0.5871220681740528
c_64162,2300,0.5292529234983852
c_64187,2301,
c_64193,2300,0.48100138317002505
c_64201,2287,0.5086436266061191
c_64215,2302,0.6189498315828903
c_64276,2282,
c_64287,2225,0.5932797519571402
c_6430,2298,0.5405415458852658
c_6431,2275,0.6380488686775851
c_64315,2278,0.5872803585496483
c_64320,2281,0.5745292784931108
c_64327,2304,0.5904885283783753
c_64351,2300,0.6181834240243697
c_64386,2296,0.49712048681541177
c_64387,2285,0.6090656051069336
c_64404,2288,0.5686575253118142
c_64409,2297,0.587393913386381
c_64441,2278,0.5294591277758854
c_64443,2302,0.5249550148081263
c_64454,2293,0.5894253879922261
c_64475,2295,0.5747476096879961
c_64493,2300,0.6072855703346657
c_64508,2303,0.5144667949617745
c_64509,2303,0.5213820501372264
c_64536,2301,0.5724094777510226
c_64543,2297,0.4866738735007756
c_64544,2301,0.5550821203316713
c_64547,2299,0.5457088815346919
c_64556,857,0.5444017765034287
c_64561,847,0.540450686401545
c_64563,2293,0.5872719812015723
c_64570,2291,0.5493549979882085
c_64596,2298,0.5783687447972335
c_64598,2279,0.5303039343646178
c_64613,2290,0.6052451510556051
c_64618,2300,0.5700441072595607
c_6463,2301,0.571687695172584
c_64635,2294,
c_64643,2294,0.6206811295402617
c_64648,2300,0.5959736541257262
c_64665,2299,0.5872661539441869
c_64680,2277,0.6995690915846354
c_64683,2303,0.5966975070323722
c_64693,566,0.5698031058415778
c_64717,2303,0.5167430399938912
c_6474,2300,0.3894198255594242
c_64764,2294,0.5343965928307911
c_64773,2302,0.5236140989199969
c_64831,2299,0.5314889579979957
c_64866,2295,0.5214277703501978
c_64898,2302,0.5715652486322543
c_64899,2301,0.6344408722424114
c_649,2259,0.6167621621608897
c_6490,2301,
c_64900,2293,0.5761347580309392
c_64916,2293,0.6106706000389086
c_64918,2296,0.6085715582734406
c_64929,2297,0.5510425816179222
c_64940,2289,0.544413725080091
c_64946,2297,0.5199141271933865
c_6495,2301,0.539219911959204
c_64975,2297,0.5569691418380799
c_64982,2300,0.5792326876321132
c_64984,2294,0.5607342615131884
c_65018,2301,0.6624702910173174
c_65022,2301,0.4117954096505659
c_65074,2303,0.6091074133361737
c_65075,2277,0.4115148919005504
c_65083,2301,0.6090546451836477
c_65135,2299,0.5961848982074979
c_65234,2294,0.5674025875485155
c_65244,2298,0.5573509091500671
c_65259,2293,0.6188667769337929
c_65287,2293,0.3894198255594242
c_65298,861,0.6262322172158651
c_65311,2293,0.540235902842634
c_65347,2302,0.6077500670740464
c_65358,1436,0.5521125482521382
c_65384,2299,0.4198783652228412
c_65388,2298,0.5235551135488122
c_65403,2298,0.5412402290515271
c_65410,2300,
c_65415,2298,0.5818037569700972
c_65438,2304,
c_65466,2298,0.5384696475163916
c_65473,2302,0.5134612867699019
c_65475,2288,0.5991993088193175
c_65487,2304,0.5566956564252433
c_65494,2277,0.6256044464502437
c_65506,2303,0.5848379658696055
c_65525,2303,0.536402888533777
c_65536,2301,0.5930696233636984
c_65542,2300,0.5900918272955546
c_65544,2301,0.3894198255594242
c_65548,2302,0.6757532112613329
c_65567,2273,0.6237633242671722
c_65569,2286,0.4659270755302307
c_65592,574,0.41476003018227464
c_65606,2304,0.6319424828992132
c_65626,2251,0.5401462936744096
c_65635,2288,0.408716806207664
c_65639,2299,0.5366538420991571
c_65641,860,0.5093859627931019
c_65643,2302,0.5847959805522212
c_65648,2303,0.4969397750893388
c_65653,2298,0.5478656260969588
c_65656,2303,0.5411219063024695
c_65663,2279,0.647798929208858
c_65671,2298,0.5866882816804224
c_65678,2298,0.6312087037886484
c_6568,2299,0.5569001098237577
c_65689,2303,0.5893131760534213
c_657,2260,0.6247172929078194
c_65703,2292,0.5938762032361287
c_65727,2294,0.6214932583593821
c_65732,572,0.5619587567890884
c_65750,2300,0.6657675839441076
c_65755,2285,0.537623045621172
c_65757,2293,0.5435474460648221
c_6576,2290,0.5509619903087741
c_65824,2302,0.5221548890684384
c_65856,572,0.5144679717393701
c_65859,2299,0.5523230344585177
c_65892,856,0.6183297256506146
c_65904,2299,0.5651640789514956
c_65906,2304,0.5944559899292464
c_65911,2302,0.5333148056495013
c_65913,2289,0.6416306074276467
c_65916,2292,0.5505918249028929
c_65921,2304,0.4783839081547089
c_65930,2297,0.516470307685881
c_65931,2297,0.5890677527262768
c_65935,2297,0.6001824882094134
c_65936,2296,0.5496944385829855
c_65948,2279,0.5542118509311286
c_65949,2288,0.633925535880023
c_65964,2298,0.5700412188543671
c_6597,2295,0.5867393449668878
c_65987,2301,0.531718679850408
c_65990,2299,0.5199728120426508
c_65992,2291,
c_66006,2285,0.5906542666294052
c_6601,2213,0.4198783652228412
c_6602,2288,0.54130901826555
c_66023,2291,0.4253354570842308
c_66037,2272,0.6301794199751068
c_66048,2300,0.4362085839710631
c_66049,2301,0.5266971778504039
c_66058,2296,0.589248890064543
c_6607,2299,0.4740608113662109
c_66134,2302,0.4314640895701062
c_66147,2299,0.607896694599412
c_66152,2300,0.4698618882625033
c_66166,2299,0.5875520400247078
c_66178,853,0.5324023690121561
c_66193,2302,0.6222248414533722
c_662,1437,0.5898041894266403
c_66204,2296,0.3894198255594242
c_66232,857,0.5687692038019413
c_6627,2303,0.6174084804392116
c_66274,860,0.5476653132588635
c_66279,576,0.5216432091688279
c_66288,2290,0.5789337838330575
c_66306,2297,0.5762114439087883
c_66310,1419,0.5853926691671044
c_66328,2294,0.6206758079935484
c_66334,2299,0.5810162823771885
c_66339,2288,0.5285142203051149
c_66345,2303,0.6560377399222685
c_66366,2299,0.3894198255594242
c_6637,2302,0.5917075370926462
c_66372,2298,0.5787540183338689
c_66380,2290,
c_66390,1394,0.635495471038903
c_66391,2299,0.5756407823776896
c_66394,2288,0.5965009250923057
c_66409,2303,0.5200579223454895
c_66415,2299,0.5701314270343059
c_66416,2297,0.6135477632892556
c_66418,849,0.5614614829554098
c_66421,2299,0.4521362878522991
c_66426,2288,0.5913423994964534
c_66476,2301,0.5908984450167963
c_66495,2301,0.5678821302551486
c_66509,2294,0.5618954603713124
c_66519,2292,0.5879252784124933
c_6652,2303,0.5342801677713191
c_66522,2302,0.5367481861739767
c_66525,2302,0.536724262065112
c_6653,2296,0.5342146619267305
c_66534,2298,0.628968299111154
c_66537,2282,0.6014242457246194
c_6655,2303,0.557307868850865
c_66571,2291,0.5545505298283387
c_66585,860,0.47815770734140467
c_66589,2300,0.5674742514236679
c_66638,2250,0.5592498799147458
c_66643,2300,0.6457388570425012
c_66646,859,0.5229377949396781
c_66648,2289,0.6146434427880448
c_6665,2299,0.5681531498585365
c_6667,2301,0.5516728170480693
c_66690,2304,0.6000331590489136
c_66695,2298,0.5858716016973645
c_66703,858,0.5711696509340393
c_66706,2292,0.5908221328029302
c_6673,2296,0.3894198255594242
c_66738,2301,
c_66788,2303,0.5636410536195239
c_66796,2291,0.5318828145397314
c_66807,1718,0.5871032988612256
c_66813,2287,0.5012165411380451
c_66826,2278,0.5386979291251051
c_66861,2298,0.5671464234933367
c_66875,2301,0.5652765782218553
c_66893,2298,0.5892991046444287
c_66910,2296,0.5248935752871573
c_66919,2302,0.5927577411161178
c_66920,572,0.49632323753132845
c_66922,2303,0.5426793077428775
c_66931,2300,0.5519544502976188
c_66934,2296,0.6068322537175354
c_66935,2284,0.6070038709288034
c_66942,2290,0.465413882079142
c_66944,2296,0.584202058937765
c_66951,2301,0.5413689656146209
c_66966,2285,0.5527336613289602
c_6697,2304,
c_66976,2296,0.5704139501761498
c_67015,2304,0.6060557416457191
c_67053,2266,0.5781293590684667
c_67063,850,0.5556488168544895
c_67082,2303,0.6016855630580833
c_67095,2297,0.5247455741732275
c_67130,2298,0.5334438552927233
c_67133,2297,0.5285120957377355
c_67139,2301,0.5817980906085191
c_67142,2298,0.568063889118469
c_67179,2302,0.6164509935746595
c_67208,849,0.6209618442257566
c_6721,2288,0.6056680083310093
c_67226,2298,0.4882195062687747
c_67234,2297,0.5182442941479497
c_67235,2301,0.5445844510355543
c_67238,2300,0.6637902842009773
c_67248,2288,0.5486372006492902
c_67254,2294,0.5483524431604601
c_67261,2297,0.5515444755251367
c_67262,2300,0.5503497004555777
c_67271,2303,0.4639911191791111
c_67272,2297,0.5780298174840857
c_67282,2273,0.6091368742141291
c_67284,2285,0.5612092788855092
c_67294,2300,0.609574870760205
c_67300,2225,0.3894198255594242
c_6732,2282,0.6482170110018498
c_67346,2303,0.5858365361883883
c_67347,2286,0.5155107515726969
c_67358,2285,0.5411935067232743
c_67365,2275,0.4459416372993637
c_67372,2285,0.5528631958420338
c_67383,2285,0.5776528428135314
c_67399,2234,0.5571209065334805
c_67424,565,0.5456735278218763
c_67427,2284,0.572630122318204
c_67449,2298,0.3894198255594242
c_67454,2294,0.5535376289805185
c_67456,2259,0.5191948492819084
c_67464,858,0.548444520399187
c_67470,572,0.5231444064416998
c_67474,2284,0.5604565151375418
c_67486,2291,0.5357139985949677
c_67513,571,0.579860744698278
c_67515,2303,0.5585402321888467
c_67586,2298,0.5836379390700686
c_67602,2296,0.5602203192283475
c_67614,2297,0.6099141810943332
c_67632,861,0.41714858501247787
c_67633,2298,0.49538674254445025
c_67665,2303,
c_67666,2299,0.6458155119828151
c_67670,2300,0.5838059448956706
c_67682,2276,0.5738511585086294
c_67685,2300,0.5934780214783341
c_67689,2277,0.5884079163483453
c_67697,2298,0.5381475748416101
c_67700,2303,0.6218064906023333
c_67702,2293,0.6260317991762873
c_67704,2300,0.5669339566403163
c_67716,2289,0.5770069029532124
c_6772,2299,0.5687028364259684
c_67730,2234,0.6233944001476295
c_67738,2289,0.6187776029422897
c_67743,2299,0.5573108519848223
c_67747,2303,0.62360630728618
c_67750,2302,0.6408423348103663
c_67757,2269,0.5866991553345927
c_67766,2288,0.5938625696800086
c_67774,2299,0.5760047373844417
c_6778,864,0.568168205674657
c_67783,2301,0.5504750903537557
c_67785,2304,0.4803881949648849
c_67810,569,0.5360755509100074
c_67836,2251,0.6220081860350382
c_67855,2236,0.6087622942130021
c_67856,2285,0.5117382055273598
c_67862,2275,0.3894198255594242
c_67869,2212,0.5925359825159398
c_67877,2254,0.5375606609202384
c_67888,2301,0.5312945133827686
c_67890,2293,0.5997106211282487
c_67891,2289,0.6055147181547962
c_67893,2273,0.5429399849002394
c_67900,2285,0.45032612637984765
c_67907,1424,0.5782013022829698
c_67919,573,0.5316899849785449
c_6792,2294,0.5236498122632378
c_67925,2288,0.5973575363918562
c_67956,2261,0.629285917371346
c_67988,2301,0.5007617397735972
c_680,2302,0.516908097822385
c_68004,2302,0.5444025892009643
c_68014,2284,0.47050337529065145
c_68017,2303,0.5973473183174433
c_68042,2302,0.537395124357289
c_68052,864,0.6286922354283647
c_68057,2301,0.562644737644482
c_68078,2294,0.522227018625085
c_68092,2291,0.5007846336866322
c_68104,2291,0.639422987371396
c_68111,2283,0.6456240198247061
c_68130,2289,0.6226441759727328
c_68151,2301,0.5190959034372242
c_68161,2239,0.6164010293489731
c_68165,2299,0.5869283010595153
c_6817,2297,0.6081218722614452
c_68203,2304,0.5205432617413881
c_6821,2302,
c_68210,2282,0.5363455584681546
c_68235,2285,0.60783520487151
c_68263,2276,0.654965307379374
c_6828,2279,0.6096897726645986
c_68285,2297,0.5330746081042879
c_683,2291,0.5478554877781877
c_68364,2302,0.6065493947047104
c_6837,2302,0.5686426681888401
c_68370,2301,0.6101208554094882
c_68416,2294,0.4694963008987557
c_6842,2298,
c_68493,1416,0.47304776180820524
c_68506,2300,0.6036027819024795
c_68515,2297,0.6279879947160171
c_68519,2300,0.5665018614675492
c_68534,2298,0.5764300527956471
c_68537,859,0.5621418197966328
c_68555,2296,0.5332381665441844
c_68556,2303,0.5582887082279325
c_68576,2300,0.5166588597878863
c_68587,2284,0.6105990335767132
c_6859,2297,0.6878483267050401
c_68596,858,0.5982430682625959
c_68606,2301,0.6146860875131999
c_68635,2278,0.5301851521747012
c_68649,2291,0.47487612175517147
c_68664,570,0.4227854860885617
c_68669,2294,0.5839000224668748
c_68678,2291,0.5550623007504266
c_68680,2304,0.6728270454024353
c_68682,2292,0.3894198255594242
c_68685,2302,0.5161399805925753
c_6875,2297,0.580353407477185
c_68769,2295,0.6006551255569293
c_68774,2275,0.568675533742536
c_68778,2279,0.6218916187105791
c_68789,2274,0.5510569764158769
c_68802,2300,0.6026281015620576
c_68818,857,0.567964742845179
c_68840,2280,0.5869670505013636
c_68868,2300,0.5567033351264578
c_68880,2300,0.6286174829455233
c_68904,2299,0.6680107773240099
c_68911,2295,0.48131752720175286
c_68924,2276,0.5927321953191085
c_68947,2299,0.4671982326556623
c_68951,2265,0.6026649530147762
c_68953,2289,0.5225344189141905
c_68955,2272,0.5430322222343146
c_68967,2302,0.5576222558378253
c_68977,2299,0.3894198255594242
c_69,2237,0.5570703401563022
c_690,2301,0.601621635591013
c_69035,2301,0.5731992790640601
c_69040,2301,0.4639928985740763
c_69043,2282,0.55072419710199
c_69048,2289,0.5912070373319642
c_69074,2294,
c_69076,1978,0.5981771011970515
c_6908,2302,0.5670440419374719
c_69081,2277,0.6045727186566566
c_69103,2298,0.6121121847924812
c_69116,2296,0.6069798939849764
c_6912,2241,0.5690637803172025
c_69129,2293,0.5908863854390226
c_6915,2301,0.5999462326001661
c_69157,2299,0.5611422649788989
c_6916,2297,0.5952777074009518
c_69173,2300,0.5784117392525103
c_69184,2294,0.5821068406940877
c_69196,2291,0.6640683418134113
c_69209,2289,0.5485465320737161
c_69231,2302,0.5269979314730814
c_69236,2294,0.586399550824234
c_69278,834,0.4292557214842647
c_69295,2292,0.5962129193475639
c_69297,2299,0.5682755783941155
c_69311,2270,0.5373098070975434
c_69326,2301,0.6429586808727363
c_69336,2303,0.5492793765336633
c_69372,2264,0.5859545121335563
c_69373,2282,0.3894198255594242
c_69383,2299,0.5364486505040257
c_69386,2302,0.6059135399669757
c_69418,2295,0.6390612376836343
c_69425,2298,0.42494579386805226
c_69471,2300,0.5912380653922904
c_69478,2299,0.6061718785548492
c_69481,2302,0.6701576088950569
c_69497,859,0.6222925979367319
c_69501,2303,0.595322450184901
c_69521,2274,0.6015062250980738
c_69541,2301,0.5890820646275001
c_69548,562,0.5393613574735681
c_69555,2299,0.5812654405477445
c_6957,2293,0.6084186130765723
c_69592,2301,0.641283203049793
c_69596,2265,0.5103520086564092
c_696,2283,
c_69617,2253,0.5178448292224528
c_6963,2271,0.5622716059026471
c_69653,2293,0.5391433295876884
c_69681,2298,0.598585370137019
c_69703,2284,0.5322784817818456
c_69704,2288,
c_6971,2292,0.5647342475724123
c_69711,2290,0.5542136142440178
c_69731,2287,0.561907879765665
c_69738,2299,0.5606033747850359
c_69740,2298,0.6009006253804569
c_69744,2300,0.489947601554861
c_69750,862,0.576594101671349
c_69758,2300,
c_6977,548,0.5333997982117431
c_69774,2256,0.5732142487678639
c_69776,2301,0.5598923726540926
c_69778,2284,
c_69788,2288,0.48318365400830504
c_69792,2296,0.5334919855500888
c_69794,2302,0.5501916598800568
c_69815,2303,0.5698846556142995
c_69823,859,0.6120576069677798
c_69831,2304,0.5371091487636791
c_6984,2303,0.5562422387291379
c_69850,2303,0.6162377911735609
c_69864,2296,0.5400362046119436
c_69871,2299,0.5792354253235052
c_69886,2288,0.5470877384152162
c_69919,2289,0.48408559221333
c_69923,2292,
c_69931,2256,0.5817739423574373
c_69981,2298,0.5684219627019609
c_69992,2277,0.5189521376370633
c_70006,2235,0.510999891277346
c_70011,2256,0.6017582974692759
c_70021,2293,0.6550900514146434
c_7008,2285,0.3894198255594242
c_70095,2298,
c_70106,2298,0.5342803486982952
c_70108,2284,0.5603922494042608
c_70116,2303,
c_70130,2294,0.5905373209319633
c_70174,2299,0.5049139941487129
c_70177,1418,0.551431686561509
c_70193,2267,0.6522526494418804
c_70203,2293,0.5651675086089684
c_70219,2303,0.5875253612696102
c_70243,2300,0.5967330215714439
c_7026,2277,0.6221837094323495
c_70267,859,0.49988582869702325
c_70283,2296,0.6086613401580018
c_70286,2303,0.5888810944702043
c_70291,2300,0.41134050357923974
c_70310,569,0.5184241442912445
c_70317,1433,0.479222095249378
c_70327,2263,0.6091887090359627
c_70331,2286,0.5670515415809044
c_70337,2296,0.5900866988981901
c_70342,2303,0.6121084097455933
c_70349,2302,0.5703279011223218
c_70351,2292,0.572083320751219
c_70352,2301,0.5709364863797174
c_70355,2249,0.49698094940959353
c_70373,2302,0.5990945082928768
c_70387,2248,0.5965738443276103
c_70393,572,0.542338424362403
c_70419,2291,0.5839447233609384
c_70423,2287,0.5314617324212636
c_70430,2296,0.436220128546754
c_70432,2300,0.5112932789692776
c_7044,2293,0.5978669952347037
c_70446,2303,0.6419846432238241
c_70448,2304,0.6402018191753274
c_70455,2267,0.5747819197376458
c_70467,2260,0.6046388172082591
c_70469,2296,0.5659709425237218
c_70500,2299,0.5887048345271249
c_70508,2297,0.5841748014536797
c_70526,2296,0.5674717728541536
c_70540,2298,0.6123625507895386
c_70586,2294,
c_70600,2296,
c_70610,570,0.5897215173345849
c_70615,2277,0.6152880191127469
c_70620,2304,0.6724543474093724
c_70640,2300,0.5477893652193415
c_70647,2301,0.4860226830147969
c_70669,2300,0.5132593486912762
c_70686,2298,0.44286379535617354
c_70690,2286,0.6078912030865942
c_70693,2301,0.5052869548159051
c_70694,2297,0.5595688642385866
c_70697,2297,0.5250294675175802
c_70711,2298,0.6041353676254388
c_70734,2301,0.5711370706555813
c_70737,2292,0.5379334190102795
c_70741,2282,0.5926139186273017
c_70747,2300,0.5378876398849206
c_70756,2249,0.570807420059703
c_70765,857,0.5875776310222727
c_70766,2294,0.6170790932104502
c_70769,2295,0.550704634812785
c_7077,2292,0.6380349114552529
c_70848,2297,0.4618217771097388
c_7087,2302,0.5958050479511257
c_70882,2301,
c_70897,2301,0.5626636332920785
c_70903,2299,0.5402121244893378
c_70913,2290,0.5296188478205013
c_70953,2299,
c_70957,572,0.4975444454272677
c_70963,2283,0.5908221393921874
c_70968,2300,0.4800906028739138
c_70979,2282,0.570718115675072
c_70993,2258,0.5399516348555687
c_71000,1715,0.5638267845405668
c_71012,2283,0.48953745162391804
c_71013,2303,0.544625851616761
c_71030,2295,0.6078581435493249
c_71043,2282,0.5721275044111497
c_7105,2300,0.5865712256198938
c_71055,2296,0.6458703442330905
c_71058,2285,0.5836267546850156
c_7106,2301,0.561706640262811
c_71077,2283,0.6035388133942551
c_71085,2255,0.5781644336353479
c_71097,2300,0.6066681634790088
c_71099,2301,0.6139771083230509
c_71141,2299,0.42447579816574316
c_71152,2295,0.538717473569219
c_71153,2303,0.6142302376492272
c_7117,574,0.4490113484775104
c_71178,2283,0.5570980262906853
c_71180,2303,0.6266171147161257
c_71186,2295,0.6205545259008782
c_71212,2301,0.5007637135962097
c_71224,2295,0.6805304892579978
c_71239,2302,0.452255497447311
c_71253,2295,0.5218386178438073
c_71271,2296,0.505572839973913
c_71278,2294,0.6310610867683996
c_71284,2299,0.6236150529443606
c_7129,2301,0.4720710745536525
c_71312,2291,0.5593475172617873
c_71318,2291,0.6102700666697587
c_71321,2298,0.6092766378416204
c_71331,2288,0.48722157281537015
c_71368,2302,0.5662193429959872
c_7139,2283,0.44698350151526123
c_71398,2289,0.48583096121855945
c_71417,2284,0.5398192714017954
c_71447,2303,0.5928126795052563
c_71475,2293,0.4570855486357507
c_7150,575,0.5275461536776935
c_7166,2289,0.42077214987492856
c_7171,2302,0.5225375141196934
c_7173,2261,0.6279967061091304
c_718,2288,0.585088586451919
c_7190,862,0.44011536308678245
c_7191,2303,0.5854784296650811
c_7240,2293,0.6484036999341312
c_7241,2293,
c_7257,2292,0.5406194410161252
c_7278,2299,0.6202564234511707
c_7283,860,0.6201976546036074
c_7301,2302,0.6491887142220165
c_732,567,0.6336261273308031
c_7354,2304,0.5072610429224602
c_7374,2284,0.5878931635905712
c_7391,576,0.4268430367876155
c_7400,2303,0.5518964847770992
c_7428,2286,0.5511506356111455
c_7454,2301,0.5446110388747126
c_7470,2302,0.6039047422166782
c_7483,2302,0.5454347566477062
c_7485,2301,0.5848164202182918
c_7490,2265,0.6067500869620811
c_7503,854,0.561756924392913
c_751,2299,0.5125082997603748
c_7527,2300,0.5662479742530151
c_7529,2286,0.5089947232190356
c_7531,2289,0.5157798006673845
c_754,2299,
c_7549,2295,0.658320911188362
c_7553,2292,0.626847217576489
c_7561,2302,0.5311673590356086
c_7582,2300,0.6518606186078685
c_7583,2286,0.559263597017017
c_7601,2296,0.6681208149172108
c_7602,2289,0.5980604106138229
c_7616,2285,0.548708351300576
c_7640,1436,0.633950287816967
c_7641,2300,0.5962825237641558
c_7658,2281,0.5469746731964178
c_7673,861,0.49401197589609724
c_7686,2302,0.5737705810084611
c_7688,2229,0.5463071018472617
c_7692,2301,0.48111395823986103
c_7706,2285,0.5798692713005299
c_772,2299,0.5812094653202483
c_7736,2296,0.5827770083966957
c_7738,2281,0.6315272992514521
c_7740,858,0.5593702279929064
c_7749,2235,0.5737136877797501
c_7779,2301,0.5695774476498243
c_7794,2302,0.5523729232441676
c_7822,852,0.5914603983586482
c_7840,2299,0.6077262463374214
c_7887,2292,0.5913961809860991
c_7892,2297,0.44073435063562294
c_791,2295,0.396984088396772
c_7914,2291,0.43501510321087744
c_7930,2293,0.5738678345050533
c_7972,2298,0.5506435390561705
c_7974,2301,0.5357082486885497
c_7985,2298,0.6407183578375164
c_7998,2299,0.5354258151766658
c_8001,2291,0.4198783652228412
c_8045,2302,
c_8050,566,0.574642658283721
c_8054,2298,0.564391465837719
c_8066,862,0.5158503966893007
c_8068,2302,0.5490729638540737
c_8077,2281,
c_8081,2010,0.4150009811589578
c_8117,2273,0.5316266367198552
c_8119,2299,0.5258744619123882
c_8135,2304,0.5687103344945073
c_8137,2300,0.5240375412055239
c_8139,2285,
c_8146,2289,0.517450076359816
c_8154,1905,0.587878836459643
c_8183,2304,0.5824779778006564
c_8186,2295,0.5611756521631058
c_8194,2298,0.6278341769728306
c_8226,2268,0.5051406322250367
c_8232,2303,0.5818381849672553
c_8234,2282,
c_8240,2296,0.5405891619250837
c_8244,2297,0.5722395305582728
c_8253,2297,0.6475944884183804
c_8266,2294,0.5789279295407556
c_8267,2301,0.5925424053519954
c_8280,2298,0.5550446116664585
c_8294,2295,0.5094525176366703
c_8316,2298,0.5777679576956068
c_8334,2301,0.5717244738624455
c_8337,2260,0.5264276672006194
c_8357,2280,0.5178000402387459
c_8364,2301,0.5640741475652301
c_8367,2299,0.557229974628915
c_8374,2302,0.47686625474304983
c_8390,2300,0.6424466810429308
c_8414,2303,0.6325979485490686
c_8428,2288,0.6630536822614589
c_8438,2296,0.6031783793618211
c_8481,2293,0.6218392636459069
c_8484,2299,0.6274262485836432
c_8485,2283,0.5569251759639999
c_8490,2299,0.5724749800352809
c_8496,1434,0.510167275659713
c_850,2284,0.5475673447422187
c_8509,2277,0.5595561222066202
c_8511,2279,0.4671787088182317
c_8514,2302,0.5562972670590248
c_8518,2304,0.5237796684040041
c_8534,573,0.5287841368444146
c_8543,2294,0.5624387080646919
c_8571,2281,0.5672249954346588
c_8576,2291,0.48800300503450794
c_8580,2286,
c_8582,2302,0.5386405997392071
c_8608,2280,0.566143029120257
c_8610,2298,0.5821022669274858
c_8617,2302,
c_862,2270,0.6444268317516398
c_8629,2282,0.6167781911667128
c_8654,2300,0.5472423395388168
c_8669,2297,0.6146386004636678
c_8671,2299,0.4841157197799272
c_8707,2299,0.5831787650927257
c_8709,2290,
c_8716,2290,0.5079595447070845
c_8719,2302,0.5889762726902458
c_8720,2299,0.6097891814792833
c_8782,2273,0.5407845277223817
c_8786,2296,0.6482250317984795
c_8792,862,0.5347061948079378
c_8817,2301,
c_8822,2287,0.6394176389773221
c_8826,1433,0.5332315105009106
c_8839,2293,0.6185499315427263
c_8848,2281,0.5362199789442479
c_8858,2295,0.6026395339849366
c_8859,2286,0.5434918028544878
c_8863,2298,0.4948067804689767
c_887,2301,0.6128693802448004
c_8886,2302,0.5591919865333362
c_890,2295,0.628075646730913
c_8901,2300,0.5497150622518175
c_8913,2288,0.621855852940147
c_893,2296,0.5931315220287025
c_8932,2288,0.5591814249924231
c_8938,2265,0.5574729732624488
c_8939,2288,0.546185203701012
c_8954,2285,
c_8955,2293,0.5496737517797364
c_896,2299,0.5673095273274016
c_8961,2297,0.5560103684559203
c_8966,2297,0.6073112192005025
c_8995,2302,0.6159007251075038
c_9006,2291,0.6161679334397353
c_9012,2299,0.5733271096225389
c_9040,2275,0.515723385725045
c_9047,2222,0.6260458006684826
c_9051,2301,0.5206775226345364
c_9054,856,0.7198859036271427
c_9059,863,0.5764752837120898
c_9092,2293,0.6283950547128087
c_91,2286,0.5669442725263708
c_9107,2269,0.5799677831665284
c_9118,2284,0.5738953499542524
c_9130,2300,0.5259998548232785
c_9142,2296,0.5986492397740054
c_9144,2282,0.4671427036967701
c_9145,2297,0.45412550789276346
c_9148,2217,0.5282520026531318
c_9149,2279,0.6420175478013069
c_9155,2297,0.5051830177297685
c_9168,2260,0.4362085839710631
c_9186,2302,0.5790082454139712
c_9187,2299,0.6672624973035729
c_9189,2301,0.574941737951925
c_9193,2281,0.4668000756917354
c_9197,2296,0.5468182357767555
c_9202,2303,0.6023818349170299
c_9203,2302,
c_9241,2294,0.5706551027717024
c_9263,2297,0.5917473457292088
c_9271,2290,0.5510314570958006
c_9285,2302,0.5832937553119256
c_9295,2301,0.5759177561802372
c_9302,2303,0.5597618391711497
c_9304,2272,0.537232741212269
c_9314,2301,0.546657890939399
c_9330,2291,0.6000897339093333
c_936,2299,0.6130559702320258
c_9365,2303,0.5096005154113331
c_9376,2298,0.5903078018565648
c_9378,2294,0.6023160529704213
c_9392,2299,0.6037229853515299
c_9402,2300,0.6407241482752446
c_9404,2298,0.5711075674688678
c_9428,2296,0.5207850523241199
c_943,2288,
c_9443,2301,0.4685271894900939
c_9445,2284,0.5537239212099516
c_9452,2274,0.6084677255396561
c_9470,2302,0.6193481312243837
c_9473,2284,0.5758053605350982
c_9478,2301,0.5703826775938111
c_9501,2297,0.46904564928379894
c_9510,568,0.5474451090720287
c_953,2280,0.5756737386255916
c_9553,2298,0.5344155709033018
c_9555,2301,0.5869172153886825
c_9565,2303,
c_9598,2297,0.5184572316555044
c_9600,851,0.548454792367715
c_9633,2300,0.5177950702138724
c_9665,2290,
c_9666,2287,0.3894198255594242
c_9687,2295,0.604505558433889
c_9706,2304,
c_9757,2304,
c_9768,2295,0.6098173265585116
c_9773,2299,0.4475789501124365
c_9779,2279,0.5450225252696769
c_9782,2298,0.5916295498790185
c_9792,2301,0.5434104125411997
c_9805,2291,0.5819716909471526
c_9842,1436,0.5364591210296769
c_9857,2291,0.6220186309930764
c_9868,2290,0.5293272369090426
c_9899,2239,0.5725815716711604
c_9914,2288,0.5722273250640966
c_992,2292,0.542883599800542
c_9941,2300,0.6221839215025315
c_9956,2289,0.5796905182827495
c_9961,2300,0.6097802604449569
