container_id,start_idx,end_idx,n_points
c_10032,0,339,339
c_10036,339,677,338
c_1005,677,1016,339
c_10065,1016,1355,339
c_10076,1355,1689,334
c_10082,1689,2028,339
c_10104,2028,2361,333
c_10105,2361,2698,337
c_10109,2698,3036,338
c_10137,3036,3375,339
c_1017,3375,3706,331
c_10175,3706,4041,335
c_10188,4041,4379,338
c_10203,4379,4712,333
c_10214,4712,5017,305
c_10215,5017,5357,340
c_1024,5357,5681,324
c_10241,5681,6019,338
c_10249,6019,6352,333
c_10256,6352,6688,336
c_10260,6688,7027,339
c_10261,7027,7365,338
c_10264,7365,7700,335
c_10267,7700,8038,338
c_10318,8038,8377,339
c_10326,8377,8714,337
c_10335,8714,9053,339
c_10351,9053,9391,338
c_10355,9391,9724,333
c_10412,9724,10064,340
c_10415,10064,10403,339
c_10417,10403,10742,339
c_10429,10742,11080,338
c_10435,11080,11414,334
c_10439,11414,11751,337
c_10441,11751,12086,335
c_10452,12086,12424,338
c_10457,12424,12756,332
c_10459,12756,13096,340
c_10467,13096,13435,339
c_10483,13435,13773,338
c_10518,13773,14111,338
c_10527,14111,14450,339
c_10587,14450,14786,336
c_10588,14786,15123,337
c_1060,15123,15462,339
c_10603,15462,15796,334
c_10605,15796,16134,338
c_10619,16134,16468,334
c_10620,16468,16807,339
c_10632,16807,17138,331
c_10654,17138,17475,337
c_10663,17475,17812,337
c_10672,17812,18142,330
c_10677,18142,18480,338
c_10684,18480,18819,339
c_10704,18819,19158,339
c_10728,19158,19488,330
c_10749,19488,19826,338
c_10775,19826,20158,332
c_10810,20158,20497,339
c_10813,20497,20832,335
c_10816,20832,21170,338
c_10821,21170,21504,334
c_10822,21504,21843,339
c_10824,21843,22183,340
c_10838,22183,22507,324
c_10844,22507,22836,329
c_10854,22836,23174,338
c_10870,23174,23512,338
c_10875,23512,23852,340
c_10903,23852,24188,336
c_1091,24188,24523,335
c_10910,24523,24862,339
c_10929,24862,25201,339
c_10950,25201,25539,338
c_10965,25539,25876,337
c_10968,25876,26214,338
c_10987,26214,26548,334
c_10995,26548,26886,338
c_10999,26886,27222,336
c_11007,27222,27561,339
c_11015,27561,27897,336
c_11019,27897,28237,340
c_11059,28237,28577,340
c_1108,28577,28913,336
c_11113,28913,29252,339
c_11124,29252,29592,340
c_11125,29592,29927,335
c_11133,29927,30265,338
c_11138,30265,30596,331
c_1114,30596,30931,335
c_11178,30931,31267,336
c_11179,31267,31598,331
c_11203,31598,31936,338
c_11210,31936,32274,338
c_11227,32274,32611,337
c_11240,32611,32947,336
c_11243,32947,33285,338
c_11245,33285,33620,335
c_11250,33620,33959,339
c_11264,33959,34294,335
c_11271,34294,34632,338
c_11277,34632,34971,339
c_11286,34971,35310,339
c_11337,35310,35647,337
c_11349,35647,35966,319
c_11359,35966,36302,336
c_1137,36302,36641,339
c_11380,36641,36980,339
c_11418,36980,37317,337
c_11430,37317,37656,339
c_11433,37656,37987,331
c_1144,37987,38326,339
c_11450,38326,38664,338
c_11455,38664,39003,339
c_11459,39003,39341,338
c_11473,39341,39678,337
c_11502,39678,40018,340
c_11505,40018,40354,336
c_11517,40354,40692,338
c_11523,40692,41022,330
c_11532,41022,41359,337
c_11533,41359,41697,338
c_11539,41697,42033,336
c_11540,42033,42372,339
c_11550,42372,42703,331
c_11555,42703,43041,338
c_11564,43041,43378,337
c_11567,43378,43717,339
c_11585,43717,44054,337
c_11589,44054,44393,339
c_11591,44393,44732,339
c_11601,44732,45070,338
c_11624,45070,45406,336
c_1163,45406,45737,331
c_11634,45737,46074,337
c_11642,46074,46403,329
c_11655,46403,46740,337
c_1166,46740,47079,339
c_11680,47079,47415,336
c_11687,47415,47748,333
c_11730,47748,48086,338
c_11732,48086,48425,339
c_11737,48425,48758,333
c_11739,48758,49091,333
c_11751,49091,49426,335
c_11759,49426,49763,337
c_1177,49763,50100,337
c_11781,50100,50439,339
c_11787,50439,50772,333
c_11802,50772,51108,336
c_11809,51108,51447,339
c_11812,51447,51786,339
c_11820,51786,52122,336
c_11821,52122,52461,339
c_11843,52461,52800,339
c_11857,52800,53135,335
c_11864,53135,53468,333
c_11889,53468,53806,338
c_11917,53806,54143,337
c_1194,54143,54481,338
c_1195,54481,54813,332
c_11985,54813,55140,327
c_11999,55140,55479,339
c_12,55479,55818,339
c_12008,55818,56157,339
c_1203,56157,56495,338
c_12035,56495,56834,339
c_12074,56834,57168,334
c_12078,57168,57507,339
c_12084,57507,57845,338
c_12111,57845,58170,325
c_1214,58170,58508,338
c_12141,58508,58844,336
c_12176,58844,59178,334
c_12183,59178,59516,338
c_12209,59516,59855,339
c_12212,59855,60192,337
c_12223,60192,60530,338
c_12238,60530,60869,339
c_12251,60869,61199,330
c_12254,61199,61536,337
c_12260,61536,61875,339
c_12264,61875,62204,329
c_12272,62204,62541,337
c_12281,62541,62879,338
c_12282,62879,63218,339
c_12293,63218,63556,338
c_12362,63556,63895,339
c_12375,63895,64231,336
c_12425,64231,64570,339
c_12436,64570,64901,331
c_12448,64901,65240,339
c_1245,65240,65578,338
c_12451,65578,65901,323
c_12462,65901,66233,332
c_12471,66233,66570,337
c_12481,66570,66899,329
c_12499,66899,67233,334
c_12514,67233,67570,337
c_12526,67570,67908,338
c_12536,67908,68248,340
c_12545,68248,68586,338
c_1255,68586,68920,334
c_1256,68920,69256,336
c_12562,69256,69595,339
c_12596,69595,69933,338
c_12604,69933,70271,338
c_12607,70271,70610,339
c_12645,70610,70946,336
c_12670,70946,71284,338
c_12674,71284,71619,335
c_12689,71619,71952,333
c_12691,71952,72287,335
c_12695,72287,72626,339
c_12701,72626,72961,335
c_12715,72961,73299,338
c_12722,73299,73631,332
c_1277,73631,73969,338
c_12774,73969,74308,339
c_12775,74308,74641,333
c_12782,74641,74978,337
c_12792,74978,75314,336
c_12798,75314,75648,334
c_12814,75648,75986,338
c_12819,75986,76322,336
c_12831,76322,76656,334
c_12839,76656,76996,340
c_12840,76996,77333,337
c_12859,77333,77672,339
c_12879,77672,78011,339
c_12894,78011,78343,332
c_12896,78343,78677,334
c_12903,78677,79015,338
c_12910,79015,79353,338
c_12931,79353,79689,336
c_12935,79689,80023,334
c_12954,80023,80360,337
c_12959,80360,80699,339
c_12962,80699,81038,339
c_12981,81038,81376,338
c_12991,81376,81712,336
c_13013,81712,82044,332
c_13025,82044,82381,337
c_1304,82381,82713,332
c_13045,82713,83050,337
c_1306,83050,83389,339
c_13073,83389,83727,338
c_13083,83727,84067,340
c_13086,84067,84403,336
c_13122,84403,84735,332
c_13131,84735,85072,337
c_13141,85072,85410,338
c_13165,85410,85749,339
c_13171,85749,86081,332
c_13187,86081,86419,338
c_13200,86419,86755,336
c_13204,86755,87091,336
c_13210,87091,87429,338
c_13231,87429,87765,336
c_13290,87765,88099,334
c_13298,88099,88429,330
c_13314,88429,88768,339
c_13323,88768,89100,332
c_13326,89100,89436,336
c_13329,89436,89775,339
c_13334,89775,90099,324
c_13348,90099,90438,339
c_13357,90438,90777,339
c_1339,90777,91115,338
c_13396,91115,91454,339
c_1340,91454,91793,339
c_13416,91793,92132,339
c_13453,92132,92467,335
c_13459,92467,92805,338
c_1348,92805,93139,334
c_1349,93139,93478,339
c_13497,93478,93815,337
c_13518,93815,94134,319
c_13539,94134,94472,338
c_13541,94472,94812,340
c_13595,94812,95151,339
c_136,95151,95489,338
c_13606,95489,95822,333
c_13628,95822,96161,339
c_13665,96161,96496,335
c_13666,96496,96835,339
c_13676,96835,97174,339
c_13677,97174,97512,338
c_13678,97512,97851,339
c_13687,97851,98184,333
c_13692,98184,98523,339
c_1373,98523,98860,337
c_13749,98860,99198,338
c_13760,99198,99538,340
c_13762,99538,99869,331
c_13770,99869,100209,340
c_13773,100209,100548,339
c_13808,100548,100883,335
c_13823,100883,101208,325
c_13828,101208,101547,339
c_13832,101547,101882,335
c_13842,101882,102219,337
c_13866,102219,102559,340
c_13876,102559,102897,338
c_13880,102897,103232,335
c_13899,103232,103570,338
c_13906,103570,103904,334
c_13916,103904,104241,337
c_13919,104241,104568,327
c_13920,104568,104907,339
c_13949,104907,105243,336
c_13979,105243,105581,338
c_13980,105581,105920,339
c_1399,105920,106253,333
c_13991,106253,106592,339
c_13992,106592,106930,338
c_14009,106930,107268,338
c_1401,107268,107601,333
c_14027,107601,107939,338
c_14035,107939,108184,245
c_14045,108184,108522,338
c_14049,108522,108860,338
c_14064,108860,109189,329
c_14084,109189,109527,338
c_1409,109527,109864,337
c_14106,109864,110198,334
c_14107,110198,110536,338
c_14122,110536,110872,336
c_14125,110872,111209,337
c_14133,111209,111548,339
c_14140,111548,111879,331
c_14169,111879,112214,335
c_14185,112214,112550,336
c_14210,112550,112889,339
c_1422,112889,113228,339
c_14233,113228,113567,339
c_14236,113567,113906,339
c_14257,113906,114237,331
c_14258,114237,114577,340
c_1426,114577,114916,339
c_14275,114916,115256,340
c_14294,115256,115595,339
c_14347,115595,115929,334
c_14387,115929,116268,339
c_14391,116268,116592,324
c_14397,116592,116931,339
c_14399,116931,117268,337
c_1441,117268,117607,339
c_14429,117607,117945,338
c_14433,117945,118282,337
c_14434,118282,118614,332
c_14446,118614,118952,338
c_14469,118952,119284,332
c_14472,119284,119621,337
c_14477,119621,119958,337
c_14478,119958,120293,335
c_14485,120293,120631,338
c_145,120631,120962,331
c_14516,120962,121295,333
c_14530,121295,121631,336
c_14537,121631,121967,336
c_14538,121967,122306,339
c_14558,122306,122641,335
c_14591,122641,122960,319
c_14621,122960,123298,338
c_14643,123298,123636,338
c_14666,123636,123975,339
c_14668,123975,124314,339
c_14670,124314,124651,337
c_14712,124651,124989,338
c_14723,124989,125323,334
c_14725,125323,125660,337
c_14732,125660,125998,338
c_14733,125998,126334,336
c_14737,126334,126673,339
c_14738,126673,127010,337
c_14739,127010,127348,338
c_1483,127348,127688,340
c_14833,127688,128019,331
c_14842,128019,128356,337
c_14852,128356,128695,339
c_14864,128695,129016,321
c_14865,129016,129348,332
c_14884,129348,129686,338
c_1492,129686,130023,337
c_14921,130023,130361,338
c_14937,130361,130692,331
c_14955,130692,131031,339
c_14963,131031,131365,334
c_14964,131365,131702,337
c_14968,131702,132037,335
c_14989,132037,132368,331
c_14998,132368,132695,327
c_1502,132695,133024,329
c_15023,133024,133360,336
c_15049,133360,133699,339
c_15072,133699,134038,339
c_15077,134038,134377,339
c_15095,134377,134715,338
c_15100,134715,135055,340
c_15112,135055,135388,333
c_15163,135388,135716,328
c_1519,135716,136052,336
c_15190,136052,136389,337
c_15208,136389,136725,336
c_15209,136725,137063,338
c_15215,137063,137402,339
c_1524,137402,137738,336
c_15241,137738,138074,336
c_15271,138074,138414,340
c_15279,138414,138753,339
c_15294,138753,139093,340
c_15305,139093,139431,338
c_15316,139431,139769,338
c_15329,139769,140109,340
c_1537,140109,140448,339
c_15391,140448,140787,339
c_15405,140787,141122,335
c_15408,141122,141460,338
c_15440,141460,141799,339
c_15447,141799,142133,334
c_15452,142133,142472,339
c_15468,142472,142812,340
c_15498,142812,143149,337
c_15501,143149,143488,339
c_15510,143488,143819,331
c_1553,143819,144156,337
c_15543,144156,144495,339
c_15548,144495,144833,338
c_1557,144833,145166,333
c_15594,145166,145503,337
c_15599,145503,145842,339
c_156,145842,146174,332
c_15602,146174,146510,336
c_15606,146510,146847,337
c_15607,146847,147184,337
c_15612,147184,147520,336
c_15637,147520,147856,336
c_15651,147856,148195,339
c_15674,148195,148525,330
c_1568,148525,148863,338
c_15688,148863,149199,336
c_15736,149199,149534,335
c_15773,149534,149873,339
c_15774,149873,150202,329
c_15796,150202,150540,338
c_15803,150540,150858,318
c_15805,150858,151195,337
c_1581,151195,151526,331
c_15816,151526,151859,333
c_15821,151859,152184,325
c_1584,152184,152521,337
c_15846,152521,152854,333
c_15889,152854,153191,337
c_15893,153191,153528,337
c_15902,153528,153865,337
c_15934,153865,154202,337
c_1594,154202,154536,334
c_15971,154536,154873,337
c_16,154873,155203,330
c_16018,155203,155539,336
c_16021,155539,155876,337
c_16026,155876,156212,336
c_16027,156212,156548,336
c_16035,156548,156886,338
c_16048,156886,157222,336
c_16054,157222,157562,340
c_16056,157562,157899,337
c_16069,157899,158238,339
c_1609,158238,158576,338
c_16092,158576,158914,338
c_16109,158914,159252,338
c_16114,159252,159584,332
c_16148,159584,159914,330
c_16149,159914,160253,339
c_1615,160253,160591,338
c_1616,160591,160927,336
c_16169,160927,161014,87
c_16186,161014,161349,335
c_16201,161349,161687,338
c_16241,161687,162026,339
c_16242,162026,162362,336
c_16243,162362,162700,338
c_16247,162700,163035,335
c_16253,163035,163369,334
c_16255,163369,163705,336
c_16287,163705,164041,336
c_16289,164041,164380,339
c_16301,164380,164717,337
c_16304,164717,165056,339
c_16324,165056,165388,332
c_1635,165388,165723,335
c_16351,165723,166062,339
c_16352,166062,166399,337
c_16363,166399,166730,331
c_16384,166730,167066,336
c_16395,167066,167404,338
c_16406,167404,167739,335
c_16441,167739,168078,339
c_16467,168078,168418,340
c_16474,168418,168756,338
c_16483,168756,169096,340
c_16484,169096,169427,331
c_16492,169427,169762,335
c_16500,169762,170100,338
c_16504,170100,170431,331
c_16516,170431,170757,326
c_16538,170757,171092,335
c_1655,171092,171427,335
c_16563,171427,171766,339
c_16567,171766,172102,336
c_16570,172102,172436,334
c_16573,172436,172771,335
c_16593,172771,173111,340
c_16607,173111,173444,333
c_16651,173444,173781,337
c_16662,173781,174119,338
c_16683,174119,174456,337
c_16685,174456,174790,334
c_16710,174790,175118,328
c_16723,175118,175456,338
c_16737,175456,175795,339
c_16745,175795,176121,326
c_16750,176121,176458,337
c_16751,176458,176789,331
c_16753,176789,177127,338
c_16782,177127,177461,334
c_16783,177461,177796,335
c_16794,177796,178132,336
c_16799,178132,178472,340
c_16802,178472,178809,337
c_16803,178809,179148,339
c_16831,179148,179487,339
c_16834,179487,179825,338
c_16836,179825,180165,340
c_16862,180165,180503,338
c_16870,180503,180838,335
c_16912,180838,181175,337
c_16917,181175,181514,339
c_16925,181514,181853,339
c_16937,181853,182191,338
c_16965,182191,182531,340
c_16968,182531,182867,336
c_16974,182867,183203,336
c_1698,183203,183539,336
c_16984,183539,183873,334
c_16988,183873,184204,331
c_17011,184204,184541,337
c_1702,184541,184875,334
c_17023,184875,185210,335
c_17028,185210,185543,333
c_17058,185543,185882,339
c_17066,185882,186219,337
c_17067,186219,186553,334
c_1707,186553,186889,336
c_17077,186889,187226,337
c_17089,187226,187564,338
c_17114,187564,187904,340
c_17121,187904,188242,338
c_17124,188242,188577,335
c_17136,188577,188916,339
c_17155,188916,189255,339
c_17156,189255,189594,339
c_17188,189594,189933,339
c_17193,189933,190267,334
c_17199,190267,190606,339
c_17208,190606,190938,332
c_17213,190938,191277,339
c_17248,191277,191617,340
c_17250,191617,191955,338
c_17272,191955,192294,339
c_17273,192294,192633,339
c_17295,192633,192972,339
c_17297,192972,193311,339
c_17311,193311,193651,340
c_17312,193651,193989,338
c_17316,193989,194325,336
c_17363,194325,194664,339
c_17365,194664,195002,338
c_17387,195002,195342,340
c_17397,195342,195681,339
c_1741,195681,196021,340
c_1742,196021,196355,334
c_17430,196355,196694,339
c_17432,196694,197028,334
c_17439,197028,197351,323
c_17444,197351,197688,337
c_17465,197688,198012,324
c_1747,198012,198350,338
c_17471,198350,198686,336
c_17474,198686,199021,335
c_17475,199021,199359,338
c_17511,199359,199692,333
c_17518,199692,200028,336
c_17520,200028,200356,328
c_17530,200356,200688,332
c_17531,200688,201023,335
c_17558,201023,201361,338
c_1757,201361,201696,335
c_17570,201696,202033,337
c_17591,202033,202371,338
c_17610,202371,202707,336
c_17625,202707,203045,338
c_17632,203045,203384,339
c_17633,203384,203719,335
c_17664,203719,204056,337
c_1767,204056,204392,336
c_17679,204392,204732,340
c_1768,204732,205066,334
c_17736,205066,205399,333
c_17752,205399,205734,335
c_1777,205734,206070,336
c_17771,206070,206402,332
c_17776,206402,206740,338
c_17791,206740,207079,339
c_17804,207079,207416,337
c_17812,207416,207755,339
c_17818,207755,208094,339
c_17826,208094,208432,338
c_17837,208432,208752,320
c_17847,208752,209090,338
c_17858,209090,209430,340
c_17899,209430,209769,339
c_17904,209769,210104,335
c_17929,210104,210442,338
c_17942,210442,210778,336
c_17970,210778,211103,325
c_17979,211103,211442,339
c_1798,211442,211779,337
c_18004,211779,212117,338
c_1801,212117,212456,339
c_18014,212456,212794,338
c_18021,212794,213129,335
c_18027,213129,213467,338
c_18030,213467,213802,335
c_18057,213802,214135,333
c_18086,214135,214472,337
c_18091,214472,214810,338
c_18104,214810,215148,338
c_18123,215148,215487,339
c_18137,215487,215826,339
c_18138,215826,216159,333
c_18147,216159,216497,338
c_18158,216497,216836,339
c_18169,216836,217171,335
c_18194,217171,217509,338
c_18212,217509,217847,338
c_18217,217847,218179,332
c_18239,218179,218519,340
c_18244,218519,218858,339
c_18250,218858,219195,337
c_1827,219195,219535,340
c_18286,219535,219874,339
c_18294,219874,220213,339
c_18299,220213,220548,335
c_1835,220548,220887,339
c_18352,220887,221222,335
c_1836,221222,221562,340
c_18362,221562,221901,339
c_18383,221901,222240,339
c_1839,222240,222580,340
c_18406,222580,222907,327
c_18422,222907,223245,338
c_18426,223245,223583,338
c_1849,223583,223920,337
c_18503,223920,224258,338
c_18509,224258,224595,337
c_18522,224595,224933,338
c_18544,224933,225272,339
c_18548,225272,225610,338
c_18549,225610,225948,338
c_18555,225948,226287,339
c_18558,226287,226627,340
c_18581,226627,226962,335
c_18600,226962,227301,339
c_18638,227301,227638,337
c_18645,227638,227977,339
c_18677,227977,228313,336
c_18678,228313,228652,339
c_18705,228652,228987,335
c_18728,228987,229324,337
c_18733,229324,229659,335
c_18752,229659,229997,338
c_18753,229997,230325,328
c_18771,230325,230664,339
c_18779,230664,231000,336
c_18781,231000,231338,338
c_18783,231338,231668,330
c_18798,231668,232006,338
c_18808,232006,232342,336
c_18815,232342,232681,339
c_18821,232681,233017,336
c_18830,233017,233350,333
c_18844,233350,233689,339
c_18852,233689,234027,338
c_1886,234027,234361,334
c_18864,234361,234697,336
c_18876,234697,235036,339
c_18883,235036,235375,339
c_18885,235375,235710,335
c_18901,235710,236049,339
c_18904,236049,236388,339
c_18918,236388,236727,339
c_18943,236727,237060,333
c_18948,237060,237398,338
c_18950,237398,237736,338
c_18960,237736,238034,298
c_19017,238034,238372,338
c_1902,238372,238710,338
c_19032,238710,239048,338
c_19035,239048,239385,337
c_19117,239385,239720,335
c_19138,239720,240058,338
c_1914,240058,240394,336
c_19141,240394,240731,337
c_19153,240731,241068,337
c_19169,241068,241404,336
c_1917,241404,241741,337
c_19207,241741,242075,334
c_19208,242075,242399,324
c_19212,242399,242733,334
c_19292,242733,243072,339
c_19297,243072,243409,337
c_19300,243409,243746,337
c_19317,243746,244081,335
c_19341,244081,244419,338
c_1935,244419,244758,339
c_19356,244758,245095,337
c_19369,245095,245428,333
c_19374,245428,245764,336
c_19375,245764,246098,334
c_19377,246098,246432,334
c_19388,246432,246770,338
c_19396,246770,247107,337
c_19400,247107,247446,339
c_1941,247446,247784,338
c_19421,247784,248116,332
c_19433,248116,248449,333
c_19449,248449,248789,340
c_19457,248789,249100,311
c_19459,249100,249440,340
c_19464,249440,249773,333
c_19492,249773,250104,331
c_19497,250104,250439,335
c_19525,250439,250778,339
c_1953,250778,251117,339
c_19540,251117,251454,337
c_19552,251454,251793,339
c_19572,251793,252128,335
c_19573,252128,252458,330
c_19588,252458,252797,339
c_1960,252797,253132,335
c_19620,253132,253470,338
c_19628,253470,253809,339
c_19640,253809,254148,339
c_19646,254148,254486,338
c_19656,254486,254820,334
c_19664,254820,255157,337
c_19666,255157,255497,340
c_1968,255497,255836,339
c_19685,255836,256173,337
c_19689,256173,256511,338
c_19713,256511,256850,339
c_19714,256850,257188,338
c_19715,257188,257526,338
c_19736,257526,257866,340
c_19737,257866,258205,339
c_19747,258205,258544,339
c_19748,258544,258883,339
c_19756,258883,259221,338
c_19760,259221,259560,339
c_19769,259560,259895,335
c_19770,259895,260230,335
c_19774,260230,260568,338
c_19786,260568,260906,338
c_19811,260906,261235,329
c_19829,261235,261566,331
c_19836,261566,261901,335
c_19853,261901,262233,332
c_19855,262233,262571,338
c_19900,262571,262905,334
c_19912,262905,263244,339
c_19924,263244,263583,339
c_19937,263583,263921,338
c_19957,263921,264260,339
c_19958,264260,264596,336
c_20001,264596,264926,330
c_20002,264926,265263,337
c_20018,265263,265595,332
c_20020,265595,265934,339
c_20031,265934,266268,334
c_20038,266268,266605,337
c_20044,266605,266943,338
c_2007,266943,267281,338
c_20079,267281,267620,339
c_20117,267620,267958,338
c_20118,267958,268297,339
c_20145,268297,268634,337
c_2015,268634,268967,333
c_20151,268967,269304,337
c_20164,269304,269642,338
c_20249,269642,269979,337
c_20260,269979,270308,329
c_2027,270308,270644,336
c_20280,270644,270981,337
c_20301,270981,271319,338
c_20315,271319,271657,338
c_20317,271657,271996,339
c_20335,271996,272328,332
c_20348,272328,272663,335
c_20350,272663,272999,336
c_2037,272999,273339,340
c_20427,273339,273676,337
c_20435,273676,274004,328
c_20444,274004,274341,337
c_20488,274341,274677,336
c_20491,274677,275011,334
c_20494,275011,275349,338
c_20503,275349,275687,338
c_20505,275687,276019,332
c_20539,276019,276348,329
c_20547,276348,276686,338
c_2055,276686,277025,339
c_2057,277025,277360,335
c_20582,277360,277696,336
c_20592,277696,278023,327
c_2060,278023,278362,339
c_20602,278362,278701,339
c_20625,278701,279038,337
c_20626,279038,279376,338
c_20629,279376,279709,333
c_20645,279709,280046,337
c_20647,280046,280381,335
c_20648,280381,280720,339
c_20656,280720,281054,334
c_20682,281054,281390,336
c_20693,281390,281729,339
c_20696,281729,282069,340
c_20699,282069,282407,338
c_20702,282407,282746,339
c_20713,282746,283080,334
c_20728,283080,283418,338
c_20731,283418,283757,339
c_2074,283757,284086,329
c_20740,284086,284424,338
c_20759,284424,284763,339
c_20765,284763,285096,333
c_20774,285096,285432,336
c_2078,285432,285772,340
c_20793,285772,286108,336
c_20846,286108,286447,339
c_20895,286447,286779,332
c_20906,286779,287118,339
c_20948,287118,287454,336
c_20951,287454,287792,338
c_20954,287792,288130,338
c_20966,288130,288469,339
c_21,288469,288808,339
c_210,288808,289146,338
c_21051,289146,289482,336
c_21093,289482,289819,337
c_21095,289819,290159,340
c_21150,290159,290493,334
c_21159,290493,290830,337
c_21173,290830,291165,335
c_21175,291165,291501,336
c_21183,291501,291840,339
c_21193,291840,292176,336
c_21205,292176,292515,339
c_21214,292515,292851,336
c_21225,292851,293183,332
c_21232,293183,293523,340
c_21233,293523,293862,339
c_21252,293862,294200,338
c_21268,294200,294538,338
c_21283,294538,294877,339
c_21290,294877,295213,336
c_21292,295213,295549,336
c_21301,295549,295888,339
c_2132,295888,296223,335
c_21330,296223,296562,339
c_21345,296562,296898,336
c_21353,296898,297234,336
c_21356,297234,297572,338
c_21393,297572,297911,339
c_21396,297911,298248,337
c_2140,298248,298588,340
c_21427,298588,298928,340
c_2144,298928,299256,328
c_21444,299256,299581,325
c_2146,299581,299920,339
c_21460,299920,300259,339
c_21473,300259,300596,337
c_21490,300596,300934,338
c_21491,300934,301273,339
c_21493,301273,301612,339
c_21494,301612,301951,339
c_21498,301951,302289,338
c_21543,302289,302628,339
c_21560,302628,302957,329
c_21563,302957,303291,334
c_21567,303291,303627,336
c_21577,303627,303965,338
c_21621,303965,304302,337
c_21655,304302,304641,339
c_21658,304641,304979,338
c_21675,304979,305311,332
c_21679,305311,305650,339
c_21724,305650,305989,339
c_21749,305989,306322,333
c_21775,306322,306660,338
c_21783,306660,306993,333
c_21817,306993,307329,336
c_21820,307329,307665,336
c_21835,307665,308003,338
c_21850,308003,308339,336
c_2186,308339,308676,337
c_21872,308676,309011,335
c_21884,309011,309350,339
c_21900,309350,309685,335
c_21902,309685,310025,340
c_21927,310025,310360,335
c_21933,310360,310698,338
c_2194,310698,311034,336
c_2195,311034,311366,332
c_21950,311366,311697,331
c_21979,311697,312030,333
c_22016,312030,312366,336
c_22017,312366,312704,338
c_22020,312704,313042,338
c_22021,313042,313345,303
c_22025,313345,313680,335
c_22044,313680,314019,339
c_22048,314019,314357,338
c_2205,314357,314696,339
c_2209,314696,315035,339
c_22095,315035,315375,340
c_22098,315375,315714,339
c_22104,315714,316053,339
c_22119,316053,316392,339
c_2212,316392,316722,330
c_22124,316722,317061,339
c_22142,317061,317400,339
c_2215,317400,317739,339
c_22160,317739,318078,339
c_22181,318078,318414,336
c_2219,318414,318753,339
c_22204,318753,319090,337
c_22213,319090,319429,339
c_22226,319429,319765,336
c_2223,319765,320102,337
c_22244,320102,320439,337
c_22253,320439,320778,339
c_22256,320778,321115,337
c_22262,321115,321449,334
c_22266,321449,321783,334
c_22276,321783,322119,336
c_22279,322119,322454,335
c_22280,322454,322793,339
c_22291,322793,323132,339
c_22313,323132,323471,339
c_22324,323471,323806,335
c_22336,323806,324143,337
c_22342,324143,324474,331
c_22345,324474,324810,336
c_22347,324810,325149,339
c_22359,325149,325486,337
c_22385,325486,325817,331
c_22414,325817,326154,337
c_22438,326154,326492,338
c_22442,326492,326830,338
c_22450,326830,327169,339
c_22452,327169,327505,336
c_22468,327505,327844,339
c_22477,327844,328179,335
c_22478,328179,328516,337
c_22479,328516,328851,335
c_22483,328851,329191,340
c_2249,329191,329530,339
c_22493,329530,329868,338
c_22500,329868,330200,332
c_22514,330200,330539,339
c_22522,330539,330876,337
c_22543,330876,331210,334
c_22547,331210,331547,337
c_22581,331547,331884,337
c_22583,331884,332221,337
c_22593,332221,332555,334
c_22629,332555,332886,331
c_22640,332886,333225,339
c_22641,333225,333564,339
c_22667,333564,333898,334
c_22721,333898,334236,338
c_22754,334236,334571,335
c_22758,334571,334907,336
c_22765,334907,335246,339
c_22768,335246,335584,338
c_22776,335584,335923,339
c_22793,335923,336260,337
c_22801,336260,336591,331
c_22842,336591,336930,339
c_22899,336930,337268,338
c_22901,337268,337603,335
c_22912,337603,337941,338
c_22917,337941,338280,339
c_22931,338280,338619,339
c_22933,338619,338957,338
c_2295,338957,339291,334
c_22951,339291,339626,335
c_2298,339626,339961,335
c_23023,339961,340295,334
c_23028,340295,340633,338
c_23033,340633,340972,339
c_23037,340972,341309,337
c_23051,341309,341648,339
c_23062,341648,341987,339
c_23080,341987,342326,339
c_23085,342326,342664,338
c_23100,342664,343000,336
c_23122,343000,343339,339
c_23130,343339,343676,337
c_23147,343676,344010,334
c_23151,344010,344348,338
c_23152,344348,344680,332
c_23157,344680,345015,335
c_23162,345015,345349,334
c_23180,345349,345682,333
c_23181,345682,346016,334
c_23185,346016,346353,337
c_23206,346353,346616,263
c_23212,346616,346948,332
c_2322,346948,347287,339
c_23237,347287,347625,338
c_23244,347625,347964,339
c_23249,347964,348301,337
c_23257,348301,348637,336
c_23258,348637,348961,324
c_23271,348961,349300,339
c_23275,349300,349636,336
c_23278,349636,349973,337
c_23291,349973,350312,339
c_23299,350312,350645,333
c_2332,350645,350984,339
c_23320,350984,351321,337
c_23328,351321,351661,340
c_23343,351661,351990,329
c_23347,351990,352324,334
c_23367,352324,352661,337
c_23368,352661,352998,337
c_23392,352998,353333,335
c_23416,353333,353671,338
c_23430,353671,354009,338
c_23437,354009,354343,334
c_23439,354343,354680,337
c_23452,354680,355019,339
c_23464,355019,355356,337
c_23493,355356,355691,335
c_23518,355691,356028,337
c_2352,356028,356366,338
c_23520,356366,356704,338
c_23524,356704,357043,339
c_23526,357043,357381,338
c_23530,357381,357721,340
c_23547,357721,358059,338
c_23549,358059,358397,338
c_23556,358397,358731,334
c_23561,358731,359063,332
c_23576,359063,359402,339
c_23593,359402,359737,335
c_2362,359737,360059,322
c_23626,360059,360394,335
c_23639,360394,360732,338
c_23655,360732,361070,338
c_2366,361070,361403,333
c_23666,361403,361738,335
c_23673,361738,362073,335
c_23679,362073,362411,338
c_23687,362411,362748,337
c_2370,362748,363085,337
c_23701,363085,363418,333
c_23723,363418,363756,338
c_23746,363756,364092,336
c_23748,364092,364424,332
c_23751,364424,364764,340
c_23771,364764,365101,337
c_23783,365101,365438,337
c_23787,365438,365777,339
c_23790,365777,366116,339
c_23791,366116,366443,327
c_23838,366443,366782,339
c_23881,366782,367120,338
c_23889,367120,367459,339
c_239,367459,367787,328
c_23915,367787,368117,330
c_2394,368117,368453,336
c_23955,368453,368792,339
c_23957,368792,369123,331
c_23971,369123,369463,340
c_23992,369463,369799,336
c_24000,369799,370136,337
c_24003,370136,370466,330
c_24022,370466,370800,334
c_24038,370800,371139,339
c_24049,371139,371476,337
c_24053,371476,371810,334
c_24062,371810,372144,334
c_24064,372144,372478,334
c_24078,372478,372817,339
c_24079,372817,373155,338
c_24081,373155,373494,339
c_24085,373494,373829,335
c_24091,373829,374168,339
c_24100,374168,374507,339
c_24102,374507,374844,337
c_24130,374844,375183,339
c_2414,375183,375516,333
c_24150,375516,375855,339
c_24190,375855,376192,337
c_24193,376192,376529,337
c_2420,376529,376866,337
c_2422,376866,377203,337
c_24222,377203,377542,339
c_24269,377542,377882,340
c_2429,377882,378216,334
c_24300,378216,378554,338
c_24323,378554,378892,338
c_2434,378892,379034,142
c_24345,379034,379373,339
c_24391,379373,379712,339
c_24398,379712,380050,338
c_24441,380050,380388,338
c_24442,380388,380726,338
c_24453,380726,381065,339
c_24459,381065,381401,336
c_24464,381401,381734,333
c_24465,381734,382071,337
c_24547,382071,382408,337
c_24550,382408,382747,339
c_24561,382747,383078,331
c_2459,383078,383416,338
c_24593,383416,383751,335
c_24596,383751,384088,337
c_24609,384088,384423,335
c_24635,384423,384757,334
c_24648,384757,385085,328
c_24661,385085,385424,339
c_24701,385424,385759,335
c_24716,385759,386095,336
c_24723,386095,386434,339
c_24745,386434,386772,338
c_24770,386772,387111,339
c_24812,387111,387449,338
c_24819,387449,387784,335
c_24834,387784,388116,332
c_24842,388116,388456,340
c_24849,388456,388789,333
c_24853,388789,389125,336
c_24855,389125,389462,337
c_24856,389462,389792,330
c_24858,389792,390126,334
c_2486,390126,390464,338
c_24864,390464,390803,339
c_24871,390803,391142,339
c_24887,391142,391481,339
c_24897,391481,391819,338
c_24931,391819,392158,339
c_24943,392158,392497,339
c_24958,392497,392835,338
c_24964,392835,393174,339
c_2497,393174,393512,338
c_24987,393512,393851,339
c_25003,393851,394188,337
c_25030,394188,394528,340
c_25033,394528,394865,337
c_25039,394865,395200,335
c_25052,395200,395539,339
c_25053,395539,395873,334
c_25068,395873,396208,335
c_25075,396208,396545,337
c_25099,396545,396884,339
c_25106,396884,397222,338
c_25111,397222,397550,328
c_25125,397550,397885,335
c_25140,397885,398085,200
c_25144,398085,398422,337
c_25146,398422,398753,331
c_25148,398753,399091,338
c_25161,399091,399428,337
c_25172,399428,399768,340
c_25175,399768,400105,337
c_25211,400105,400445,340
c_25212,400445,400782,337
c_25234,400782,401117,335
c_25238,401117,401457,340
c_25244,401457,401796,339
c_25246,401796,402134,338
c_25250,402134,402473,339
c_25262,402473,402812,339
c_25277,402812,403151,339
c_2528,403151,403477,326
c_25285,403477,403816,339
c_25290,403816,404151,335
c_25306,404151,404484,333
c_2531,404484,404819,335
c_25340,404819,405155,336
c_25344,405155,405490,335
c_2537,405490,405829,339
c_25370,405829,406167,338
c_25378,406167,406503,336
c_25380,406503,406839,336
c_25393,406839,407172,333
c_25441,407172,407510,338
c_25457,407510,407849,339
c_25472,407849,408188,339
c_25484,408188,408523,335
c_25503,408523,408860,337
c_25504,408860,409194,334
c_25509,409194,409528,334
c_25521,409528,409864,336
c_25534,409864,410204,340
c_25543,410204,410543,339
c_25588,410543,410882,339
c_25598,410882,411219,337
c_25610,411219,411557,338
c_25653,411557,411892,335
c_25661,411892,412230,338
c_25682,412230,412568,338
c_25694,412568,412907,339
c_25719,412907,413245,338
c_25742,413245,413584,339
c_25749,413584,413923,339
c_25774,413923,414262,339
c_2578,414262,414597,335
c_25781,414597,414935,338
c_25785,414935,415273,338
c_25820,415273,415611,338
c_25857,415611,415944,333
c_25864,415944,416282,338
c_25879,416282,416621,339
c_25884,416621,416958,337
c_25888,416958,417289,331
c_25891,417289,417626,337
c_25903,417626,417961,335
c_25911,417961,418298,337
c_25927,418298,418634,336
c_25931,418634,418681,47
c_25939,418681,419020,339
c_2597,419020,419360,340
c_25970,419360,419695,335
c_25994,419695,420035,340
c_26010,420035,420372,337
c_26030,420372,420711,339
c_26039,420711,421048,337
c_26040,421048,421384,336
c_26056,421384,421721,337
c_26061,421721,422058,337
c_26066,422058,422397,339
c_26073,422397,422737,340
c_26085,422737,423072,335
c_26122,423072,423410,338
c_26124,423410,423745,335
c_26126,423745,424084,339
c_26135,424084,424418,334
c_26138,424418,424756,338
c_26139,424756,425095,339
c_26193,425095,425433,338
c_26235,425433,425772,339
c_26246,425772,426108,336
c_26248,426108,426443,335
c_2625,426443,426780,337
c_26272,426780,427117,337
c_26281,427117,427454,337
c_26288,427454,427791,337
c_26289,427791,428130,339
c_26294,428130,428464,334
c_26306,428464,428804,340
c_26325,428804,429143,339
c_2633,429143,429483,340
c_26333,429483,429821,338
c_26338,429821,430157,336
c_26339,430157,430496,339
c_26344,430496,430827,331
c_26345,430827,431164,337
c_26393,431164,431494,330
c_26398,431494,431830,336
c_26406,431830,432170,340
c_2641,432170,432509,339
c_26452,432509,432848,339
c_26494,432848,433186,338
c_26499,433186,433524,338
c_2651,433524,433862,338
c_26557,433862,434198,336
c_26570,434198,434537,339
c_26573,434537,434868,331
c_26575,434868,435203,335
c_26576,435203,435542,339
c_26609,435542,435879,337
c_26622,435879,436217,338
c_26623,436217,436555,338
c_26633,436555,436890,335
c_26653,436890,437221,331
c_26663,437221,437555,334
c_26667,437555,437891,336
c_26675,437891,438225,334
c_26677,438225,438560,335
c_26678,438560,438895,335
c_26696,438895,439233,338
c_26704,439233,439569,336
c_26723,439569,439905,336
c_26725,439905,440239,334
c_26732,440239,440570,331
c_26745,440570,440908,338
c_26751,440908,441246,338
c_26772,441246,441584,338
c_26780,441584,441923,339
c_26789,441923,442256,333
c_26794,442256,442592,336
c_268,442592,442928,336
c_26803,442928,443262,334
c_26809,443262,443601,339
c_2681,443601,443938,337
c_26816,443938,444268,330
c_26834,444268,444603,335
c_26855,444603,444939,336
c_26858,444939,445277,338
c_26865,445277,445611,334
c_26872,445611,445949,338
c_26877,445949,446287,338
c_26878,446287,446617,330
c_26887,446617,446951,334
c_26888,446951,447290,339
c_269,447290,447624,334
c_26942,447624,447962,338
c_26961,447962,448296,334
c_26963,448296,448633,337
c_2697,448633,448971,338
c_2698,448971,449308,337
c_26983,449308,449648,340
c_27002,449648,449988,340
c_27016,449988,450325,337
c_27025,450325,450664,339
c_27032,450664,450998,334
c_2706,450998,451336,338
c_27064,451336,451675,339
c_27068,451675,452014,339
c_27104,452014,452347,333
c_27118,452347,452684,337
c_27149,452684,453018,334
c_27150,453018,453356,338
c_27151,453356,453686,330
c_27156,453686,454023,337
c_27187,454023,454362,339
c_27193,454362,454693,331
c_2720,454693,455032,339
c_27201,455032,455360,328
c_27213,455360,455698,338
c_27220,455698,456027,329
c_27224,456027,456365,338
c_27231,456365,456703,338
c_27280,456703,457042,339
c_27282,457042,457381,339
c_27288,457381,457719,338
c_27324,457719,458055,336
c_27336,458055,458387,332
c_27362,458387,458726,339
c_27369,458726,459061,335
c_27391,459061,459398,337
c_27413,459398,459736,338
c_27431,459736,460074,338
c_27436,460074,460413,339
c_2744,460413,460751,338
c_27450,460751,461088,337
c_2746,461088,461426,338
c_27461,461426,461764,338
c_27462,461764,462102,338
c_27481,462102,462441,339
c_27502,462441,462780,339
c_2754,462780,463108,328
c_27542,463108,463444,336
c_27548,463444,463779,335
c_2755,463779,464117,338
c_27550,464117,464456,339
c_2757,464456,464794,338
c_27572,464794,465134,340
c_27586,465134,465470,336
c_27603,465470,465806,336
c_27608,465806,466146,340
c_27611,466146,466485,339
c_27621,466485,466810,325
c_27640,466810,467147,337
c_27650,467147,467485,338
c_27654,467485,467822,337
c_27672,467822,468161,339
c_27689,468161,468492,331
c_27703,468492,468826,334
c_27724,468826,469162,336
c_27734,469162,469498,336
c_27736,469498,469837,339
c_27754,469837,470176,339
c_27755,470176,470513,337
c_27761,470513,470851,338
c_27763,470851,471188,337
c_27770,471188,471526,338
c_27771,471526,471864,338
c_27779,471864,472198,334
c_27847,472198,472535,337
c_27869,472535,472874,339
c_27872,472874,473211,337
c_27904,473211,473548,337
c_2792,473548,473887,339
c_27922,473887,474225,338
c_27960,474225,474558,333
c_27974,474558,474894,336
c_27977,474894,475233,339
c_28003,475233,475568,335
c_28019,475568,475904,336
c_28033,475904,476242,338
c_28056,476242,476580,338
c_28067,476580,476911,331
c_28072,476911,477247,336
c_28077,477247,477583,336
c_28083,477583,477917,334
c_28099,477917,478256,339
c_28100,478256,478595,339
c_28101,478595,478934,339
c_28129,478934,479273,339
c_28141,479273,479611,338
c_28185,479611,479950,339
c_28189,479950,480278,328
c_28194,480278,480617,339
c_28225,480617,480953,336
c_28239,480953,481290,337
c_28240,481290,481622,332
c_2830,481622,481960,338
c_28317,481960,482299,339
c_28319,482299,482636,337
c_28329,482636,482967,331
c_28345,482967,483305,338
c_28373,483305,483643,338
c_28405,483643,483981,338
c_28415,483981,484319,338
c_28423,484319,484656,337
c_28424,484656,484994,338
c_28426,484994,485329,335
c_28430,485329,485666,337
c_28434,485666,486003,337
c_28477,486003,486342,339
c_28485,486342,486678,336
c_28499,486678,487017,339
c_2850,487017,487356,339
c_28518,487356,487693,337
c_2852,487693,488032,339
c_28561,488032,488370,338
c_28585,488370,488709,339
c_28597,488709,489044,335
c_28603,489044,489383,339
c_28611,489383,489721,338
c_28613,489721,490061,340
c_2865,490061,490399,338
c_28657,490399,490736,337
c_2868,490736,491069,333
c_28680,491069,491408,339
c_28699,491408,491743,335
c_28720,491743,492081,338
c_28726,492081,492413,332
c_28727,492413,492751,338
c_28731,492751,493091,340
c_2874,493091,493429,338
c_28745,493429,493764,335
c_28754,493764,494103,339
c_28796,494103,494442,339
c_28818,494442,494780,338
c_28826,494780,495119,339
c_28838,495119,495453,334
c_28839,495453,495788,335
c_2885,495788,496128,340
c_28851,496128,496468,340
c_28863,496468,496806,338
c_28864,496806,497145,339
c_28883,497145,497485,340
c_28922,497485,497797,312
c_28926,497797,498135,338
c_28927,498135,498472,337
c_2893,498472,498808,336
c_2895,498808,499146,338
c_28966,499146,499484,338
c_28983,499484,499823,339
c_28985,499823,500159,336
c_28986,500159,500496,337
c_28987,500496,500832,336
c_29017,500832,501171,339
c_29021,501171,501503,332
c_29022,501503,501839,336
c_29026,501839,502179,340
c_2903,502179,502517,338
c_29046,502517,502854,337
c_29049,502854,503192,338
c_29082,503192,503529,337
c_29097,503529,503868,339
c_29175,503868,504206,338
c_29179,504206,504536,330
c_2918,504536,504870,334
c_29184,504870,505205,335
c_29202,505205,505539,334
c_29218,505539,505874,335
c_29225,505874,506210,336
c_2925,506210,506549,339
c_29253,506549,506882,333
c_29258,506882,507218,336
c_29270,507218,507556,338
c_29277,507556,507896,340
c_29287,507896,508235,339
c_29305,508235,508567,332
c_29308,508567,508900,333
c_29323,508900,509239,339
c_29333,509239,509574,335
c_29350,509574,509913,339
c_29353,509913,510248,335
c_29359,510248,510586,338
c_29362,510586,510924,338
c_29363,510924,511261,337
c_29433,511261,511598,337
c_29436,511598,511937,339
c_29453,511937,512277,340
c_29466,512277,512610,333
c_29480,512610,512949,339
c_29501,512949,513281,332
c_29505,513281,513611,330
c_29515,513611,513949,338
c_29522,513949,514287,338
c_29538,514287,514619,332
c_29546,514619,514957,338
c_29550,514957,515295,338
c_29575,515295,515634,339
c_29576,515634,515967,333
c_29595,515967,516299,332
c_29622,516299,516632,333
c_29623,516632,516970,338
c_29643,516970,517305,335
c_29659,517305,517643,338
c_29677,517643,517971,328
c_29678,517971,518304,333
c_29683,518304,518639,335
c_29690,518639,518928,289
c_29699,518928,519266,338
c_29727,519266,519604,338
c_29736,519604,519943,339
c_29768,519943,520273,330
c_29781,520273,520612,339
c_29783,520612,520938,326
c_29787,520938,521277,339
c_29814,521277,521615,338
c_29846,521615,521954,339
c_29874,521954,522292,338
c_2988,522292,522630,338
c_29889,522630,522969,339
c_29903,522969,523306,337
c_29924,523306,523641,335
c_29935,523641,523979,338
c_29965,523979,524317,338
c_29981,524317,524656,339
c_29985,524656,524987,331
c_30020,524987,525322,335
c_30028,525322,525662,340
c_30046,525662,525997,335
c_30047,525997,526331,334
c_30048,526331,526667,336
c_30054,526667,527004,337
c_30068,527004,527342,338
c_30069,527342,527680,338
c_30098,527680,528018,338
c_30109,528018,528355,337
c_30163,528355,528693,338
c_30174,528693,529032,339
c_30179,529032,529368,336
c_3019,529368,529704,336
c_30199,529704,530042,338
c_30205,530042,530380,338
c_30222,530380,530713,333
c_30232,530713,531047,334
c_3026,531047,531383,336
c_30273,531383,531722,339
c_30283,531722,532060,338
c_30291,532060,532398,338
c_3034,532398,532733,335
c_3035,532733,533072,339
c_30355,533072,533409,337
c_30364,533409,533746,337
c_30373,533746,534084,338
c_30403,534084,534423,339
c_30413,534423,534757,334
c_30427,534757,535094,337
c_30476,535094,535432,338
c_30477,535432,535765,333
c_3049,535765,536104,339
c_30501,536104,536442,338
c_30503,536442,536776,334
c_30521,536776,537112,336
c_30524,537112,537451,339
c_30530,537451,537790,339
c_30545,537790,538127,337
c_30546,538127,538465,338
c_30557,538465,538805,340
c_30574,538805,539137,332
c_30585,539137,539473,336
c_30598,539473,539810,337
c_30618,539810,540147,337
c_30619,540147,540485,338
c_3062,540485,540825,340
c_3064,540825,541164,339
c_30641,541164,541499,335
c_30679,541499,541836,337
c_3069,541836,542167,331
c_30702,542167,542504,337
c_30730,542504,542842,338
c_3074,542842,543177,335
c_30744,543177,543515,338
c_30765,543515,543854,339
c_3078,543854,544193,339
c_30781,544193,544529,336
c_30801,544529,544861,332
c_30811,544861,545201,340
c_30818,545201,545538,337
c_30851,545538,545876,338
c_30861,545876,546215,339
c_30876,546215,546551,336
c_30880,546551,546890,339
c_30885,546890,547229,339
c_30886,547229,547565,336
c_30896,547565,547897,332
c_3090,547897,548236,339
c_30950,548236,548573,337
c_30959,548573,548904,331
c_30961,548904,549241,337
c_30970,549241,549578,337
c_30973,549578,549914,336
c_30985,549914,550251,337
c_30999,550251,550589,338
c_31,550589,550926,337
c_31004,550926,551264,338
c_31011,551264,551599,335
c_31037,551599,551932,333
c_31058,551932,552262,330
c_31073,552262,552598,336
c_3110,552598,552934,336
c_31125,552934,553271,337
c_3113,553271,553609,338
c_31139,553609,553948,339
c_31144,553948,554285,337
c_31147,554285,554624,339
c_3115,554624,554956,332
c_31150,554956,555295,339
c_31166,555295,555632,337
c_31177,555632,555965,333
c_31188,555965,556295,330
c_31196,556295,556631,336
c_31209,556631,556964,333
c_31224,556964,557301,337
c_31249,557301,557638,337
c_31254,557638,557970,332
c_31291,557970,558309,339
c_3130,558309,558647,338
c_31348,558647,558984,337
c_31352,558984,559322,338
c_31362,559322,559662,340
c_31414,559662,560001,339
c_31416,560001,560337,336
c_31425,560337,560676,339
c_3143,560676,561015,339
c_31435,561015,561349,334
c_31446,561349,561688,339
c_3146,561688,562018,330
c_31469,562018,562357,339
c_31501,562357,562694,337
c_31504,562694,563033,339
c_31507,563033,563372,339
c_31515,563372,563709,337
c_31547,563709,564047,338
c_31556,564047,564380,333
c_31590,564380,564718,338
c_31595,564718,565055,337
c_31605,565055,565394,339
c_31607,565394,565733,339
c_31614,565733,566072,339
c_3164,566072,566410,338
c_31645,566410,566742,332
c_31654,566742,567077,335
c_31658,567077,567407,330
c_31690,567407,567740,333
c_31701,567740,568079,339
c_31714,568079,568418,339
c_3173,568418,568751,333
c_31738,568751,569089,338
c_31755,569089,569424,335
c_31773,569424,569763,339
c_3179,569763,570097,334
c_31797,570097,570429,332
c_3180,570429,570767,338
c_31800,570767,571106,339
c_31833,571106,571444,338
c_31874,571444,571781,337
c_31880,571781,572117,336
c_31887,572117,572445,328
c_31892,572445,572781,336
c_31904,572781,573121,340
c_31934,573121,573452,331
c_31938,573452,573791,339
c_31949,573791,574127,336
c_31950,574127,574462,335
c_31970,574462,574799,337
c_31977,574799,575138,339
c_3198,575138,575477,339
c_32,575477,575813,336
c_32000,575813,576151,338
c_32008,576151,576490,339
c_32014,576490,576823,333
c_32018,576823,577163,340
c_32056,577163,577499,336
c_3207,577499,577834,335
c_32085,577834,578173,339
c_32089,578173,578504,331
c_32113,578504,578843,339
c_3214,578843,579178,335
c_32146,579178,579503,325
c_32156,579503,579842,339
c_32182,579842,580173,331
c_32186,580173,580511,338
c_32188,580511,580847,336
c_32190,580847,581187,340
c_32223,581187,581500,313
c_32273,581500,581835,335
c_32274,581835,582170,335
c_32276,582170,582506,336
c_32280,582506,582844,338
c_32285,582844,583180,336
c_32299,583180,583519,339
c_32314,583519,583857,338
c_32325,583857,584189,332
c_32349,584189,584525,336
c_32358,584525,584862,337
c_32368,584862,585200,338
c_32382,585200,585540,340
c_32388,585540,585877,337
c_32411,585877,586215,338
c_32423,586215,586553,338
c_3245,586553,586884,331
c_32486,586884,587222,338
c_32516,587222,587561,339
c_32529,587561,587895,334
c_32562,587895,588231,336
c_32568,588231,588566,335
c_3257,588566,588906,340
c_3258,588906,589245,339
c_32647,589245,589584,339
c_3265,589584,589922,338
c_32659,589922,590259,337
c_32662,590259,590598,339
c_32665,590598,590934,336
c_32666,590934,591270,336
c_32671,591270,591608,338
c_32673,591608,591941,333
c_3270,591941,592280,339
c_32700,592280,592619,339
c_32714,592619,592956,337
c_32720,592956,593295,339
c_32738,593295,593634,339
c_32764,593634,593972,338
c_32798,593972,594300,328
c_32821,594300,594639,339
c_32827,594639,594979,340
c_32832,594979,595319,340
c_3284,595319,595657,338
c_32844,595657,595996,339
c_32846,595996,596334,338
c_32847,596334,596672,338
c_32911,596672,597011,339
c_32920,597011,597351,340
c_32922,597351,597690,339
c_32927,597690,598026,336
c_3293,598026,598365,339
c_32942,598365,598702,337
c_32944,598702,599041,339
c_32948,599041,599373,332
c_32951,599373,599708,335
c_32961,599708,600044,336
c_32974,600044,600384,340
c_33009,600384,600722,338
c_33016,600722,601060,338
c_33055,601060,601387,327
c_33064,601387,601724,337
c_33069,601724,602063,339
c_33112,602063,602402,339
c_33113,602402,602741,339
c_33116,602741,603076,335
c_33124,603076,603413,337
c_33138,603413,603749,336
c_33146,603749,604087,338
c_33155,604087,604426,339
c_33198,604426,604765,339
c_33204,604765,605104,339
c_33231,605104,605438,334
c_33258,605438,605775,337
c_33263,605775,606110,335
c_33304,606110,606444,334
c_33319,606444,606781,337
c_33330,606781,607117,336
c_33338,607117,607454,337
c_33340,607454,607786,332
c_33362,607786,608124,338
c_33385,608124,608454,330
c_33419,608454,608792,338
c_33423,608792,609125,333
c_33436,609125,609461,336
c_3346,609461,609797,336
c_33467,609797,610125,328
c_33472,610125,610463,338
c_33474,610463,610797,334
c_335,610797,611135,338
c_3350,611135,611473,338
c_33506,611473,611812,339
c_33525,611812,612144,332
c_33527,612144,612481,337
c_33559,612481,612820,339
c_33566,612820,613143,323
c_33588,613143,613480,337
c_33596,613480,613812,332
c_33634,613812,614148,336
c_33637,614148,614487,339
c_33639,614487,614824,337
c_33651,614824,615162,338
c_33657,615162,615500,338
c_33661,615500,615838,338
c_3367,615838,616177,339
c_33672,616177,616515,338
c_33694,616515,616853,338
c_33695,616853,617193,340
c_33698,617193,617530,337
c_33700,617530,617869,339
c_33703,617869,618208,339
c_33736,618208,618548,340
c_33745,618548,618884,336
c_3375,618884,619221,337
c_33757,619221,619558,337
c_33763,619558,619897,339
c_3377,619897,620233,336
c_33837,620233,620572,339
c_33845,620572,620911,339
c_3389,620911,621246,335
c_33894,621246,621584,338
c_33928,621584,621922,338
c_33932,621922,622259,337
c_33934,622259,622592,333
c_33944,622592,622921,329
c_33946,622921,623248,327
c_33951,623248,623581,333
c_33956,623581,623920,339
c_33959,623920,624254,334
c_33980,624254,624591,337
c_340,624591,624930,339
c_34003,624930,625261,331
c_3401,625261,625596,335
c_34017,625596,625935,339
c_34034,625935,626262,327
c_34052,626262,626601,339
c_34078,626601,626939,338
c_34085,626939,627276,337
c_3410,627276,627614,338
c_34195,627614,627947,333
c_34203,627947,628282,335
c_34208,628282,628611,329
c_34281,628611,628951,340
c_34289,628951,629290,339
c_34301,629290,629628,338
c_34324,629628,629966,338
c_34354,629966,630304,338
c_34363,630304,630642,338
c_34364,630642,630980,338
c_34370,630980,631319,339
c_34373,631319,631658,339
c_34381,631658,631996,338
c_34384,631996,632332,336
c_34418,632332,632666,334
c_34461,632666,633006,340
c_34489,633006,633342,336
c_3449,633342,633681,339
c_34492,633681,634019,338
c_34519,634019,634357,338
c_34522,634357,634694,337
c_34535,634694,635032,338
c_34541,635032,635367,335
c_34542,635367,635706,339
c_34554,635706,636045,339
c_3458,636045,636383,338
c_34590,636383,636713,330
c_34611,636713,637050,337
c_34617,637050,637384,334
c_34622,637384,637721,337
c_34631,637721,638059,338
c_34633,638059,638397,338
c_34644,638397,638732,335
c_34649,638732,639068,336
c_34652,639068,639400,332
c_34657,639400,639737,337
c_34659,639737,640070,333
c_3466,640070,640408,338
c_3470,640408,640745,337
c_34733,640745,641084,339
c_34734,641084,641423,339
c_34737,641423,641760,337
c_34751,641760,642093,333
c_34766,642093,642431,338
c_34775,642431,642770,339
c_34783,642770,643110,340
c_34784,643110,643450,340
c_34835,643450,643786,336
c_34839,643786,644123,337
c_34849,644123,644455,332
c_34856,644455,644794,339
c_34857,644794,645132,338
c_3486,645132,645470,338
c_34863,645470,645808,338
c_34893,645808,646147,339
c_34897,646147,646485,338
c_3491,646485,646820,335
c_34917,646820,647158,338
c_3493,647158,647495,337
c_34947,647495,647829,334
c_34993,647829,648163,334
c_35001,648163,648501,338
c_35018,648501,648840,339
c_35021,648840,649176,336
c_35035,649176,649516,340
c_35036,649516,649854,338
c_35043,649854,650187,333
c_35064,650187,650519,332
c_35069,650519,650855,336
c_35074,650855,651191,336
c_35078,651191,651529,338
c_35099,651529,651868,339
c_3513,651868,652199,331
c_35148,652199,652538,339
c_35159,652538,652877,339
c_35184,652877,653207,330
c_35188,653207,653545,338
c_35234,653545,653884,339
c_35251,653884,654223,339
c_35258,654223,654562,339
c_3526,654562,654900,338
c_3527,654900,655237,337
c_35275,655237,655575,338
c_35280,655575,655909,334
c_35295,655909,656244,335
c_35304,656244,656583,339
c_35318,656583,656922,339
c_35321,656922,657261,339
c_35330,657261,657598,337
c_35347,657598,657937,339
c_35359,657937,658271,334
c_35378,658271,658605,334
c_35404,658605,658944,339
c_35407,658944,659279,335
c_35411,659279,659616,337
c_35432,659616,659948,332
c_35442,659948,660286,338
c_35449,660286,660624,338
c_3546,660624,660957,333
c_35461,660957,661291,334
c_35476,661291,661627,336
c_35487,661627,661966,339
c_35500,661966,662304,338
c_35516,662304,662641,337
c_35529,662641,662978,337
c_35539,662978,663317,339
c_35546,663317,663653,336
c_35567,663653,663990,337
c_35577,663990,664322,332
c_35590,664322,664652,330
c_35594,664652,664988,336
c_35617,664988,665325,337
c_3562,665325,665661,336
c_35621,665661,665999,338
c_35643,665999,666337,338
c_35661,666337,666669,332
c_35692,666669,667005,336
c_35707,667005,667328,323
c_35737,667328,667667,339
c_35764,667667,668004,337
c_35767,668004,668343,339
c_35769,668343,668681,338
c_3577,668681,669020,339
c_35780,669020,669349,329
c_35796,669349,669682,333
c_35802,669682,670022,340
c_35805,670022,670361,339
c_35813,670361,670698,337
c_35824,670698,671036,338
c_35837,671036,671375,339
c_35839,671375,671711,336
c_35848,671711,672050,339
c_35908,672050,672380,330
c_35915,672380,672716,336
c_35936,672716,673054,338
c_35946,673054,673392,338
c_35949,673392,673731,339
c_35955,673731,674069,338
c_35958,674069,674406,337
c_3597,674406,674744,338
c_35970,674744,675083,339
c_36004,675083,675414,331
c_36006,675414,675746,332
c_36052,675746,676082,336
c_36060,676082,676421,339
c_36065,676421,676758,337
c_36078,676758,677097,339
c_36080,677097,677431,334
c_36111,677431,677770,339
c_36121,677770,678108,338
c_36122,678108,678441,333
c_3613,678441,678772,331
c_36134,678772,679105,333
c_36158,679105,679444,339
c_36173,679444,679780,336
c_36203,679780,680109,329
c_36204,680109,680443,334
c_36213,680443,680781,338
c_36223,680781,681120,339
c_36226,681120,681460,340
c_36242,681460,681796,336
c_36243,681796,682101,305
c_36284,682101,682430,329
c_36285,682430,682767,337
c_3629,682767,683106,339
c_36291,683106,683441,335
c_36292,683441,683777,336
c_36295,683777,684115,338
c_36309,684115,684454,339
c_36312,684454,684792,338
c_36326,684792,685129,337
c_36343,685129,685466,337
c_36347,685466,685802,336
c_36394,685802,686141,339
c_36400,686141,686476,335
c_36412,686476,686812,336
c_3642,686812,687146,334
c_36434,687146,687485,339
c_36435,687485,687824,339
c_36474,687824,688154,330
c_36485,688154,688494,340
c_36486,688494,688826,332
c_36528,688826,689161,335
c_36529,689161,689406,245
c_36545,689406,689742,336
c_36549,689742,690078,336
c_36600,690078,690415,337
c_36602,690415,690750,335
c_36610,690750,691089,339
c_3662,691089,691427,338
c_36620,691427,691764,337
c_36640,691764,692101,337
c_36666,692101,692434,333
c_36684,692434,692771,337
c_36686,692771,693107,336
c_36707,693107,693443,336
c_36725,693443,693781,338
c_36727,693781,694118,337
c_36736,694118,694457,339
c_36761,694457,694791,334
c_36782,694791,695129,338
c_36793,695129,695465,336
c_36809,695465,695805,340
c_36824,695805,696140,335
c_36827,696140,696474,334
c_36831,696474,696803,329
c_36833,696803,697142,339
c_36855,697142,697481,339
c_36859,697481,697818,337
c_36869,697818,698157,339
c_36884,698157,698490,333
c_36887,698490,698828,338
c_36909,698828,699165,337
c_36932,699165,699503,338
c_36935,699503,699839,336
c_36939,699839,700173,334
c_36945,700173,700508,335
c_36957,700508,700844,336
c_36972,700844,701179,335
c_3700,701179,701518,339
c_37007,701518,701856,338
c_37049,701856,702193,337
c_37052,702193,702531,338
c_37067,702531,702869,338
c_3709,702869,703205,336
c_3710,703205,703540,335
c_37147,703540,703878,338
c_37156,703878,704211,333
c_3719,704211,704546,335
c_37205,704546,704885,339
c_37210,704885,705219,334
c_37219,705219,705556,337
c_37228,705556,705890,334
c_37241,705890,706229,339
c_37248,706229,706568,339
c_37252,706568,706906,338
c_37280,706906,707237,331
c_37282,707237,707574,337
c_37285,707574,707913,339
c_37287,707913,708251,338
c_37298,708251,708587,336
c_37305,708587,708921,334
c_37315,708921,709253,332
c_3733,709253,709590,337
c_37333,709590,709929,339
c_37334,709929,710268,339
c_37337,710268,710607,339
c_37354,710607,710943,336
c_37359,710943,711276,333
c_37362,711276,711605,329
c_37368,711605,711940,335
c_37393,711940,712275,335
c_37401,712275,712604,329
c_37402,712604,712943,339
c_37406,712943,713273,330
c_37422,713273,713610,337
c_37424,713610,713941,331
c_37427,713941,714277,336
c_37487,714277,714613,336
c_37492,714613,714952,339
c_37547,714952,715291,339
c_37577,715291,715629,338
c_37585,715629,715965,336
c_3759,715965,716304,339
c_37611,716304,716637,333
c_37627,716637,716974,337
c_37634,716974,717313,339
c_37644,717313,717651,338
c_37674,717651,717990,339
c_37688,717990,718329,339
c_37696,718329,718668,339
c_37712,718668,719005,337
c_37717,719005,719345,340
c_3774,719345,719684,339
c_37749,719684,720024,340
c_37771,720024,720363,339
c_37800,720363,720700,337
c_37810,720700,721035,335
c_37818,721035,721372,337
c_37819,721372,721706,334
c_37823,721706,722045,339
c_37831,722045,722384,339
c_37835,722384,722723,339
c_37836,722723,723060,337
c_37838,723060,723397,337
c_37845,723397,723732,335
c_37856,723732,724071,339
c_37879,724071,724411,340
c_37881,724411,724748,337
c_37884,724748,725081,333
c_37913,725081,725420,339
c_37914,725420,725749,329
c_37921,725749,726087,338
c_37928,726087,726423,336
c_37947,726423,726760,337
c_37959,726760,727097,337
c_37976,727097,727430,333
c_37992,727430,727764,334
c_38064,727764,728102,338
c_38070,728102,728436,334
c_38093,728436,728774,338
c_38098,728774,729109,335
c_3811,729109,729444,335
c_38134,729444,729781,337
c_3814,729781,730118,337
c_3816,730118,730457,339
c_38175,730457,730796,339
c_38184,730796,731134,338
c_38189,731134,731473,339
c_38191,731473,731810,337
c_38203,731810,732147,337
c_38229,732147,732483,336
c_3823,732483,732819,336
c_38234,732819,733158,339
c_38259,733158,733495,337
c_38281,733495,733832,337
c_38290,733832,734166,334
c_38293,734166,734503,337
c_38300,734503,734840,337
c_38306,734840,735178,338
c_3831,735178,735516,338
c_38380,735516,735848,332
c_38393,735848,736185,337
c_38395,736185,736523,338
c_38412,736523,736860,337
c_38413,736860,737197,337
c_38414,737197,737530,333
c_38453,737530,737865,335
c_38463,737865,738198,333
c_38464,738198,738537,339
c_3847,738537,738875,338
c_38472,738875,739213,338
c_38488,739213,739547,334
c_38500,739547,739884,337
c_38503,739884,740222,338
c_3852,740222,740556,334
c_38547,740556,740894,338
c_38565,740894,741233,339
c_38582,741233,741572,339
c_3859,741572,741909,337
c_38590,741909,742248,339
c_38634,742248,742587,339
c_38636,742587,742925,338
c_38657,742925,743262,337
c_38662,743262,743601,339
c_38686,743601,743937,336
c_38693,743937,744276,339
c_3870,744276,744611,335
c_38700,744611,744951,340
c_38702,744951,745289,338
c_38718,745289,745628,339
c_38741,745628,745961,333
c_38744,745961,746294,333
c_38754,746294,746633,339
c_38758,746633,746970,337
c_38765,746970,747310,340
c_38770,747310,747643,333
c_38776,747643,747978,335
c_38780,747978,748317,339
c_38795,748317,748656,339
c_38810,748656,748991,335
c_38817,748991,749330,339
c_38819,749330,749668,338
c_38834,749668,750002,334
c_38836,750002,750340,338
c_38843,750340,750677,337
c_38848,750677,751016,339
c_38874,751016,751342,326
c_38888,751342,751677,335
c_38893,751677,751991,314
c_38922,751991,752324,333
c_38953,752324,752658,334
c_38961,752658,752996,338
c_39034,752996,753330,334
c_39051,753330,753665,335
c_39064,753665,754003,338
c_39067,754003,754339,336
c_39099,754339,754677,338
c_39109,754677,755014,337
c_39120,755014,755354,340
c_3913,755354,755691,337
c_39139,755691,756029,338
c_39164,756029,756368,339
c_39175,756368,756707,339
c_39203,756707,757045,338
c_39217,757045,757383,338
c_39219,757383,757720,337
c_39228,757720,758056,336
c_39236,758056,758393,337
c_39239,758393,758730,337
c_39248,758730,759062,332
c_39253,759062,759388,326
c_39263,759388,759727,339
c_39266,759727,760066,339
c_39286,760066,760393,327
c_39309,760393,760732,339
c_39330,760732,761071,339
c_39353,761071,761410,339
c_39369,761410,761748,338
c_3938,761748,762085,337
c_39394,762085,762417,332
c_39395,762417,762750,333
c_39430,762750,763086,336
c_39436,763086,763423,337
c_39456,763423,763758,335
c_39479,763758,764097,339
c_39482,764097,764433,336
c_39496,764433,764772,339
c_39500,764772,765110,338
c_39504,765110,765447,337
c_39506,765447,765784,337
c_39516,765784,766119,335
c_39533,766119,766458,339
c_3956,766458,766795,337
c_39562,766795,767131,336
c_39567,767131,767469,338
c_39579,767469,767797,328
c_39587,767797,768128,331
c_39595,768128,768467,339
c_39628,768467,768803,336
c_39638,768803,769138,335
c_39651,769138,769477,339
c_39661,769477,769816,339
c_39676,769816,770155,339
c_3968,770155,770491,336
c_39683,770491,770827,336
c_39685,770827,771166,339
c_39692,771166,771505,339
c_39704,771505,771842,337
c_39721,771842,772177,335
c_3973,772177,772512,335
c_39748,772512,772848,336
c_3976,772848,773186,338
c_39776,773186,773517,331
c_39791,773517,773855,338
c_39802,773855,774192,337
c_39804,774192,774531,339
c_39835,774531,774869,338
c_39843,774869,775208,339
c_39848,775208,775535,327
c_39874,775535,775873,338
c_39876,775873,776212,339
c_39879,776212,776551,339
c_39885,776551,776887,336
c_3990,776887,777224,337
c_39928,777224,777562,338
c_3995,777562,777899,337
c_39983,777899,778238,339
c_39999,778238,778574,336
c_40017,778574,778910,336
c_4003,778910,779243,333
c_40066,779243,779582,339
c_40067,779582,779919,337
c_40072,779919,780256,337
c_40074,780256,780594,338
c_40077,780594,780930,336
c_4009,780930,781268,338
c_40128,781268,781603,335
c_40175,781603,781942,339
c_40200,781942,782276,334
c_40201,782276,782614,338
c_40204,782614,782952,338
c_40221,782952,783284,332
c_40223,783284,783620,336
c_4023,783620,783958,338
c_40234,783958,784295,337
c_40287,784295,784631,336
c_40309,784631,784968,337
c_40324,784968,785294,326
c_40335,785294,785632,338
c_40344,785632,785971,339
c_40345,785971,786309,338
c_40358,786309,786647,338
c_40388,786647,786986,339
c_40424,786986,787321,335
c_40432,787321,787657,336
c_40447,787657,787985,328
c_40490,787985,788321,336
c_40523,788321,788660,339
c_40543,788660,788987,327
c_40556,788987,789327,340
c_40567,789327,789663,336
c_40573,789663,789998,335
c_40584,789998,790335,337
c_4059,790335,790674,339
c_40602,790674,791013,339
c_40617,791013,791352,339
c_40640,791352,791691,339
c_40656,791691,792029,338
c_40657,792029,792365,336
c_40658,792365,792695,330
c_40725,792695,793035,340
c_40744,793035,793366,331
c_40770,793366,793700,334
c_40783,793700,794036,336
c_4080,794036,794372,336
c_40800,794372,794704,332
c_40815,794704,795043,339
c_40826,795043,795380,337
c_40831,795380,795717,337
c_40849,795717,796049,332
c_40862,796049,796386,337
c_4090,796386,796726,340
c_40921,796726,797065,339
c_40925,797065,797404,339
c_4093,797404,797741,337
c_40930,797741,798075,334
c_40946,798075,798407,332
c_40950,798407,798741,334
c_4098,798741,799079,338
c_40988,799079,799418,339
c_40996,799418,799756,338
c_41003,799756,800093,337
c_41010,800093,800432,339
c_41012,800432,800771,339
c_41023,800771,801108,337
c_41036,801108,801440,332
c_41038,801440,801769,329
c_41060,801769,802109,340
c_41066,802109,802448,339
c_41072,802448,802783,335
c_41082,802783,803114,331
c_41091,803114,803451,337
c_41111,803451,803789,338
c_41114,803789,804128,339
c_41129,804128,804459,331
c_4113,804459,804797,338
c_4117,804797,805134,337
c_41197,805134,805471,337
c_41205,805471,805808,337
c_41212,805808,806147,339
c_41214,806147,806486,339
c_41219,806486,806823,337
c_41265,806823,807159,336
c_41267,807159,807498,339
c_41273,807498,807836,338
c_41274,807836,808175,339
c_41279,808175,808512,337
c_41290,808512,808845,333
c_41294,808845,809180,335
c_41313,809180,809508,328
c_41315,809508,809846,338
c_41319,809846,810184,338
c_41323,810184,810524,340
c_41324,810524,810859,335
c_41326,810859,811197,338
c_41333,811197,811535,338
c_41334,811535,811874,339
c_41366,811874,812211,337
c_41382,812211,812549,338
c_41391,812549,812888,339
c_41399,812888,813213,325
c_41432,813213,813545,332
c_4146,813545,813882,337
c_41479,813882,814218,336
c_41491,814218,814554,336
c_41499,814554,814892,338
c_41515,814892,815226,334
c_41516,815226,815562,336
c_41526,815562,815900,338
c_41541,815900,816236,336
c_41554,816236,816570,334
c_4156,816570,816904,334
c_41596,816904,817235,331
c_41621,817235,817572,337
c_4163,817572,817910,338
c_41633,817910,818250,340
c_41639,818250,818584,334
c_41648,818584,818921,337
c_41684,818921,819258,337
c_41718,819258,819595,337
c_41720,819595,819935,340
c_41726,819935,820266,331
c_41741,820266,820605,339
c_41751,820605,820937,332
c_41752,820937,821271,334
c_41772,821271,821607,336
c_41774,821607,821945,338
c_41787,821945,822282,337
c_41807,822282,822620,338
c_41829,822620,822639,19
c_41833,822639,822978,339
c_41838,822978,823312,334
c_41841,823312,823649,337
c_41842,823649,823989,340
c_41872,823989,824328,339
c_4188,824328,824663,335
c_41918,824663,824999,336
c_4194,824999,825338,339
c_41943,825338,825678,340
c_41954,825678,826009,331
c_41970,826009,826344,335
c_41983,826344,826682,338
c_41986,826682,827021,339
c_41998,827021,827349,328
c_42015,827349,827687,338
c_42019,827687,828022,335
c_42030,828022,828359,337
c_4205,828359,828697,338
c_42065,828697,829031,334
c_42086,829031,829369,338
c_42087,829369,829707,338
c_42130,829707,830046,339
c_42131,830046,830385,339
c_42138,830385,830724,339
c_42161,830724,831056,332
c_4221,831056,831387,331
c_42239,831387,831721,334
c_42244,831721,832053,332
c_42249,832053,832389,336
c_42255,832389,832725,336
c_42257,832725,833064,339
c_42268,833064,833400,336
c_42292,833400,833737,337
c_42294,833737,834075,338
c_42301,834075,834409,334
c_42317,834409,834748,339
c_42323,834748,835082,334
c_42334,835082,835407,325
c_42340,835407,835742,335
c_4236,835742,836081,339
c_42362,836081,836416,335
c_42392,836416,836751,335
c_42411,836751,837088,337
c_42449,837088,837427,339
c_42453,837427,837766,339
c_42460,837766,838104,338
c_42461,838104,838431,327
c_42492,838431,838768,337
c_42494,838768,839106,338
c_42519,839106,839442,336
c_42525,839442,839776,334
c_42527,839776,840115,339
c_42530,840115,840453,338
c_42541,840453,840788,335
c_42551,840788,841125,337
c_42552,841125,841458,333
c_42556,841458,841798,340
c_42583,841798,842136,338
c_42590,842136,842474,338
c_42600,842474,842812,338
c_42602,842812,843151,339
c_42629,843151,843489,338
c_42647,843489,843826,337
c_42659,843826,844165,339
c_42661,844165,844504,339
c_42664,844504,844843,339
c_42671,844843,845181,338
c_42682,845181,845520,339
c_42701,845520,845859,339
c_42706,845859,846198,339
c_42733,846198,846535,337
c_42747,846535,846873,338
c_42756,846873,847210,337
c_42757,847210,847543,333
c_42791,847543,847880,337
c_42823,847880,848218,338
c_42827,848218,848554,336
c_42842,848554,848890,336
c_42869,848890,849228,338
c_42872,849228,849567,339
c_42888,849567,849907,340
c_42889,849907,850243,336
c_42896,850243,850583,340
c_42914,850583,850919,336
c_42926,850919,851258,339
c_42930,851258,851594,336
c_42933,851594,851933,339
c_42938,851933,852272,339
c_42945,852272,852608,336
c_42949,852608,852946,338
c_42959,852946,853284,338
c_42962,853284,853621,337
c_42975,853621,853959,338
c_42978,853959,854297,338
c_42982,854297,854635,338
c_4299,854635,854973,338
c_42998,854973,855301,328
c_4300,855301,855639,338
c_43000,855639,855977,338
c_43004,855977,856311,334
c_43005,856311,856645,334
c_43030,856645,856979,334
c_43054,856979,857316,337
c_43062,857316,857647,331
c_43069,857647,857984,337
c_43077,857984,858321,337
c_43107,858321,858658,337
c_43131,858658,858996,338
c_43141,858996,859333,337
c_43192,859333,859668,335
c_43205,859668,860007,339
c_43206,860007,860340,333
c_43246,860340,860680,340
c_43254,860680,861019,339
c_43259,861019,861353,334
c_43262,861353,861692,339
c_43335,861692,862032,340
c_4336,862032,862370,338
c_43360,862370,862709,339
c_43361,862709,863048,339
c_43368,863048,863385,337
c_4340,863385,863723,338
c_43414,863723,864059,336
c_43433,864059,864399,340
c_4345,864399,864734,335
c_43462,864734,865072,338
c_43466,865072,865408,336
c_43488,865408,865745,337
c_43496,865745,866084,339
c_43502,866084,866423,339
c_43511,866423,866762,339
c_43527,866762,867098,336
c_43531,867098,867434,336
c_43534,867434,867773,339
c_43536,867773,868104,331
c_43547,868104,868443,339
c_43549,868443,868782,339
c_43575,868782,869120,338
c_43590,869120,869452,332
c_43596,869452,869791,339
c_43602,869791,870130,339
c_43607,870130,870467,337
c_43638,870467,870806,339
c_43665,870806,871138,332
c_43670,871138,871472,334
c_43674,871472,871811,339
c_43681,871811,872146,335
c_43706,872146,872482,336
c_4371,872482,872815,333
c_43718,872815,873151,336
c_43720,873151,873489,338
c_4373,873489,873822,333
c_43731,873822,874158,336
c_43735,874158,874495,337
c_4380,874495,874830,335
c_43806,874830,875165,335
c_43813,875165,875503,338
c_43814,875503,875841,338
c_43823,875841,876179,338
c_43831,876179,876515,336
c_4384,876515,876853,338
c_43845,876853,877190,337
c_43867,877190,877529,339
c_43883,877529,877867,338
c_43891,877867,878204,337
c_43905,878204,878541,337
c_43957,878541,878874,333
c_44008,878874,879213,339
c_44039,879213,879552,339
c_44050,879552,879891,339
c_44056,879891,880229,338
c_44059,880229,880567,338
c_4409,880567,880899,332
c_44094,880899,881236,337
c_44115,881236,881575,339
c_44118,881575,881911,336
c_44135,881911,882250,339
c_44141,882250,882584,334
c_44164,882584,882922,338
c_44174,882922,883260,338
c_44187,883260,883599,339
c_44189,883599,883778,179
c_44194,883778,884115,337
c_44226,884115,884449,334
c_44256,884449,884785,336
c_4426,884785,885119,334
c_44260,885119,885457,338
c_44266,885457,885795,338
c_44295,885795,886133,338
c_44313,886133,886465,332
c_44328,886465,886805,340
c_44342,886805,887138,333
c_44355,887138,887474,336
c_44360,887474,887805,331
c_44364,887805,888144,339
c_4437,888144,888484,340
c_44406,888484,888818,334
c_44418,888818,889156,338
c_44427,889156,889495,339
c_44525,889495,889829,334
c_44529,889829,890165,336
c_44553,890165,890504,339
c_44555,890504,890842,338
c_44560,890842,891180,338
c_44568,891180,891516,336
c_44574,891516,891844,328
c_44582,891844,892182,338
c_44588,892182,892521,339
c_44601,892521,892854,333
c_44607,892854,893192,338
c_4461,893192,893529,337
c_44613,893529,893868,339
c_44616,893868,894207,339
c_44632,894207,894545,338
c_44644,894545,894878,333
c_4466,894878,895213,335
c_44662,895213,895551,338
c_44685,895551,895889,338
c_44688,895889,896227,338
c_44696,896227,896557,330
c_44707,896557,896892,335
c_44718,896892,897232,340
c_44726,897232,897567,335
c_44730,897567,897907,340
c_44743,897907,898247,340
c_44790,898247,898582,335
c_44791,898582,898922,340
c_44809,898922,899261,339
c_44821,899261,899592,331
c_44829,899592,899929,337
c_44851,899929,900268,339
c_44855,900268,900607,339
c_44867,900607,900941,334
c_44879,900941,901280,339
c_44911,901280,901617,337
c_44921,901617,901954,337
c_44928,901954,902292,338
c_44929,902292,902630,338
c_44953,902630,902969,339
c_44966,902969,903305,336
c_44967,903305,903642,337
c_44976,903642,903981,339
c_44992,903981,904317,336
c_45005,904317,904657,340
c_45021,904657,904996,339
c_45027,904996,905336,340
c_4506,905336,905673,337
c_45072,905673,906009,336
c_45087,906009,906345,336
c_45097,906345,906685,340
c_45107,906685,907025,340
c_45110,907025,907363,338
c_45124,907363,907691,328
c_45134,907691,908027,336
c_45138,908027,908364,337
c_45178,908364,908699,335
c_45209,908699,909038,339
c_45213,909038,909371,333
c_45216,909371,909710,339
c_45224,909710,910047,337
c_4523,910047,910377,330
c_45236,910377,910714,337
c_45243,910714,911052,338
c_45268,911052,911389,337
c_45283,911389,911727,338
c_45284,911727,912063,336
c_45287,912063,912399,336
c_45291,912399,912737,338
c_45293,912737,913076,339
c_45310,913076,913416,340
c_45314,913416,913755,339
c_45335,913755,914087,332
c_4541,914087,914424,337
c_45427,914424,914753,329
c_45484,914753,915080,327
c_45488,915080,915415,335
c_45489,915415,915747,332
c_45515,915747,916084,337
c_45539,916084,916418,334
c_45541,916418,916756,338
c_45546,916756,917093,337
c_45557,917093,917428,335
c_45558,917428,917767,339
c_45576,917767,918105,338
c_45582,918105,918442,337
c_45590,918442,918781,339
c_4560,918781,919115,334
c_45620,919115,919451,336
c_45658,919451,919790,339
c_45659,919790,920126,336
c_45679,920126,920463,337
c_45722,920463,920801,338
c_45730,920801,921136,335
c_45733,921136,921471,335
c_45759,921471,921810,339
c_45772,921810,922148,338
c_45777,922148,922483,335
c_45780,922483,922823,340
c_45786,922823,923155,332
c_45821,923155,923494,339
c_45841,923494,923828,334
c_45855,923828,924166,338
c_4586,924166,924502,336
c_45865,924502,924841,339
c_45872,924841,925179,338
c_45894,925179,925512,333
c_45911,925512,925850,338
c_4593,925850,926184,334
c_45935,926184,926523,339
c_45939,926523,926862,339
c_45940,926862,927198,336
c_4595,927198,927535,337
c_4599,927535,927869,334
c_45998,927869,928208,339
c_45999,928208,928541,333
c_46000,928541,928866,325
c_46002,928866,929196,330
c_46010,929196,929523,327
c_46033,929523,929859,336
c_46045,929859,930191,332
c_4605,930191,930528,337
c_46060,930528,930858,330
c_46065,930858,931193,335
c_46085,931193,931530,337
c_46114,931530,931868,338
c_46116,931868,932188,320
c_46128,932188,932525,337
c_46136,932525,932862,337
c_46156,932862,933202,340
c_46169,933202,933540,338
c_46175,933540,933878,338
c_46193,933878,934212,334
c_462,934212,934550,338
c_46246,934550,934888,338
c_46247,934888,935214,326
c_46279,935214,935552,338
c_46288,935552,935886,334
c_46291,935886,936223,337
c_46292,936223,936560,337
c_46312,936560,936895,335
c_46322,936895,937232,337
c_46337,937232,937571,339
c_46368,937571,937910,339
c_46374,937910,938249,339
c_4640,938249,938584,335
c_46409,938584,938923,339
c_46423,938923,939263,340
c_4643,939263,939601,338
c_46433,939601,939936,335
c_46445,939936,940270,334
c_46449,940270,940598,328
c_46464,940598,940936,338
c_46467,940936,941268,332
c_46471,941268,941603,335
c_46504,941603,941943,340
c_46513,941943,942282,339
c_46524,942282,942619,337
c_46533,942619,942956,337
c_46543,942956,943291,335
c_46546,943291,943618,327
c_46559,943618,943958,340
c_46581,943958,944298,340
c_46616,944298,944634,336
c_46676,944634,944972,338
c_46717,944972,945307,335
c_4672,945307,945646,339
c_46727,945646,945982,336
c_46735,945982,946320,338
c_4675,946320,946628,308
c_46755,946628,946951,323
c_46757,946951,947289,338
c_4676,947289,947628,339
c_46776,947628,947960,332
c_46797,947960,948299,339
c_46799,948299,948639,340
c_46810,948639,948973,334
c_46813,948973,949312,339
c_46827,949312,949647,335
c_4683,949647,949977,330
c_46831,949977,950314,337
c_46837,950314,950650,336
c_4684,950650,950989,339
c_46841,950989,951327,338
c_4686,951327,951663,336
c_46862,951663,952000,337
c_46887,952000,952338,338
c_46898,952338,952670,332
c_46941,952670,953007,337
c_46973,953007,953343,336
c_470,953343,953679,336
c_47007,953679,954014,335
c_4701,954014,954349,335
c_47015,954349,954684,335
c_47053,954684,955023,339
c_47065,955023,955360,337
c_47079,955360,955696,336
c_47081,955696,956034,338
c_47101,956034,956372,338
c_47103,956372,956702,330
c_47106,956702,957041,339
c_47128,957041,957380,339
c_47169,957380,957719,339
c_4719,957719,958046,327
c_47214,958046,958383,337
c_47218,958383,958713,330
c_4722,958713,959046,333
c_47254,959046,959385,339
c_4727,959385,959723,338
c_47271,959723,960062,339
c_47274,960062,960397,335
c_473,960397,960733,336
c_47308,960733,961070,337
c_47317,961070,961409,339
c_47319,961409,961739,330
c_47323,961739,962076,337
c_47329,962076,962414,338
c_47355,962414,962751,337
c_47356,962751,963089,338
c_47383,963089,963423,334
c_47393,963423,963753,330
c_47422,963753,964092,339
c_47427,964092,964431,339
c_47447,964431,964768,337
c_47460,964768,965107,339
c_47461,965107,965447,340
c_47467,965447,965785,338
c_47476,965785,966124,339
c_47486,966124,966460,336
c_47543,966460,966798,338
c_47562,966798,967134,336
c_47593,967134,967472,338
c_47595,967472,967808,336
c_47603,967808,968143,335
c_47618,968143,968480,337
c_47626,968480,968814,334
c_47628,968814,969151,337
c_47663,969151,969487,336
c_47667,969487,969826,339
c_47668,969826,970164,338
c_47672,970164,970503,339
c_47741,970503,970837,334
c_4775,970837,971173,336
c_47808,971173,971510,337
c_47810,971510,971849,339
c_47815,971849,972189,340
c_47920,972189,972527,338
c_47932,972527,972863,336
c_47949,972863,973202,339
c_4795,973202,973539,337
c_47960,973539,973875,336
c_47977,973875,974213,338
c_47980,974213,974541,328
c_47988,974541,974875,334
c_4800,974875,975213,338
c_48012,975213,975552,339
c_48014,975552,975887,335
c_48021,975887,976224,337
c_48079,976224,976558,334
c_48090,976558,976896,338
c_48097,976896,977235,339
c_48100,977235,977566,331
c_48108,977566,977904,338
c_48117,977904,978243,339
c_48128,978243,978579,336
c_48142,978579,978917,338
c_48155,978917,979251,334
c_48188,979251,979589,338
c_482,979589,979927,338
c_48207,979927,980263,336
c_48211,980263,980600,337
c_48213,980600,980928,328
c_48216,980928,981262,334
c_48217,981262,981598,336
c_48230,981598,981922,324
c_48236,981922,982260,338
c_48245,982260,982599,339
c_48274,982599,982935,336
c_48277,982935,983273,338
c_48279,983273,983613,340
c_48284,983613,983951,338
c_48291,983951,984286,335
c_4830,984286,984613,327
c_48300,984613,984950,337
c_48349,984950,985278,328
c_48352,985278,985618,340
c_48354,985618,985953,335
c_48385,985953,986288,335
c_4839,986288,986626,338
c_48396,986626,986958,332
c_48412,986958,987292,334
c_48416,987292,987622,330
c_48420,987622,987941,319
c_48433,987941,988279,338
c_48436,988279,988611,332
c_48449,988611,988944,333
c_4845,988944,989282,338
c_48461,989282,989621,339
c_48464,989621,989955,334
c_48479,989955,990287,332
c_48485,990287,990624,337
c_48487,990624,990963,339
c_48489,990963,991301,338
c_48490,991301,991640,339
c_48492,991640,991976,336
c_48493,991976,992311,335
c_48495,992311,992648,337
c_48523,992648,992984,336
c_48527,992984,993312,328
c_48540,993312,993645,333
c_48550,993645,993980,335
c_4856,993980,994319,339
c_48565,994319,994656,337
c_48579,994656,994993,337
c_4860,994993,995332,339
c_48612,995332,995666,334
c_48615,995666,996000,334
c_48621,996000,996330,330
c_48629,996330,996669,339
c_48642,996669,996997,328
c_48643,996997,997330,333
c_48673,997330,997669,339
c_48678,997669,998003,334
c_487,998003,998324,321
c_48716,998324,998657,333
c_48722,998657,998995,338
c_48731,998995,999334,339
c_48737,999334,999671,337
c_48754,999671,1000008,337
c_48757,1000008,1000344,336
c_48794,1000344,1000683,339
c_48817,1000683,1001020,337
c_48819,1001020,1001356,336
c_48830,1001356,1001687,331
c_48845,1001687,1002025,338
c_48872,1002025,1002354,329
c_48924,1002354,1002692,338
c_48934,1002692,1003030,338
c_48972,1003030,1003300,270
c_48985,1003300,1003638,338
c_48990,1003638,1003976,338
c_49041,1003976,1004313,337
c_49042,1004313,1004640,327
c_49045,1004640,1004979,339
c_49060,1004979,1005317,338
c_49070,1005317,1005649,332
c_49084,1005649,1005989,340
c_49087,1005989,1006317,328
c_49112,1006317,1006655,338
c_49127,1006655,1006993,338
c_49151,1006993,1007331,338
c_49153,1007331,1007671,340
c_49159,1007671,1008010,339
c_49178,1008010,1008343,333
c_49181,1008343,1008679,336
c_49232,1008679,1009015,336
c_49248,1009015,1009354,339
c_49255,1009354,1009690,336
c_49260,1009690,1010023,333
c_49268,1010023,1010361,338
c_49271,1010361,1010695,334
c_49275,1010695,1011033,338
c_49288,1011033,1011369,336
c_49302,1011369,1011706,337
c_49328,1011706,1012026,320
c_49331,1012026,1012365,339
c_49344,1012365,1012702,337
c_49369,1012702,1013041,339
c_49393,1013041,1013376,335
c_49399,1013376,1013714,338
c_49405,1013714,1014051,337
c_49410,1014051,1014389,338
c_49423,1014389,1014726,337
c_49431,1014726,1015065,339
c_4944,1015065,1015404,339
c_49449,1015404,1015734,330
c_49452,1015734,1016074,340
c_49454,1016074,1016403,329
c_49455,1016403,1016721,318
c_49485,1016721,1017060,339
c_49499,1017060,1017389,329
c_49529,1017389,1017729,340
c_49550,1017729,1018067,338
c_4957,1018067,1018392,325
c_49571,1018392,1018725,333
c_49573,1018725,1019052,327
c_49589,1019052,1019390,338
c_49597,1019390,1019730,340
c_49598,1019730,1020069,339
c_496,1020069,1020403,334
c_49604,1020403,1020742,339
c_49607,1020742,1021081,339
c_4961,1021081,1021421,340
c_49620,1021421,1021759,338
c_49622,1021759,1022094,335
c_49625,1022094,1022428,334
c_49630,1022428,1022760,332
c_49638,1022760,1023095,335
c_49663,1023095,1023430,335
c_49673,1023430,1023767,337
c_49690,1023767,1024106,339
c_49698,1024106,1024437,331
c_49706,1024437,1024775,338
c_4971,1024775,1025108,333
c_4972,1025108,1025439,331
c_49769,1025439,1025775,336
c_49781,1025775,1025822,47
c_49820,1025822,1026159,337
c_49835,1026159,1026499,340
c_49838,1026499,1026836,337
c_49852,1026836,1027174,338
c_49860,1027174,1027513,339
c_49864,1027513,1027850,337
c_49881,1027850,1028187,337
c_49888,1028187,1028524,337
c_49913,1028524,1028858,334
c_4993,1028858,1029197,339
c_49952,1029197,1029533,336
c_49970,1029533,1029871,338
c_49978,1029871,1030209,338
c_49980,1030209,1030547,338
c_50021,1030547,1030885,338
c_50059,1030885,1031222,337
c_50072,1031222,1031561,339
c_50090,1031561,1031900,339
c_50100,1031900,1032236,336
c_50109,1032236,1032572,336
c_50135,1032572,1032904,332
c_5015,1032904,1033241,337
c_50162,1033241,1033568,327
c_50164,1033568,1033900,332
c_50165,1033900,1034233,333
c_50168,1034233,1034571,338
c_50194,1034571,1034900,329
c_50201,1034900,1035238,338
c_5021,1035238,1035577,339
c_50219,1035577,1035914,337
c_50242,1035914,1036252,338
c_5025,1036252,1036588,336
c_50250,1036588,1036926,338
c_50265,1036926,1037194,268
c_50283,1037194,1037515,321
c_50291,1037515,1037852,337
c_50309,1037852,1038192,340
c_50336,1038192,1038529,337
c_5035,1038529,1038868,339
c_50363,1038868,1039205,337
c_50367,1039205,1039539,334
c_50377,1039539,1039869,330
c_50388,1039869,1040208,339
c_504,1040208,1040545,337
c_5040,1040545,1040879,334
c_50417,1040879,1041209,330
c_50448,1041209,1041537,328
c_50464,1041537,1041875,338
c_50490,1041875,1042214,339
c_50492,1042214,1042546,332
c_505,1042546,1042882,336
c_5050,1042882,1043215,333
c_50518,1043215,1043554,339
c_50545,1043554,1043890,336
c_50551,1043890,1044229,339
c_50561,1044229,1044563,334
c_50572,1044563,1044899,336
c_50588,1044899,1045238,339
c_50595,1045238,1045574,336
c_50605,1045574,1045911,337
c_5063,1045911,1046245,334
c_50641,1046245,1046581,336
c_50667,1046581,1046920,339
c_50669,1046920,1047256,336
c_50697,1047256,1047588,332
c_50700,1047588,1047924,336
c_50706,1047924,1048257,333
c_50710,1048257,1048593,336
c_50720,1048593,1048931,338
c_50725,1048931,1049265,334
c_50740,1049265,1049603,338
c_50742,1049603,1049940,337
c_50745,1049940,1050275,335
c_50758,1050275,1050611,336
c_50765,1050611,1050950,339
c_50767,1050950,1051287,337
c_50791,1051287,1051622,335
c_50792,1051622,1051953,331
c_50805,1051953,1052292,339
c_50819,1052292,1052630,338
c_50820,1052630,1052967,337
c_50824,1052967,1053305,338
c_50837,1053305,1053643,338
c_50842,1053643,1053979,336
c_50845,1053979,1054315,336
c_50849,1054315,1054654,339
c_5085,1054654,1054993,339
c_50854,1054993,1055332,339
c_50857,1055332,1055662,330
c_50881,1055662,1055998,336
c_5089,1055998,1056334,336
c_509,1056334,1056671,337
c_5090,1056671,1057009,338
c_50909,1057009,1057345,336
c_50918,1057345,1057684,339
c_50944,1057684,1058020,336
c_50946,1058020,1058356,336
c_50989,1058356,1058690,334
c_50990,1058690,1059028,338
c_51005,1059028,1059368,340
c_51009,1059368,1059705,337
c_51015,1059705,1060044,339
c_51045,1060044,1060383,339
c_51053,1060383,1060715,332
c_51061,1060715,1061054,339
c_51063,1061054,1061385,331
c_51068,1061385,1061724,339
c_51105,1061724,1062063,339
c_51135,1062063,1062402,339
c_51138,1062402,1062741,339
c_51149,1062741,1063079,338
c_51212,1063079,1063415,336
c_5122,1063415,1063743,328
c_51231,1063743,1064082,339
c_51248,1064082,1064407,325
c_51266,1064407,1064742,335
c_51275,1064742,1065080,338
c_51331,1065080,1065418,338
c_51342,1065418,1065757,339
c_51347,1065757,1066090,333
c_51357,1066090,1066415,325
c_51371,1066415,1066747,332
c_51375,1066747,1067084,337
c_51407,1067084,1067423,339
c_51434,1067423,1067761,338
c_51443,1067761,1068098,337
c_51465,1068098,1068436,338
c_51466,1068436,1068768,332
c_51469,1068768,1069014,246
c_51476,1069014,1069344,330
c_51478,1069344,1069684,340
c_51483,1069684,1070016,332
c_5150,1070016,1070351,335
c_51525,1070351,1070683,332
c_51533,1070683,1071022,339
c_51539,1071022,1071360,338
c_5157,1071360,1071697,337
c_51585,1071697,1072035,338
c_51590,1072035,1072374,339
c_51601,1072374,1072713,339
c_51628,1072713,1073050,337
c_51635,1073050,1073384,334
c_51655,1073384,1073722,338
c_51667,1073722,1074056,334
c_51668,1074056,1074390,334
c_51675,1074390,1074725,335
c_51699,1074725,1075064,339
c_51701,1075064,1075403,339
c_51724,1075403,1075740,337
c_51736,1075740,1076077,337
c_51739,1076077,1076417,340
c_51769,1076417,1076755,338
c_51775,1076755,1077094,339
c_51778,1077094,1077433,339
c_51783,1077433,1077761,328
c_51805,1077761,1078100,339
c_51826,1078100,1078439,339
c_51871,1078439,1078772,333
c_51895,1078772,1079106,334
c_51949,1079106,1079441,335
c_51950,1079441,1079779,338
c_52000,1079779,1080115,336
c_52007,1080115,1080450,335
c_52021,1080450,1080787,337
c_5204,1080787,1081123,336
c_52043,1081123,1081460,337
c_52050,1081460,1081795,335
c_52054,1081795,1082134,339
c_52076,1082134,1082468,334
c_52089,1082468,1082805,337
c_52127,1082805,1083144,339
c_52130,1083144,1083483,339
c_52139,1083483,1083820,337
c_52141,1083820,1084159,339
c_52156,1084159,1084493,334
c_52157,1084493,1084830,337
c_52171,1084830,1085170,340
c_52177,1085170,1085506,336
c_52182,1085506,1085845,339
c_52184,1085845,1086180,335
c_52201,1086180,1086511,331
c_52213,1086511,1086849,338
c_52252,1086849,1087184,335
c_52258,1087184,1087524,340
c_52281,1087524,1087861,337
c_52295,1087861,1088198,337
c_52306,1088198,1088536,338
c_52366,1088536,1088874,338
c_52375,1088874,1089213,339
c_52378,1089213,1089551,338
c_52398,1089551,1089890,339
c_52415,1089890,1090229,339
c_52425,1090229,1090565,336
c_52433,1090565,1090901,336
c_52438,1090901,1091241,340
c_52446,1091241,1091570,329
c_52473,1091570,1091907,337
c_52488,1091907,1092245,338
c_52518,1092245,1092583,338
c_52526,1092583,1092921,338
c_52536,1092921,1093253,332
c_52538,1093253,1093585,332
c_52541,1093585,1093924,339
c_52568,1093924,1094261,337
c_5259,1094261,1094596,335
c_52600,1094596,1094930,334
c_52602,1094930,1095265,335
c_52608,1095265,1095602,337
c_52637,1095602,1095931,329
c_52647,1095931,1096269,338
c_52652,1096269,1096604,335
c_5267,1096604,1096942,338
c_52672,1096942,1097280,338
c_52682,1097280,1097620,340
c_5269,1097620,1097955,335
c_52704,1097955,1098292,337
c_52707,1098292,1098631,339
c_52730,1098631,1098971,340
c_52740,1098971,1099310,339
c_52763,1099310,1099640,330
c_52764,1099640,1099973,333
c_52775,1099973,1100313,340
c_52780,1100313,1100651,338
c_52800,1100651,1100989,338
c_52812,1100989,1101328,339
c_52823,1101328,1101666,338
c_52831,1101666,1102004,338
c_52833,1102004,1102337,333
c_52834,1102337,1102674,337
c_52863,1102674,1103012,338
c_52871,1103012,1103348,336
c_52881,1103348,1103682,334
c_52889,1103682,1104016,334
c_52894,1104016,1104350,334
c_52895,1104350,1104690,340
c_52897,1104690,1105028,338
c_5290,1105028,1105367,339
c_52906,1105367,1105703,336
c_5292,1105703,1106041,338
c_52931,1106041,1106379,338
c_5295,1106379,1106713,334
c_52952,1106713,1107046,333
c_52972,1107046,1107384,338
c_52984,1107384,1107720,336
c_53005,1107720,1108051,331
c_53007,1108051,1108386,335
c_53010,1108386,1108707,321
c_53027,1108707,1109045,338
c_53031,1109045,1109384,339
c_53039,1109384,1109722,338
c_53042,1109722,1110058,336
c_53046,1110058,1110385,327
c_53067,1110385,1110722,337
c_53070,1110722,1111057,335
c_53076,1111057,1111391,334
c_53103,1111391,1111730,339
c_53114,1111730,1112059,329
c_53117,1112059,1112398,339
c_53122,1112398,1112732,334
c_53127,1112732,1113070,338
c_53135,1113070,1113409,339
c_53136,1113409,1113746,337
c_53229,1113746,1114081,335
c_53243,1114081,1114416,335
c_53250,1114416,1114752,336
c_53251,1114752,1115090,338
c_53255,1115090,1115426,336
c_53273,1115426,1115765,339
c_53279,1115765,1116103,338
c_53287,1116103,1116439,336
c_53307,1116439,1116776,337
c_53334,1116776,1117116,340
c_53356,1117116,1117455,339
c_53364,1117455,1117792,337
c_53368,1117792,1118132,340
c_5338,1118132,1118471,339
c_53393,1118471,1118809,338
c_53397,1118809,1119144,335
c_53398,1119144,1119481,337
c_53412,1119481,1119819,338
c_53414,1119819,1120158,339
c_53433,1120158,1120497,339
c_53442,1120497,1120834,337
c_53457,1120834,1121173,339
c_53463,1121173,1121509,336
c_53465,1121509,1121848,339
c_53468,1121848,1122186,338
c_5350,1122186,1122524,338
c_53505,1122524,1122862,338
c_53537,1122862,1123200,338
c_53569,1123200,1123538,338
c_5357,1123538,1123877,339
c_53589,1123877,1124216,339
c_53611,1124216,1124553,337
c_53623,1124553,1124892,339
c_53636,1124892,1125227,335
c_53644,1125227,1125561,334
c_53653,1125561,1125900,339
c_53671,1125900,1126238,338
c_53676,1126238,1126572,334
c_53690,1126572,1126911,339
c_53699,1126911,1127250,339
c_53705,1127250,1127589,339
c_53711,1127589,1127927,338
c_53733,1127927,1128264,337
c_53751,1128264,1128602,338
c_53752,1128602,1128936,334
c_53755,1128936,1129274,338
c_53798,1129274,1129613,339
c_538,1129613,1129953,340
c_53801,1129953,1130286,333
c_5381,1130286,1130625,339
c_53810,1130625,1130959,334
c_53821,1130959,1131291,332
c_53822,1131291,1131629,338
c_53823,1131629,1131966,337
c_53836,1131966,1132303,337
c_53837,1132303,1132636,333
c_53838,1132636,1132974,338
c_53846,1132974,1133310,336
c_53860,1133310,1133631,321
c_53868,1133631,1133968,337
c_53875,1133968,1134304,336
c_53881,1134304,1134639,335
c_53893,1134639,1134976,337
c_53935,1134976,1135315,339
c_53957,1135315,1135654,339
c_53964,1135654,1135993,339
c_53979,1135993,1136331,338
c_53984,1136331,1136669,338
c_53988,1136669,1137006,337
c_53989,1137006,1137342,336
c_54001,1137342,1137680,338
c_54002,1137680,1138015,335
c_54006,1138015,1138353,338
c_54007,1138353,1138685,332
c_54011,1138685,1139024,339
c_54014,1139024,1139361,337
c_54028,1139361,1139696,335
c_54031,1139696,1140031,335
c_54033,1140031,1140361,330
c_54047,1140361,1140696,335
c_54059,1140696,1141034,338
c_54065,1141034,1141373,339
c_54083,1141373,1141705,332
c_54089,1141705,1142045,340
c_54097,1142045,1142382,337
c_54104,1142382,1142720,338
c_54131,1142720,1143056,336
c_54143,1143056,1143389,333
c_54165,1143389,1143725,336
c_54174,1143725,1144064,339
c_54187,1144064,1144395,331
c_54188,1144395,1144734,339
c_54192,1144734,1145072,338
c_54214,1145072,1145411,339
c_54224,1145411,1145750,339
c_54247,1145750,1146088,338
c_54251,1146088,1146427,339
c_54253,1146427,1146765,338
c_54254,1146765,1147105,340
c_54266,1147105,1147444,339
c_54287,1147444,1147782,338
c_54296,1147782,1148117,335
c_54323,1148117,1148452,335
c_54340,1148452,1148791,339
c_5435,1148791,1149130,339
c_54354,1149130,1149466,336
c_5439,1149466,1149805,339
c_54394,1149805,1150134,329
c_5442,1150134,1150474,340
c_54473,1150474,1150808,334
c_54524,1150808,1151144,336
c_54535,1151144,1151472,328
c_54548,1151472,1151808,336
c_54570,1151808,1152143,335
c_5462,1152143,1152472,329
c_54636,1152472,1152809,337
c_54638,1152809,1153147,338
c_54660,1153147,1153484,337
c_54671,1153484,1153819,335
c_54674,1153819,1154157,338
c_54687,1154157,1154495,338
c_54699,1154495,1154834,339
c_54708,1154834,1155173,339
c_5473,1155173,1155506,333
c_54763,1155506,1155842,336
c_54800,1155842,1156176,334
c_54807,1156176,1156512,336
c_54826,1156512,1156851,339
c_54827,1156851,1157179,328
c_54854,1157179,1157515,336
c_54869,1157515,1157854,339
c_54910,1157854,1158192,338
c_54911,1158192,1158529,337
c_54915,1158529,1158867,338
c_54925,1158867,1159205,338
c_54965,1159205,1159540,335
c_54971,1159540,1159876,336
c_54973,1159876,1160214,338
c_55012,1160214,1160547,333
c_55019,1160547,1160877,330
c_55044,1160877,1161215,338
c_55047,1161215,1161549,334
c_55049,1161549,1161884,335
c_55056,1161884,1162222,338
c_55057,1162222,1162552,330
c_55069,1162552,1162889,337
c_55076,1162889,1163227,338
c_55080,1163227,1163561,334
c_55112,1163561,1163900,339
c_55120,1163900,1164240,340
c_55121,1164240,1164577,337
c_55137,1164577,1164916,339
c_55141,1164916,1165255,339
c_55146,1165255,1165593,338
c_55155,1165593,1165932,339
c_55158,1165932,1166272,340
c_55160,1166272,1166606,334
c_55193,1166606,1166942,336
c_55196,1166942,1167280,338
c_55208,1167280,1167619,339
c_55230,1167619,1167958,339
c_55254,1167958,1168295,337
c_55256,1168295,1168627,332
c_55267,1168627,1168964,337
c_55281,1168964,1169301,337
c_55288,1169301,1169639,338
c_55291,1169639,1169977,338
c_55306,1169977,1170316,339
c_55329,1170316,1170653,337
c_55347,1170653,1170992,339
c_55356,1170992,1171327,335
c_55359,1171327,1171665,338
c_5536,1171665,1172004,339
c_55363,1172004,1172336,332
c_55383,1172336,1172669,333
c_55485,1172669,1173009,340
c_5551,1173009,1173345,336
c_55516,1173345,1173683,338
c_55544,1173683,1174023,340
c_5555,1174023,1174361,338
c_55585,1174361,1174701,340
c_55587,1174701,1175034,333
c_55613,1175034,1175368,334
c_55616,1175368,1175707,339
c_55617,1175707,1176038,331
c_55645,1176038,1176377,339
c_55654,1176377,1176713,336
c_55662,1176713,1177050,337
c_55664,1177050,1177385,335
c_55724,1177385,1177723,338
c_55729,1177723,1178061,338
c_55743,1178061,1178391,330
c_55763,1178391,1178718,327
c_55768,1178718,1179057,339
c_55770,1179057,1179396,339
c_55801,1179396,1179734,338
c_55809,1179734,1180073,339
c_55820,1180073,1180411,338
c_55831,1180411,1180749,338
c_55850,1180749,1181089,340
c_55902,1181089,1181424,335
c_55913,1181424,1181764,340
c_55944,1181764,1182104,340
c_55955,1182104,1182444,340
c_55956,1182444,1182781,337
c_55978,1182781,1183119,338
c_55997,1183119,1183458,339
c_560,1183458,1183794,336
c_56013,1183794,1184133,339
c_56017,1184133,1184472,339
c_5602,1184472,1184809,337
c_56025,1184809,1185140,331
c_5603,1185140,1185479,339
c_56030,1185479,1185818,339
c_56032,1185818,1186152,334
c_56045,1186152,1186483,331
c_56089,1186483,1186822,339
c_56097,1186822,1187160,338
c_56121,1187160,1187500,340
c_56123,1187500,1187830,330
c_56133,1187830,1188168,338
c_56156,1188168,1188501,333
c_5616,1188501,1188826,325
c_5618,1188826,1189163,337
c_56193,1189163,1189501,338
c_56198,1189501,1189838,337
c_56202,1189838,1190176,338
c_56203,1190176,1190512,336
c_56221,1190512,1190845,333
c_56227,1190845,1191174,329
c_56236,1191174,1191509,335
c_56251,1191509,1191845,336
c_56263,1191845,1192184,339
c_56266,1192184,1192521,337
c_56281,1192521,1192860,339
c_56299,1192860,1193192,332
c_56302,1193192,1193530,338
c_5631,1193530,1193580,50
c_5632,1193580,1193919,339
c_56322,1193919,1194258,339
c_56324,1194258,1194597,339
c_56330,1194597,1194923,326
c_56331,1194923,1195258,335
c_56368,1195258,1195590,332
c_56371,1195590,1195929,339
c_56381,1195929,1196266,337
c_5641,1196266,1196606,340
c_56442,1196606,1196942,336
c_56452,1196942,1197278,336
c_56454,1197278,1197608,330
c_56455,1197608,1197786,178
c_56465,1197786,1198110,324
c_56471,1198110,1198448,338
c_56485,1198448,1198786,338
c_56504,1198786,1199126,340
c_56506,1199126,1199462,336
c_56514,1199462,1199802,340
c_56535,1199802,1200138,336
c_56539,1200138,1200473,335
c_56541,1200473,1200812,339
c_56542,1200812,1201149,337
c_56570,1201149,1201488,339
c_56571,1201488,1201827,339
c_56580,1201827,1202161,334
c_56583,1202161,1202493,332
c_566,1202493,1202818,325
c_56607,1202818,1203156,338
c_56624,1203156,1203436,280
c_56632,1203436,1203774,338
c_56634,1203774,1204114,340
c_56635,1204114,1204453,339
c_56637,1204453,1204788,335
c_56652,1204788,1205120,332
c_56663,1205120,1205458,338
c_56673,1205458,1205796,338
c_56702,1205796,1206132,336
c_56707,1206132,1206461,329
c_56710,1206461,1206799,338
c_56758,1206799,1207137,338
c_56761,1207137,1207473,336
c_56770,1207473,1207809,336
c_56782,1207809,1208144,335
c_56813,1208144,1208483,339
c_56814,1208483,1208818,335
c_56816,1208818,1209154,336
c_5682,1209154,1209484,330
c_56826,1209484,1209813,329
c_56843,1209813,1210149,336
c_56846,1210149,1210489,340
c_56850,1210489,1210826,337
c_56857,1210826,1211161,335
c_56880,1211161,1211481,320
c_56895,1211481,1211816,335
c_56922,1211816,1212154,338
c_56926,1212154,1212492,338
c_56932,1212492,1212831,339
c_56943,1212831,1213163,332
c_56946,1213163,1213499,336
c_56957,1213499,1213836,337
c_56977,1213836,1214171,335
c_56998,1214171,1214510,339
c_57004,1214510,1214848,338
c_57006,1214848,1215187,339
c_57019,1215187,1215524,337
c_57053,1215524,1215860,336
c_57068,1215860,1216196,336
c_57069,1216196,1216534,338
c_57075,1216534,1216866,332
c_57078,1216866,1217205,339
c_57083,1217205,1217540,335
c_57087,1217540,1217880,340
c_57094,1217880,1218205,325
c_57124,1218205,1218543,338
c_57127,1218543,1218880,337
c_57131,1218880,1219218,338
c_5715,1219218,1219555,337
c_57165,1219555,1219890,335
c_57178,1219890,1220227,337
c_57184,1220227,1220565,338
c_572,1220565,1220903,338
c_57280,1220903,1221239,336
c_57317,1221239,1221578,339
c_57321,1221578,1221916,338
c_57347,1221916,1222247,331
c_57351,1222247,1222586,339
c_57353,1222586,1222923,337
c_5736,1222923,1223262,339
c_57377,1223262,1223597,335
c_57387,1223597,1223937,340
c_57394,1223937,1224276,339
c_5741,1224276,1224611,335
c_57424,1224611,1224950,339
c_57428,1224950,1225288,338
c_57429,1225288,1225622,334
c_57433,1225622,1225959,337
c_57441,1225959,1226293,334
c_57446,1226293,1226626,333
c_57460,1226626,1226952,326
c_57486,1226952,1227288,336
c_57492,1227288,1227628,340
c_57518,1227628,1227966,338
c_57567,1227966,1228305,339
c_57607,1228305,1228641,336
c_57655,1228641,1228980,339
c_57685,1228980,1229318,338
c_57687,1229318,1229655,337
c_5770,1229655,1229994,339
c_5771,1229994,1230331,337
c_5773,1230331,1230667,336
c_57730,1230667,1231001,334
c_57742,1231001,1231339,338
c_57760,1231339,1231671,332
c_57766,1231671,1231997,326
c_57772,1231997,1232330,333
c_57774,1232330,1232669,339
c_57776,1232669,1233008,339
c_57777,1233008,1233346,338
c_57778,1233346,1233682,336
c_57807,1233682,1234018,336
c_57812,1234018,1234356,338
c_57834,1234356,1234689,333
c_57844,1234689,1235027,338
c_57852,1235027,1235366,339
c_57875,1235366,1235705,339
c_57898,1235705,1236041,336
c_57908,1236041,1236377,336
c_57924,1236377,1236713,336
c_57935,1236713,1237051,338
c_57943,1237051,1237391,340
c_57951,1237391,1237730,339
c_57953,1237730,1238066,336
c_57954,1238066,1238399,333
c_57965,1238399,1238737,338
c_57980,1238737,1239075,338
c_57992,1239075,1239402,327
c_58004,1239402,1239741,339
c_58068,1239741,1240077,336
c_58070,1240077,1240416,339
c_58076,1240416,1240756,340
c_58088,1240756,1241094,338
c_58094,1241094,1241425,331
c_58108,1241425,1241764,339
c_58145,1241764,1242103,339
c_58153,1242103,1242442,339
c_58157,1242442,1242782,340
c_58160,1242782,1243120,338
c_58173,1243120,1243456,336
c_58182,1243456,1243786,330
c_58191,1243786,1244122,336
c_58221,1244122,1244458,336
c_58242,1244458,1244792,334
c_58246,1244792,1245125,333
c_58264,1245125,1245464,339
c_58295,1245464,1245799,335
c_583,1245799,1246136,337
c_58312,1246136,1246475,339
c_58323,1246475,1246811,336
c_58339,1246811,1247149,338
c_58348,1247149,1247488,339
c_58362,1247488,1247825,337
c_58367,1247825,1248161,336
c_58378,1248161,1248496,335
c_58380,1248496,1248832,336
c_58392,1248832,1249171,339
c_58405,1249171,1249507,336
c_58431,1249507,1249846,339
c_58476,1249846,1250180,334
c_58507,1250180,1250519,339
c_58546,1250519,1250853,334
c_58564,1250853,1251192,339
c_58580,1251192,1251530,338
c_58590,1251530,1251869,339
c_58603,1251869,1252207,338
c_58616,1252207,1252544,337
c_5863,1252544,1252873,329
c_58646,1252873,1253212,339
c_58714,1253212,1253552,340
c_58721,1253552,1253888,336
c_5875,1253888,1254227,339
c_58779,1254227,1254566,339
c_58792,1254566,1254905,339
c_58829,1254905,1255230,325
c_58830,1255230,1255566,336
c_58854,1255566,1255903,337
c_58875,1255903,1256238,335
c_58876,1256238,1256575,337
c_58878,1256575,1256911,336
c_58884,1256911,1257247,336
c_58935,1257247,1257587,340
c_5895,1257587,1257925,338
c_58951,1257925,1258263,338
c_58986,1258263,1258598,335
c_58992,1258598,1258931,333
c_59008,1258931,1259268,337
c_59010,1259268,1259607,339
c_59017,1259607,1259942,335
c_59018,1259942,1260277,335
c_59019,1260277,1260614,337
c_59049,1260614,1260951,337
c_59061,1260951,1261286,335
c_59068,1261286,1261625,339
c_59081,1261625,1261953,328
c_59108,1261953,1262288,335
c_5916,1262288,1262626,338
c_59191,1262626,1262959,333
c_59207,1262959,1263298,339
c_59210,1263298,1263635,337
c_59239,1263635,1263973,338
c_5924,1263973,1264312,339
c_59272,1264312,1264651,339
c_59284,1264651,1264989,338
c_59298,1264989,1265328,339
c_59305,1265328,1265659,331
c_59307,1265659,1265996,337
c_59370,1265996,1266334,338
c_59373,1266334,1266670,336
c_59390,1266670,1267007,337
c_59418,1267007,1267341,334
c_59435,1267341,1267677,336
c_5945,1267677,1268014,337
c_59469,1268014,1268351,337
c_59487,1268351,1268689,338
c_5949,1268689,1269017,328
c_59508,1269017,1269353,336
c_59523,1269353,1269692,339
c_59533,1269692,1270028,336
c_59566,1270028,1270358,330
c_59581,1270358,1270693,335
c_59598,1270693,1271030,337
c_5961,1271030,1271364,334
c_59629,1271364,1271528,164
c_59676,1271528,1271863,335
c_59711,1271863,1272194,331
c_59721,1272194,1272531,337
c_59742,1272531,1272867,336
c_59746,1272867,1273204,337
c_5977,1273204,1273541,337
c_59771,1273541,1273876,335
c_59777,1273876,1274210,334
c_5981,1274210,1274546,336
c_59814,1274546,1274885,339
c_59825,1274885,1275223,338
c_59829,1275223,1275563,340
c_59830,1275563,1275901,338
c_59855,1275901,1276240,339
c_59905,1276240,1276579,339
c_59918,1276579,1276918,339
c_59936,1276918,1277253,335
c_5995,1277253,1277592,339
c_59960,1277592,1277919,327
c_59961,1277919,1278255,336
c_5998,1278255,1278595,340
c_59980,1278595,1278931,336
c_59998,1278931,1279256,325
c_6,1279256,1279596,340
c_60002,1279596,1279930,334
c_60017,1279930,1280270,340
c_60032,1280270,1280599,329
c_6004,1280599,1280938,339
c_60060,1280938,1281277,339
c_60091,1281277,1281613,336
c_60117,1281613,1281950,337
c_60119,1281950,1282285,335
c_60123,1282285,1282622,337
c_60127,1282622,1282958,336
c_60131,1282958,1283293,335
c_60139,1283293,1283629,336
c_60148,1283629,1283963,334
c_60169,1283963,1284299,336
c_60186,1284299,1284636,337
c_60196,1284636,1284973,337
c_60199,1284973,1285310,337
c_60200,1285310,1285649,339
c_60208,1285649,1285988,339
c_60211,1285988,1286327,339
c_60219,1286327,1286659,332
c_60236,1286659,1286997,338
c_60238,1286997,1287337,340
c_60244,1287337,1287673,336
c_60266,1287673,1288011,338
c_60275,1288011,1288348,337
c_60306,1288348,1288682,334
c_60318,1288682,1289018,336
c_60326,1289018,1289352,334
c_60333,1289352,1289690,338
c_60356,1289690,1290025,335
c_60367,1290025,1290364,339
c_60396,1290364,1290702,338
c_60399,1290702,1291041,339
c_60419,1291041,1291377,336
c_60436,1291377,1291716,339
c_60442,1291716,1292052,336
c_60462,1292052,1292388,336
c_60474,1292388,1292727,339
c_60485,1292727,1293056,329
c_60520,1293056,1293394,338
c_60521,1293394,1293732,338
c_60529,1293732,1294068,336
c_60532,1294068,1294403,335
c_60537,1294403,1294729,326
c_60548,1294729,1295058,329
c_60558,1295058,1295395,337
c_60585,1295395,1295733,338
c_60587,1295733,1296068,335
c_60595,1296068,1296403,335
c_60596,1296403,1296739,336
c_60606,1296739,1297075,336
c_60637,1297075,1297413,338
c_60640,1297413,1297751,338
c_60642,1297751,1298081,330
c_60650,1298081,1298418,337
c_60695,1298418,1298750,332
c_60698,1298750,1299089,339
c_60718,1299089,1299424,335
c_60724,1299424,1299763,339
c_60728,1299763,1300099,336
c_60737,1300099,1300436,337
c_60755,1300436,1300773,337
c_6076,1300773,1301113,340
c_60767,1301113,1301451,338
c_6078,1301451,1301784,333
c_6083,1301784,1302120,336
c_60847,1302120,1302458,338
c_60855,1302458,1302794,336
c_6093,1302794,1303132,338
c_60936,1303132,1303469,337
c_60937,1303469,1303804,335
c_60940,1303804,1304143,339
c_60942,1304143,1304476,333
c_60950,1304476,1304815,339
c_6099,1304815,1305149,334
c_61005,1305149,1305488,339
c_61007,1305488,1305823,335
c_61035,1305823,1306162,339
c_61037,1306162,1306485,323
c_61052,1306485,1306821,336
c_61061,1306821,1307157,336
c_61084,1307157,1307493,336
c_61096,1307493,1307832,339
c_61100,1307832,1308171,339
c_61104,1308171,1308510,339
c_61112,1308510,1308842,332
c_61118,1308842,1309171,329
c_61126,1309171,1309510,339
c_61136,1309510,1309847,337
c_6116,1309847,1310185,338
c_61178,1310185,1310513,328
c_6118,1310513,1310853,340
c_61200,1310853,1311191,338
c_61205,1311191,1311530,339
c_61227,1311530,1311869,339
c_61266,1311869,1312207,338
c_6130,1312207,1312543,336
c_6131,1312543,1312876,333
c_61325,1312876,1313216,340
c_61357,1313216,1313553,337
c_61382,1313553,1313889,336
c_61400,1313889,1314227,338
c_61405,1314227,1314566,339
c_61411,1314566,1314904,338
c_61425,1314904,1315242,338
c_61472,1315242,1315577,335
c_6148,1315577,1315815,238
c_61502,1315815,1316154,339
c_61511,1316154,1316493,339
c_61518,1316493,1316830,337
c_61534,1316830,1317168,338
c_61536,1317168,1317491,323
c_61544,1317491,1317826,335
c_6160,1317826,1318160,334
c_6161,1318160,1318499,339
c_61651,1318499,1318835,336
c_6167,1318835,1319172,337
c_61688,1319172,1319509,337
c_61709,1319509,1319848,339
c_61736,1319848,1320185,337
c_61739,1320185,1320521,336
c_61741,1320521,1320860,339
c_61802,1320860,1321197,337
c_61805,1321197,1321530,333
c_61820,1321530,1321870,340
c_61830,1321870,1322207,337
c_61837,1322207,1322543,336
c_61846,1322543,1322880,337
c_61875,1322880,1323213,333
c_61884,1323213,1323551,338
c_61892,1323551,1323886,335
c_61903,1323886,1324225,339
c_61920,1324225,1324560,335
c_61931,1324560,1324897,337
c_61962,1324897,1325226,329
c_6197,1325226,1325562,336
c_61980,1325562,1325901,339
c_61981,1325901,1326241,340
c_62012,1326241,1326578,337
c_62025,1326578,1326915,337
c_62029,1326915,1327254,339
c_6203,1327254,1327592,338
c_62033,1327592,1327926,334
c_62040,1327926,1328266,340
c_62044,1328266,1328601,335
c_62071,1328601,1328933,332
c_6208,1328933,1329269,336
c_62090,1329269,1329607,338
c_62121,1329607,1329946,339
c_62123,1329946,1330283,337
c_62130,1330283,1330610,327
c_62137,1330610,1330945,335
c_62155,1330945,1331283,338
c_62178,1331283,1331622,339
c_62187,1331622,1331961,339
c_62193,1331961,1332299,338
c_62195,1332299,1332636,337
c_62196,1332636,1332975,339
c_62214,1332975,1333303,328
c_62236,1333303,1333642,339
c_62238,1333642,1333976,334
c_62264,1333976,1334312,336
c_62272,1334312,1334646,334
c_62280,1334646,1334984,338
c_62284,1334984,1335323,339
c_6229,1335323,1335663,340
c_62325,1335663,1336001,338
c_62343,1336001,1336339,338
c_62352,1336339,1336675,336
c_62360,1336675,1337013,338
c_62365,1337013,1337353,340
c_62371,1337353,1337689,336
c_62393,1337689,1338026,337
c_62402,1338026,1338362,336
c_62414,1338362,1338701,339
c_62423,1338701,1339039,338
c_62428,1339039,1339377,338
c_62430,1339377,1339710,333
c_62484,1339710,1340047,337
c_62504,1340047,1340371,324
c_62539,1340371,1340709,338
c_62549,1340709,1341043,334
c_62555,1341043,1341379,336
c_62578,1341379,1341711,332
c_62579,1341711,1342045,334
c_62581,1342045,1342380,335
c_62597,1342380,1342713,333
c_62615,1342713,1343051,338
c_62616,1343051,1343385,334
c_62642,1343385,1343723,338
c_62665,1343723,1344053,330
c_62667,1344053,1344391,338
c_6267,1344391,1344731,340
c_62672,1344731,1345070,339
c_62685,1345070,1345404,334
c_62687,1345404,1345741,337
c_62710,1345741,1346075,334
c_62736,1346075,1346406,331
c_62763,1346406,1346743,337
c_62765,1346743,1347083,340
c_6277,1347083,1347420,337
c_6278,1347420,1347758,338
c_6282,1347758,1348090,332
c_62823,1348090,1348419,329
c_62852,1348419,1348753,334
c_62888,1348753,1349090,337
c_62894,1349090,1349430,340
c_62931,1349430,1349760,330
c_62937,1349760,1350092,332
c_62946,1350092,1350431,339
c_62980,1350431,1350760,329
c_62985,1350760,1351100,340
c_63,1351100,1351436,336
c_6300,1351436,1351772,336
c_63039,1351772,1352108,336
c_63041,1352108,1352447,339
c_63066,1352447,1352785,338
c_63073,1352785,1353124,339
c_63104,1353124,1353463,339
c_63106,1353463,1353802,339
c_63112,1353802,1354140,338
c_63115,1354140,1354480,340
c_63134,1354480,1354812,332
c_6316,1354812,1355148,336
c_63184,1355148,1355487,339
c_6322,1355487,1355824,337
c_63263,1355824,1356160,336
c_63281,1356160,1356498,338
c_63316,1356498,1356833,335
c_63317,1356833,1356883,50
c_63318,1356883,1357218,335
c_6333,1357218,1357556,338
c_63331,1357556,1357895,339
c_63341,1357895,1358232,337
c_63342,1358232,1358570,338
c_63348,1358570,1358909,339
c_6337,1358909,1359248,339
c_63386,1359248,1359583,335
c_63388,1359583,1359907,324
c_63390,1359907,1360236,329
c_63392,1360236,1360575,339
c_63423,1360575,1360913,338
c_6346,1360913,1361247,334
c_63464,1361247,1361587,340
c_63467,1361587,1361923,336
c_63500,1361923,1362254,331
c_63505,1362254,1362593,339
c_6353,1362593,1362918,325
c_63535,1362918,1363254,336
c_63542,1363254,1363586,332
c_63558,1363586,1363914,328
c_63578,1363914,1364245,331
c_63579,1364245,1364582,337
c_63602,1364582,1364918,336
c_63607,1364918,1365255,337
c_63634,1365255,1365592,337
c_63638,1365592,1365926,334
c_63644,1365926,1366264,338
c_63645,1366264,1366602,338
c_63679,1366602,1366939,337
c_63687,1366939,1367276,337
c_63726,1367276,1367614,338
c_63780,1367614,1367952,338
c_63781,1367952,1368288,336
c_63791,1368288,1368627,339
c_63811,1368627,1368966,339
c_63841,1368966,1369305,339
c_63847,1369305,1369604,299
c_63863,1369604,1369943,339
c_63867,1369943,1370278,335
c_6388,1370278,1370614,336
c_63880,1370614,1370952,338
c_63881,1370952,1371291,339
c_639,1371291,1371627,336
c_63912,1371627,1371964,337
c_63969,1371964,1372302,338
c_6397,1372302,1372634,332
c_63980,1372634,1372973,339
c_6401,1372973,1373309,336
c_64015,1373309,1373643,334
c_64030,1373643,1373981,338
c_64042,1373981,1374317,336
c_64051,1374317,1374656,339
c_64057,1374656,1374995,339
c_64078,1374995,1375328,333
c_64085,1375328,1375664,336
c_64126,1375664,1376002,338
c_64132,1376002,1376341,339
c_64135,1376341,1376680,339
c_64145,1376680,1377015,335
c_64162,1377015,1377350,335
c_64187,1377350,1377690,340
c_64193,1377690,1378030,340
c_64201,1378030,1378354,324
c_64215,1378354,1378692,338
c_64276,1378692,1379028,336
c_64287,1379028,1379308,280
c_6430,1379308,1379645,337
c_6431,1379645,1379984,339
c_64315,1379984,1380317,333
c_64320,1380317,1380656,339
c_64327,1380656,1380995,339
c_64351,1380995,1381333,338
c_64386,1381333,1381666,333
c_64387,1381666,1381997,331
c_64404,1381997,1382335,338
c_64409,1382335,1382668,333
c_64441,1382668,1383000,332
c_64443,1383000,1383339,339
c_64454,1383339,1383677,338
c_64475,1383677,1384010,333
c_64493,1384010,1384348,338
c_64508,1384348,1384686,338
c_64509,1384686,1385025,339
c_64536,1385025,1385362,337
c_64543,1385362,1385698,336
c_64544,1385698,1386036,338
c_64547,1386036,1386374,338
c_64556,1386374,1386712,338
c_64561,1386712,1387047,335
c_64563,1387047,1387376,329
c_64570,1387376,1387712,336
c_64596,1387712,1388045,333
c_64598,1388045,1388371,326
c_64613,1388371,1388705,334
c_64618,1388705,1389044,339
c_6463,1389044,1389382,338
c_64635,1389382,1389716,334
c_64643,1389716,1390053,337
c_64648,1390053,1390389,336
c_64665,1390389,1390723,334
c_64680,1390723,1391058,335
c_64683,1391058,1391398,340
c_64693,1391398,1391732,334
c_64717,1391732,1392071,339
c_6474,1392071,1392408,337
c_64764,1392408,1392744,336
c_64773,1392744,1393083,339
c_64831,1393083,1393422,339
c_64866,1393422,1393754,332
c_64898,1393754,1394094,340
c_64899,1394094,1394431,337
c_649,1394431,1394770,339
c_6490,1394770,1395109,339
c_64900,1395109,1395444,335
c_64916,1395444,1395783,339
c_64918,1395783,1396121,338
c_64929,1396121,1396460,339
c_64940,1396460,1396798,338
c_64946,1396798,1397133,335
c_6495,1397133,1397471,338
c_64975,1397471,1397803,332
c_64982,1397803,1398140,337
c_64984,1398140,1398471,331
c_65018,1398471,1398807,336
c_65022,1398807,1399144,337
c_65074,1399144,1399482,338
c_65075,1399482,1399820,338
c_65083,1399820,1400159,339
c_65135,1400159,1400496,337
c_65234,1400496,1400835,339
c_65244,1400835,1401170,335
c_65259,1401170,1401508,338
c_65287,1401508,1401847,339
c_65298,1401847,1402185,338
c_65311,1402185,1402522,337
c_65347,1402522,1402860,338
c_65384,1402860,1403199,339
c_65388,1403199,1403533,334
c_65403,1403533,1403871,338
c_65410,1403871,1404208,337
c_65415,1404208,1404547,339
c_65438,1404547,1404887,340
c_65466,1404887,1405220,333
c_65473,1405220,1405559,339
c_65475,1405559,1405895,336
c_65487,1405895,1406234,339
c_65494,1406234,1406551,317
c_65506,1406551,1406891,340
c_65525,1406891,1407230,339
c_65536,1407230,1407567,337
c_65542,1407567,1407906,339
c_65544,1407906,1408244,338
c_65548,1408244,1408583,339
c_65567,1408583,1408909,326
c_65569,1408909,1409247,338
c_65592,1409247,1409584,337
c_65606,1409584,1409923,339
c_65626,1409923,1410212,289
c_65635,1410212,1410547,335
c_65639,1410547,1410885,338
c_65641,1410885,1411221,336
c_65643,1411221,1411560,339
c_65648,1411560,1411900,340
c_65653,1411900,1412235,335
c_65656,1412235,1412574,339
c_65663,1412574,1412912,338
c_65671,1412912,1413249,337
c_65678,1413249,1413583,334
c_6568,1413583,1413922,339
c_65689,1413922,1414260,338
c_657,1414260,1414595,335
c_65703,1414595,1414932,337
c_65727,1414932,1415271,339
c_65732,1415271,1415607,336
c_65750,1415607,1415945,338
c_65755,1415945,1416280,335
c_65757,1416280,1416609,329
c_6576,1416609,1416946,337
c_65824,1416946,1417284,338
c_65856,1417284,1417623,339
c_65859,1417623,1417961,338
c_65892,1417961,1418294,333
c_65904,1418294,1418630,336
c_65906,1418630,1418969,339
c_65911,1418969,1419307,338
c_65913,1419307,1419637,330
c_65916,1419637,1419974,337
c_65921,1419974,1420313,339
c_65930,1420313,1420648,335
c_65931,1420648,1420986,338
c_65935,1420986,1421318,332
c_65936,1421318,1421657,339
c_65948,1421657,1421993,336
c_65949,1421993,1422328,335
c_65964,1422328,1422664,336
c_6597,1422664,1423002,338
c_65987,1423002,1423341,339
c_65990,1423341,1423679,338
c_65992,1423679,1424006,327
c_66006,1424006,1424344,338
c_6601,1424344,1424676,332
c_6602,1424676,1425015,339
c_66023,1425015,1425347,332
c_66037,1425347,1425684,337
c_66048,1425684,1426023,339
c_66049,1426023,1426361,338
c_66058,1426361,1426700,339
c_6607,1426700,1427039,339
c_66134,1427039,1427377,338
c_66147,1427377,1427714,337
c_66152,1427714,1428052,338
c_66166,1428052,1428391,339
c_66178,1428391,1428730,339
c_66193,1428730,1429068,338
c_662,1429068,1429406,338
c_66204,1429406,1429737,331
c_66232,1429737,1430076,339
c_6627,1430076,1430414,338
c_66274,1430414,1430751,337
c_66279,1430751,1431090,339
c_66288,1431090,1431427,337
c_66306,1431427,1431765,338
c_66328,1431765,1432103,338
c_66334,1432103,1432438,335
c_66339,1432438,1432766,328
c_66345,1432766,1433105,339
c_66366,1433105,1433440,335
c_6637,1433440,1433777,337
c_66372,1433777,1434112,335
c_66380,1434112,1434437,325
c_66391,1434437,1434774,337
c_66394,1434774,1435111,337
c_66409,1435111,1435450,339
c_66415,1435450,1435788,338
c_66416,1435788,1436127,339
c_66418,1436127,1436460,333
c_66421,1436460,1436796,336
c_66426,1436796,1437131,335
c_66476,1437131,1437469,338
c_66495,1437469,1437807,338
c_66509,1437807,1438136,329
c_66519,1438136,1438473,337
c_6652,1438473,1438812,339
c_66522,1438812,1439150,338
c_66525,1439150,1439488,338
c_6653,1439488,1439821,333
c_66534,1439821,1440155,334
c_66537,1440155,1440494,339
c_6655,1440494,1440833,339
c_66571,1440833,1441168,335
c_66585,1441168,1441507,339
c_66589,1441507,1441846,339
c_66638,1441846,1442183,337
c_66643,1442183,1442518,335
c_66646,1442518,1442854,336
c_66648,1442854,1443193,339
c_6665,1443193,1443531,338
c_6667,1443531,1443868,337
c_66690,1443868,1444207,339
c_66695,1444207,1444545,338
c_66703,1444545,1444881,336
c_66706,1444881,1445219,338
c_6673,1445219,1445553,334
c_66738,1445553,1445889,336
c_66788,1445889,1446228,339
c_66796,1446228,1446566,338
c_66807,1446566,1446901,335
c_66813,1446901,1447238,337
c_66826,1447238,1447575,337
c_66861,1447575,1447912,337
c_66875,1447912,1448248,336
c_66893,1448248,1448583,335
c_66910,1448583,1448920,337
c_66919,1448920,1449257,337
c_66920,1449257,1449595,338
c_66922,1449595,1449933,338
c_66931,1449933,1450269,336
c_66934,1450269,1450603,334
c_66935,1450603,1450939,336
c_66942,1450939,1451276,337
c_66944,1451276,1451614,338
c_66951,1451614,1451954,340
c_66966,1451954,1452293,339
c_6697,1452293,1452632,339
c_66976,1452632,1452969,337
c_67015,1452969,1453308,339
c_67053,1453308,1453643,335
c_67063,1453643,1453981,338
c_67082,1453981,1454320,339
c_67095,1454320,1454659,339
c_67130,1454659,1454996,337
c_67133,1454996,1455335,339
c_67139,1455335,1455672,337
c_67142,1455672,1456010,338
c_67179,1456010,1456348,338
c_67208,1456348,1456678,330
c_6721,1456678,1457015,337
c_67226,1457015,1457353,338
c_67234,1457353,1457687,334
c_67235,1457687,1458025,338
c_67238,1458025,1458365,340
c_67248,1458365,1458704,339
c_67254,1458704,1459036,332
c_67261,1459036,1459375,339
c_67262,1459375,1459712,337
c_67271,1459712,1460051,339
c_67272,1460051,1460384,333
c_67282,1460384,1460718,334
c_67284,1460718,1461053,335
c_67294,1461053,1461392,339
c_67300,1461392,1461726,334
c_6732,1461726,1462063,337
c_67346,1462063,1462402,339
c_67347,1462402,1462732,330
c_67358,1462732,1463065,333
c_67365,1463065,1463398,333
c_67372,1463398,1463718,320
c_67383,1463718,1464051,333
c_67399,1464051,1464390,339
c_67427,1464390,1464727,337
c_67449,1464727,1465066,339
c_67454,1465066,1465406,340
c_67456,1465406,1465739,333
c_67464,1465739,1466078,339
c_67470,1466078,1466417,339
c_67474,1466417,1466742,325
c_67486,1466742,1467079,337
c_67513,1467079,1467125,46
c_67515,1467125,1467464,339
c_67586,1467464,1467798,334
c_67602,1467798,1468135,337
c_67614,1468135,1468472,337
c_67632,1468472,1468810,338
c_67633,1468810,1469144,334
c_67665,1469144,1469483,339
c_67666,1469483,1469818,335
c_67670,1469818,1470158,340
c_67682,1470158,1470496,338
c_67685,1470496,1470831,335
c_67689,1470831,1471170,339
c_67697,1471170,1471504,334
c_67700,1471504,1471843,339
c_67702,1471843,1472179,336
c_67704,1472179,1472517,338
c_67716,1472517,1472851,334
c_6772,1472851,1473189,338
c_67730,1473189,1473527,338
c_67738,1473527,1473857,330
c_67743,1473857,1474192,335
c_67747,1474192,1474531,339
c_67750,1474531,1474869,338
c_67757,1474869,1475206,337
c_67766,1475206,1475540,334
c_67774,1475540,1475875,335
c_67783,1475875,1476214,339
c_67785,1476214,1476553,339
c_67810,1476553,1476891,338
c_67836,1476891,1477227,336
c_67855,1477227,1477566,339
c_67856,1477566,1477889,323
c_67862,1477889,1478227,338
c_67869,1478227,1478562,335
c_67877,1478562,1478899,337
c_67888,1478899,1479237,338
c_67890,1479237,1479568,331
c_67891,1479568,1479906,338
c_67893,1479906,1480240,334
c_67900,1480240,1480578,338
c_67907,1480578,1480906,328
c_67919,1480906,1481244,338
c_6792,1481244,1481578,334
c_67925,1481578,1481902,324
c_67956,1481902,1482234,332
c_67988,1482234,1482572,338
c_680,1482572,1482911,339
c_68004,1482911,1483250,339
c_68014,1483250,1483588,338
c_68017,1483588,1483927,339
c_68042,1483927,1484266,339
c_68052,1484266,1484606,340
c_68057,1484606,1484946,340
c_68078,1484946,1485284,338
c_68092,1485284,1485614,330
c_68104,1485614,1485946,332
c_68111,1485946,1486283,337
c_68130,1486283,1486621,338
c_68151,1486621,1486960,339
c_68161,1486960,1487297,337
c_68165,1487297,1487635,338
c_6817,1487635,1487971,336
c_68203,1487971,1488311,340
c_6821,1488311,1488650,339
c_68210,1488650,1488971,321
c_68235,1488971,1489310,339
c_68263,1489310,1489648,338
c_6828,1489648,1489982,334
c_68285,1489982,1490319,337
c_683,1490319,1490653,334
c_68364,1490653,1490992,339
c_6837,1490992,1491330,338
c_68370,1491330,1491668,338
c_68416,1491668,1492002,334
c_6842,1492002,1492338,336
c_68506,1492338,1492675,337
c_68515,1492675,1493009,334
c_68519,1493009,1493347,338
c_68534,1493347,1493681,334
c_68537,1493681,1494017,336
c_68555,1494017,1494355,338
c_68556,1494355,1494694,339
c_68576,1494694,1495032,338
c_68587,1495032,1495354,322
c_6859,1495354,1495692,338
c_68596,1495692,1496031,339
c_68606,1496031,1496369,338
c_68635,1496369,1496697,328
c_68649,1496697,1497032,335
c_68664,1497032,1497371,339
c_68669,1497371,1497708,337
c_68678,1497708,1498038,330
c_68680,1498038,1498377,339
c_68682,1498377,1498705,328
c_68685,1498705,1499042,337
c_6875,1499042,1499379,337
c_68769,1499379,1499711,332
c_68774,1499711,1500048,337
c_68778,1500048,1500385,337
c_68789,1500385,1500723,338
c_68802,1500723,1501061,338
c_68818,1501061,1501399,338
c_68840,1501399,1501734,335
c_68868,1501734,1502073,339
c_68880,1502073,1502411,338
c_68904,1502411,1502747,336
c_68911,1502747,1503085,338
c_68924,1503085,1503422,337
c_68947,1503422,1503758,336
c_68951,1503758,1504090,332
c_68953,1504090,1504421,331
c_68955,1504421,1504757,336
c_68967,1504757,1505094,337
c_68977,1505094,1505430,336
c_69,1505430,1505705,275
c_690,1505705,1506042,337
c_69035,1506042,1506380,338
c_69040,1506380,1506719,339
c_69043,1506719,1507051,332
c_69048,1507051,1507389,338
c_69074,1507389,1507729,340
c_69076,1507729,1507757,28
c_6908,1507757,1508095,338
c_69081,1508095,1508434,339
c_69103,1508434,1508769,335
c_69116,1508769,1509105,336
c_6912,1509105,1509432,327
c_69129,1509432,1509768,336
c_6915,1509768,1510108,340
c_69157,1510108,1510445,337
c_6916,1510445,1510783,338
c_69173,1510783,1511122,339
c_69184,1511122,1511459,337
c_69196,1511459,1511793,334
c_69209,1511793,1512129,336
c_69231,1512129,1512466,337
c_69236,1512466,1512805,339
c_69278,1512805,1513139,334
c_69295,1513139,1513467,328
c_69297,1513467,1513802,335
c_69311,1513802,1514139,337
c_69326,1514139,1514478,339
c_69336,1514478,1514817,339
c_69372,1514817,1515153,336
c_69373,1515153,1515488,335
c_69383,1515488,1515823,335
c_69386,1515823,1516161,338
c_69418,1516161,1516493,332
c_69425,1516493,1516832,339
c_69471,1516832,1517169,337
c_69478,1517169,1517508,339
c_69481,1517508,1517846,338
c_69497,1517846,1518182,336
c_69501,1518182,1518520,338
c_69521,1518520,1518857,337
c_69541,1518857,1519196,339
c_69548,1519196,1519534,338
c_69555,1519534,1519873,339
c_6957,1519873,1520203,330
c_69592,1520203,1520541,338
c_69596,1520541,1520876,335
c_696,1520876,1521214,338
c_69617,1521214,1521551,337
c_6963,1521551,1521888,337
c_69653,1521888,1522227,339
c_69681,1522227,1522563,336
c_69703,1522563,1522901,338
c_69704,1522901,1523228,327
c_6971,1523228,1523567,339
c_69711,1523567,1523901,334
c_69731,1523901,1524235,334
c_69738,1524235,1524572,337
c_69740,1524572,1524906,334
c_69744,1524906,1525242,336
c_69750,1525242,1525579,337
c_69758,1525579,1525915,336
c_6977,1525915,1526252,337
c_69774,1526252,1526592,340
c_69776,1526592,1526930,338
c_69778,1526930,1527257,327
c_69788,1527257,1527594,337
c_69792,1527594,1527929,335
c_69794,1527929,1528269,340
c_69815,1528269,1528608,339
c_69823,1528608,1528943,335
c_69831,1528943,1529283,340
c_6984,1529283,1529622,339
c_69850,1529622,1529961,339
c_69864,1529961,1530300,339
c_69871,1530300,1530636,336
c_69886,1530636,1530960,324
c_69919,1530960,1531298,338
c_69923,1531298,1531632,334
c_69931,1531632,1531970,338
c_69981,1531970,1532309,339
c_69992,1532309,1532643,334
c_70006,1532643,1532978,335
c_70011,1532978,1533314,336
c_70021,1533314,1533652,338
c_7008,1533652,1533988,336
c_70095,1533988,1534323,335
c_70106,1534323,1534659,336
c_70108,1534659,1534985,326
c_70116,1534985,1535325,340
c_70130,1535325,1535660,335
c_70174,1535660,1535999,339
c_70193,1535999,1536337,338
c_70203,1536337,1536670,333
c_70219,1536670,1537009,339
c_70243,1537009,1537349,340
c_7026,1537349,1537687,338
c_70267,1537687,1538026,339
c_70283,1538026,1538358,332
c_70286,1538358,1538698,340
c_70291,1538698,1539034,336
c_70310,1539034,1539367,333
c_70317,1539367,1539702,335
c_70327,1539702,1540038,336
c_70331,1540038,1540374,336
c_70337,1540374,1540712,338
c_70342,1540712,1541052,340
c_70349,1541052,1541390,338
c_70351,1541390,1541720,330
c_70352,1541720,1542057,337
c_70355,1542057,1542344,287
c_70373,1542344,1542683,339
c_70387,1542683,1543015,332
c_70393,1543015,1543352,337
c_70419,1543352,1543690,338
c_70423,1543690,1544028,338
c_70430,1544028,1544365,337
c_70432,1544365,1544702,337
c_7044,1544702,1545040,338
c_70446,1545040,1545379,339
c_70448,1545379,1545718,339
c_70455,1545718,1546045,327
c_70467,1546045,1546384,339
c_70469,1546384,1546721,337
c_70500,1546721,1547056,335
c_70508,1547056,1547392,336
c_70526,1547392,1547728,336
c_70540,1547728,1548065,337
c_70586,1548065,1548403,338
c_70600,1548403,1548736,333
c_70610,1548736,1549074,338
c_70615,1549074,1549414,340
c_70620,1549414,1549754,340
c_70640,1549754,1550091,337
c_70647,1550091,1550427,336
c_70669,1550427,1550764,337
c_70686,1550764,1551100,336
c_70690,1551100,1551438,338
c_70693,1551438,1551775,337
c_70694,1551775,1552112,337
c_70697,1552112,1552444,332
c_70711,1552444,1552781,337
c_70734,1552781,1553119,338
c_70737,1553119,1553457,338
c_70741,1553457,1553787,330
c_70747,1553787,1554123,336
c_70756,1554123,1554461,338
c_70765,1554461,1554794,333
c_70766,1554794,1555124,330
c_70769,1555124,1555455,331
c_7077,1555455,1555793,338
c_70848,1555793,1556127,334
c_7087,1556127,1556466,339
c_70882,1556466,1556802,336
c_70897,1556802,1557140,338
c_70903,1557140,1557478,338
c_70913,1557478,1557812,334
c_70953,1557812,1558150,338
c_70957,1558150,1558487,337
c_70963,1558487,1558823,336
c_70968,1558823,1559159,336
c_70979,1559159,1559498,339
c_70993,1559498,1559835,337
c_71000,1559835,1560172,337
c_71012,1560172,1560507,335
c_71013,1560507,1560846,339
c_71030,1560846,1561183,337
c_71043,1561183,1561521,338
c_7105,1561521,1561860,339
c_71055,1561860,1562196,336
c_71058,1562196,1562525,329
c_7106,1562525,1562862,337
c_71077,1562862,1563196,334
c_71085,1563196,1563530,334
c_71097,1563530,1563869,339
c_71099,1563869,1564205,336
c_71141,1564205,1564542,337
c_71152,1564542,1564877,335
c_71153,1564877,1565217,340
c_7117,1565217,1565557,340
c_71178,1565557,1565895,338
c_71180,1565895,1566233,338
c_71186,1566233,1566571,338
c_71212,1566571,1566908,337
c_71224,1566908,1567239,331
c_71239,1567239,1567578,339
c_71253,1567578,1567917,339
c_71271,1567917,1568257,340
c_71278,1568257,1568593,336
c_71284,1568593,1568930,337
c_7129,1568930,1569268,338
c_71312,1569268,1569595,327
c_71318,1569595,1569927,332
c_71321,1569927,1570265,338
c_71331,1570265,1570602,337
c_71368,1570602,1570941,339
c_7139,1570941,1571261,320
c_71398,1571261,1571592,331
c_71417,1571592,1571932,340
c_71447,1571932,1572271,339
c_71475,1572271,1572600,329
c_7150,1572600,1572939,339
c_7166,1572939,1573274,335
c_7171,1573274,1573613,339
c_7173,1573613,1573953,340
c_718,1573953,1574287,334
c_7190,1574287,1574626,339
c_7191,1574626,1574964,338
c_7240,1574964,1575303,339
c_7241,1575303,1575640,337
c_7257,1575640,1575978,338
c_7278,1575978,1576316,338
c_7283,1576316,1576651,335
c_7301,1576651,1576989,338
c_732,1576989,1577324,335
c_7354,1577324,1577663,339
c_7374,1577663,1578002,339
c_7391,1578002,1578342,340
c_7400,1578342,1578681,339
c_7428,1578681,1579005,324
c_7454,1579005,1579342,337
c_7470,1579342,1579679,337
c_7483,1579679,1580017,338
c_7485,1580017,1580354,337
c_7490,1580354,1580684,330
c_7503,1580684,1581021,337
c_751,1581021,1581360,339
c_7527,1581360,1581698,338
c_7529,1581698,1582035,337
c_7531,1582035,1582363,328
c_754,1582363,1582699,336
c_7549,1582699,1583033,334
c_7553,1583033,1583366,333
c_7561,1583366,1583705,339
c_7582,1583705,1584042,337
c_7583,1584042,1584378,336
c_7601,1584378,1584712,334
c_7602,1584712,1585038,326
c_7616,1585038,1585368,330
c_7640,1585368,1585707,339
c_7641,1585707,1586042,335
c_7658,1586042,1586377,335
c_7673,1586377,1586714,337
c_7686,1586714,1587053,339
c_7688,1587053,1587391,338
c_7692,1587391,1587730,339
c_7706,1587730,1588062,332
c_772,1588062,1588399,337
c_7736,1588399,1588732,333
c_7738,1588732,1589063,331
c_7740,1589063,1589402,339
c_7749,1589402,1589734,332
c_7779,1589734,1590073,339
c_7794,1590073,1590412,339
c_7840,1590412,1590751,339
c_7887,1590751,1591087,336
c_7892,1591087,1591426,339
c_791,1591426,1591756,330
c_7914,1591756,1592094,338
c_7930,1592094,1592429,335
c_7972,1592429,1592763,334
c_7974,1592763,1593101,338
c_7985,1593101,1593438,337
c_7998,1593438,1593775,337
c_8001,1593775,1594111,336
c_8045,1594111,1594449,338
c_8054,1594449,1594786,337
c_8066,1594786,1595125,339
c_8068,1595125,1595463,338
c_8077,1595463,1595797,334
c_8081,1595797,1596133,336
c_8117,1596133,1596466,333
c_8119,1596466,1596803,337
c_8135,1596803,1597142,339
c_8137,1597142,1597481,339
c_8139,1597481,1597807,326
c_8146,1597807,1598146,339
c_8183,1598146,1598486,340
c_8186,1598486,1598825,339
c_8194,1598825,1599162,337
c_8226,1599162,1599501,339
c_8232,1599501,1599840,339
c_8234,1599840,1600177,337
c_8240,1600177,1600511,334
c_8244,1600511,1600847,336
c_8253,1600847,1601181,334
c_8266,1601181,1601518,337
c_8267,1601518,1601855,337
c_8280,1601855,1602192,337
c_8294,1602192,1602528,336
c_8316,1602528,1602866,338
c_8334,1602866,1603203,337
c_8337,1603203,1603540,337
c_8357,1603540,1603875,335
c_8364,1603875,1604213,338
c_8367,1604213,1604552,339
c_8374,1604552,1604891,339
c_8390,1604891,1605227,336
c_8414,1605227,1605565,338
c_8428,1605565,1605903,338
c_8438,1605903,1606235,332
c_8481,1606235,1606571,336
c_8484,1606571,1606910,339
c_8485,1606910,1607248,338
c_8490,1607248,1607586,338
c_8496,1607586,1607922,336
c_850,1607922,1608256,334
c_8509,1608256,1608591,335
c_8511,1608591,1608917,326
c_8514,1608917,1609256,339
c_8518,1609256,1609596,340
c_8534,1609596,1609935,339
c_8543,1609935,1610269,334
c_8571,1610269,1610604,335
c_8576,1610604,1610932,328
c_8580,1610932,1611271,339
c_8582,1611271,1611610,339
c_8608,1611610,1611941,331
c_8610,1611941,1612276,335
c_8617,1612276,1612616,340
c_862,1612616,1612923,307
c_8629,1612923,1613255,332
c_8654,1613255,1613593,338
c_8669,1613593,1613931,338
c_8671,1613931,1614267,336
c_8707,1614267,1614606,339
c_8709,1614606,1614942,336
c_8716,1614942,1615270,328
c_8719,1615270,1615609,339
c_8720,1615609,1615943,334
c_8782,1615943,1616275,332
c_8786,1616275,1616611,336
c_8792,1616611,1616949,338
c_8817,1616949,1617287,338
c_8822,1617287,1617612,325
c_8826,1617612,1617947,335
c_8839,1617947,1618285,338
c_8848,1618285,1618621,336
c_8858,1618621,1618953,332
c_8859,1618953,1619274,321
c_8863,1619274,1619612,338
c_887,1619612,1619952,340
c_8886,1619952,1620290,338
c_890,1620290,1620624,334
c_8901,1620624,1620962,338
c_8913,1620962,1621302,340
c_893,1621302,1621640,338
c_8932,1621640,1621979,339
c_8938,1621979,1622313,334
c_8939,1622313,1622643,330
c_8954,1622643,1622981,338
c_8955,1622981,1623314,333
c_896,1623314,1623653,339
c_8961,1623653,1623991,338
c_8966,1623991,1624326,335
c_8995,1624326,1624664,338
c_9006,1624664,1625000,336
c_9012,1625000,1625335,335
c_9040,1625335,1625673,338
c_9047,1625673,1626011,338
c_9051,1626011,1626350,339
c_9054,1626350,1626689,339
c_9059,1626689,1627027,338
c_9092,1627027,1627362,335
c_91,1627362,1627698,336
c_9107,1627698,1628031,333
c_9118,1628031,1628369,338
c_9130,1628369,1628706,337
c_9142,1628706,1629037,331
c_9144,1629037,1629355,318
c_9145,1629355,1629691,336
c_9148,1629691,1629944,253
c_9149,1629944,1630277,333
c_9155,1630277,1630614,337
c_9168,1630614,1630951,337
c_9186,1630951,1631290,339
c_9187,1631290,1631626,336
c_9189,1631626,1631963,337
c_9193,1631963,1632299,336
c_9197,1632299,1632633,334
c_9202,1632633,1632972,339
c_9203,1632972,1633311,339
c_9241,1633311,1633641,330
c_9263,1633641,1633979,338
c_9271,1633979,1634319,340
c_9285,1634319,1634657,338
c_9295,1634657,1634995,338
c_9302,1634995,1635333,338
c_9304,1635333,1635669,336
c_9314,1635669,1636007,338
c_9330,1636007,1636335,328
c_936,1636335,1636671,336
c_9365,1636671,1637010,339
c_9376,1637010,1637349,339
c_9378,1637349,1637684,335
c_9392,1637684,1638018,334
c_9402,1638018,1638356,338
c_9404,1638356,1638690,334
c_9428,1638690,1639029,339
c_943,1639029,1639367,338
c_9443,1639367,1639705,338
c_9445,1639705,1640030,325
c_9452,1640030,1640365,335
c_9470,1640365,1640703,338
c_9473,1640703,1641029,326
c_9478,1641029,1641366,337
c_9501,1641366,1641704,338
c_9510,1641704,1642043,339
c_953,1642043,1642382,339
c_9553,1642382,1642718,336
c_9555,1642718,1643055,337
c_9565,1643055,1643394,339
c_9598,1643394,1643731,337
c_9600,1643731,1644063,332
c_9633,1644063,1644400,337
c_9665,1644400,1644731,331
c_9666,1644731,1645056,325
c_9687,1645056,1645389,333
c_9706,1645389,1645728,339
c_9757,1645728,1646067,339
c_9768,1646067,1646405,338
c_9773,1646405,1646739,334
c_9779,1646739,1647075,336
c_9782,1647075,1647414,339
c_9792,1647414,1647751,337
c_9805,1647751,1648081,330
c_9857,1648081,1648418,337
c_9868,1648418,1648749,331
c_9899,1648749,1649081,332
c_9914,1649081,1649419,338
c_992,1649419,1649748,329
c_9941,1649748,1650086,338
c_9956,1650086,1650420,334
c_9961,1650420,1650759,339
