container_id,start_idx,end_idx,n_points
c_10032,0,321,321
c_10036,321,641,320
c_1005,641,962,321
c_10065,962,1283,321
c_10076,1283,1599,316
c_10082,1599,1920,321
c_10104,1920,2235,315
c_10105,2235,2554,319
c_10109,2554,2874,320
c_10137,2874,3195,321
c_1017,3195,3508,313
c_10175,3508,3825,317
c_10188,3825,4145,320
c_10203,4145,4460,315
c_10214,4460,4747,287
c_10215,4747,5069,322
c_1024,5069,5375,306
c_10241,5375,5695,320
c_10249,5695,6010,315
c_10256,6010,6328,318
c_10260,6328,6649,321
c_10261,6649,6969,320
c_10264,6969,7286,317
c_10267,7286,7606,320
c_10318,7606,7927,321
c_10326,7927,8246,319
c_10335,8246,8567,321
c_10351,8567,8887,320
c_10355,8887,9202,315
c_10412,9202,9524,322
c_10415,9524,9845,321
c_10417,9845,10166,321
c_10429,10166,10486,320
c_10435,10486,10802,316
c_10439,10802,11121,319
c_10441,11121,11438,317
c_10452,11438,11758,320
c_10457,11758,12072,314
c_10459,12072,12394,322
c_10467,12394,12715,321
c_10483,12715,13035,320
c_10518,13035,13355,320
c_10527,13355,13676,321
c_10587,13676,13994,318
c_10588,13994,14313,319
c_1060,14313,14634,321
c_10603,14634,14950,316
c_10605,14950,15270,320
c_10619,15270,15586,316
c_10620,15586,15907,321
c_10632,15907,16220,313
c_10654,16220,16539,319
c_10663,16539,16858,319
c_10672,16858,17170,312
c_10677,17170,17490,320
c_10684,17490,17811,321
c_10704,17811,18132,321
c_10728,18132,18444,312
c_10749,18444,18764,320
c_10775,18764,19078,314
c_10810,19078,19399,321
c_10813,19399,19716,317
c_10816,19716,20036,320
c_10821,20036,20352,316
c_10822,20352,20673,321
c_10824,20673,20995,322
c_10838,20995,21301,306
c_10844,21301,21612,311
c_10854,21612,21932,320
c_10870,21932,22252,320
c_10875,22252,22574,322
c_10903,22574,22892,318
c_1091,22892,23209,317
c_10910,23209,23530,321
c_10929,23530,23851,321
c_10950,23851,24171,320
c_10965,24171,24490,319
c_10968,24490,24810,320
c_10987,24810,25126,316
c_10995,25126,25446,320
c_10999,25446,25764,318
c_11007,25764,26085,321
c_11015,26085,26403,318
c_11019,26403,26725,322
c_11059,26725,27047,322
c_1108,27047,27365,318
c_11113,27365,27686,321
c_11124,27686,28008,322
c_11125,28008,28325,317
c_11133,28325,28645,320
c_11138,28645,28958,313
c_1114,28958,29275,317
c_11178,29275,29593,318
c_11179,29593,29906,313
c_11203,29906,30226,320
c_11210,30226,30546,320
c_11227,30546,30865,319
c_11240,30865,31183,318
c_11243,31183,31503,320
c_11245,31503,31820,317
c_11250,31820,32141,321
c_11264,32141,32458,317
c_11271,32458,32778,320
c_11277,32778,33099,321
c_11286,33099,33420,321
c_11337,33420,33739,319
c_11349,33739,34040,301
c_11359,34040,34358,318
c_1137,34358,34679,321
c_11380,34679,35000,321
c_11418,35000,35319,319
c_11430,35319,35640,321
c_11433,35640,35953,313
c_1144,35953,36274,321
c_11450,36274,36594,320
c_11455,36594,36915,321
c_11459,36915,37235,320
c_11473,37235,37554,319
c_11502,37554,37876,322
c_11505,37876,38194,318
c_11517,38194,38514,320
c_11523,38514,38826,312
c_11532,38826,39145,319
c_11533,39145,39465,320
c_11539,39465,39783,318
c_11540,39783,40104,321
c_11550,40104,40417,313
c_11555,40417,40737,320
c_11564,40737,41056,319
c_11567,41056,41377,321
c_11585,41377,41696,319
c_11589,41696,42017,321
c_11591,42017,42338,321
c_11601,42338,42658,320
c_11624,42658,42976,318
c_1163,42976,43289,313
c_11634,43289,43608,319
c_11642,43608,43919,311
c_11655,43919,44238,319
c_1166,44238,44559,321
c_11680,44559,44877,318
c_11687,44877,45192,315
c_11730,45192,45512,320
c_11732,45512,45833,321
c_11737,45833,46148,315
c_11739,46148,46463,315
c_11751,46463,46780,317
c_11759,46780,47099,319
c_1177,47099,47418,319
c_11781,47418,47739,321
c_11787,47739,48054,315
c_11802,48054,48372,318
c_11809,48372,48693,321
c_11812,48693,49014,321
c_11820,49014,49332,318
c_11821,49332,49653,321
c_11843,49653,49974,321
c_11857,49974,50291,317
c_11864,50291,50606,315
c_11889,50606,50926,320
c_11917,50926,51245,319
c_1194,51245,51565,320
c_1195,51565,51879,314
c_11985,51879,52188,309
c_11999,52188,52509,321
c_12,52509,52830,321
c_12008,52830,53151,321
c_1203,53151,53471,320
c_12035,53471,53792,321
c_12074,53792,54108,316
c_12078,54108,54429,321
c_12084,54429,54749,320
c_12111,54749,55056,307
c_1214,55056,55376,320
c_12141,55376,55694,318
c_12176,55694,56010,316
c_12183,56010,56330,320
c_12209,56330,56651,321
c_12212,56651,56970,319
c_12223,56970,57290,320
c_12238,57290,57611,321
c_12251,57611,57923,312
c_12254,57923,58242,319
c_12260,58242,58563,321
c_12264,58563,58874,311
c_12272,58874,59193,319
c_12281,59193,59513,320
c_12282,59513,59834,321
c_12293,59834,60154,320
c_12362,60154,60475,321
c_12375,60475,60793,318
c_12425,60793,61114,321
c_12436,61114,61427,313
c_12448,61427,61748,321
c_1245,61748,62068,320
c_12451,62068,62373,305
c_12462,62373,62687,314
c_12471,62687,63006,319
c_12481,63006,63317,311
c_12499,63317,63633,316
c_12514,63633,63952,319
c_12526,63952,64272,320
c_12536,64272,64594,322
c_12545,64594,64914,320
c_1255,64914,65230,316
c_1256,65230,65548,318
c_12562,65548,65869,321
c_12596,65869,66189,320
c_12604,66189,66509,320
c_12607,66509,66830,321
c_12645,66830,67148,318
c_12670,67148,67468,320
c_12674,67468,67785,317
c_12689,67785,68100,315
c_12691,68100,68417,317
c_12695,68417,68738,321
c_12701,68738,69055,317
c_12715,69055,69375,320
c_12722,69375,69689,314
c_1277,69689,70009,320
c_12774,70009,70330,321
c_12775,70330,70645,315
c_12782,70645,70964,319
c_12792,70964,71282,318
c_12798,71282,71598,316
c_12814,71598,71918,320
c_12819,71918,72236,318
c_12831,72236,72552,316
c_12839,72552,72874,322
c_12840,72874,73193,319
c_12859,73193,73514,321
c_12879,73514,73835,321
c_12894,73835,74149,314
c_12896,74149,74465,316
c_12903,74465,74785,320
c_12910,74785,75105,320
c_12931,75105,75423,318
c_12935,75423,75739,316
c_12954,75739,76058,319
c_12959,76058,76379,321
c_12962,76379,76700,321
c_12981,76700,77020,320
c_12991,77020,77338,318
c_13013,77338,77652,314
c_13025,77652,77971,319
c_1304,77971,78285,314
c_13045,78285,78604,319
c_1306,78604,78925,321
c_13073,78925,79245,320
c_13083,79245,79567,322
c_13086,79567,79885,318
c_13122,79885,80199,314
c_13131,80199,80518,319
c_13141,80518,80838,320
c_13165,80838,81159,321
c_13171,81159,81473,314
c_13187,81473,81793,320
c_13200,81793,82111,318
c_13204,82111,82429,318
c_13210,82429,82749,320
c_13231,82749,83067,318
c_13290,83067,83383,316
c_13298,83383,83695,312
c_13314,83695,84016,321
c_13323,84016,84330,314
c_13326,84330,84648,318
c_13329,84648,84969,321
c_13334,84969,85275,306
c_13348,85275,85596,321
c_13357,85596,85917,321
c_1339,85917,86237,320
c_13396,86237,86558,321
c_1340,86558,86879,321
c_13416,86879,87200,321
c_13453,87200,87517,317
c_13459,87517,87837,320
c_1348,87837,88153,316
c_1349,88153,88474,321
c_13497,88474,88793,319
c_13518,88793,89094,301
c_13539,89094,89414,320
c_13541,89414,89736,322
c_13595,89736,90057,321
c_136,90057,90377,320
c_13606,90377,90692,315
c_13628,90692,91013,321
c_13665,91013,91330,317
c_13666,91330,91651,321
c_13676,91651,91972,321
c_13677,91972,92292,320
c_13678,92292,92613,321
c_13687,92613,92928,315
c_13692,92928,93249,321
c_1373,93249,93568,319
c_13749,93568,93888,320
c_13760,93888,94210,322
c_13762,94210,94523,313
c_13770,94523,94845,322
c_13773,94845,95166,321
c_13808,95166,95483,317
c_13823,95483,95790,307
c_13828,95790,96111,321
c_13832,96111,96428,317
c_13842,96428,96747,319
c_13866,96747,97069,322
c_13876,97069,97389,320
c_13880,97389,97706,317
c_13899,97706,98026,320
c_13906,98026,98342,316
c_13916,98342,98661,319
c_13919,98661,98970,309
c_13920,98970,99291,321
c_13949,99291,99609,318
c_13979,99609,99929,320
c_13980,99929,100250,321
c_1399,100250,100565,315
c_13991,100565,100886,321
c_13992,100886,101206,320
c_14009,101206,101526,320
c_1401,101526,101841,315
c_14027,101841,102161,320
c_14035,102161,102388,227
c_14045,102388,102708,320
c_14049,102708,103028,320
c_14064,103028,103339,311
c_14084,103339,103659,320
c_1409,103659,103978,319
c_14106,103978,104294,316
c_14107,104294,104614,320
c_14122,104614,104932,318
c_14125,104932,105251,319
c_14133,105251,105572,321
c_14140,105572,105885,313
c_14169,105885,106202,317
c_14185,106202,106520,318
c_14210,106520,106841,321
c_1422,106841,107162,321
c_14233,107162,107483,321
c_14236,107483,107804,321
c_14257,107804,108117,313
c_14258,108117,108439,322
c_1426,108439,108760,321
c_14275,108760,109082,322
c_14294,109082,109403,321
c_14347,109403,109719,316
c_14387,109719,110040,321
c_14391,110040,110346,306
c_14397,110346,110667,321
c_14399,110667,110986,319
c_1441,110986,111307,321
c_14429,111307,111627,320
c_14433,111627,111946,319
c_14434,111946,112260,314
c_14446,112260,112580,320
c_14469,112580,112894,314
c_14472,112894,113213,319
c_14477,113213,113532,319
c_14478,113532,113849,317
c_14485,113849,114169,320
c_145,114169,114482,313
c_14516,114482,114797,315
c_14530,114797,115115,318
c_14537,115115,115433,318
c_14538,115433,115754,321
c_14558,115754,116071,317
c_14591,116071,116372,301
c_14621,116372,116692,320
c_14643,116692,117012,320
c_14666,117012,117333,321
c_14668,117333,117654,321
c_14670,117654,117973,319
c_14712,117973,118293,320
c_14723,118293,118609,316
c_14725,118609,118928,319
c_14732,118928,119248,320
c_14733,119248,119566,318
c_14737,119566,119887,321
c_14738,119887,120206,319
c_14739,120206,120526,320
c_1483,120526,120848,322
c_14833,120848,121161,313
c_14842,121161,121480,319
c_14852,121480,121801,321
c_14864,121801,122104,303
c_14865,122104,122418,314
c_14884,122418,122738,320
c_1492,122738,123057,319
c_14921,123057,123377,320
c_14937,123377,123690,313
c_14955,123690,124011,321
c_14963,124011,124327,316
c_14964,124327,124646,319
c_14968,124646,124963,317
c_14989,124963,125276,313
c_14998,125276,125585,309
c_1502,125585,125896,311
c_15023,125896,126214,318
c_15049,126214,126535,321
c_15072,126535,126856,321
c_15077,126856,127177,321
c_15095,127177,127497,320
c_15100,127497,127819,322
c_15112,127819,128134,315
c_15163,128134,128444,310
c_1519,128444,128762,318
c_15190,128762,129081,319
c_15208,129081,129399,318
c_15209,129399,129719,320
c_15215,129719,130040,321
c_1524,130040,130358,318
c_15241,130358,130676,318
c_15271,130676,130998,322
c_15279,130998,131319,321
c_15294,131319,131641,322
c_15305,131641,131961,320
c_15316,131961,132281,320
c_15329,132281,132603,322
c_1537,132603,132924,321
c_15391,132924,133245,321
c_15405,133245,133562,317
c_15408,133562,133882,320
c_15440,133882,134203,321
c_15447,134203,134519,316
c_15452,134519,134840,321
c_15468,134840,135162,322
c_15498,135162,135481,319
c_15501,135481,135802,321
c_15510,135802,136115,313
c_1553,136115,136434,319
c_15543,136434,136755,321
c_15548,136755,137075,320
c_1557,137075,137390,315
c_15594,137390,137709,319
c_15599,137709,138030,321
c_156,138030,138344,314
c_15602,138344,138662,318
c_15606,138662,138981,319
c_15607,138981,139300,319
c_15612,139300,139618,318
c_15637,139618,139936,318
c_15651,139936,140257,321
c_15674,140257,140569,312
c_1568,140569,140889,320
c_15688,140889,141207,318
c_15736,141207,141524,317
c_15773,141524,141845,321
c_15774,141845,142156,311
c_15796,142156,142476,320
c_15803,142476,142776,300
c_15805,142776,143095,319
c_1581,143095,143408,313
c_15816,143408,143723,315
c_15821,143723,144030,307
c_1584,144030,144349,319
c_15846,144349,144664,315
c_15889,144664,144983,319
c_15893,144983,145302,319
c_15902,145302,145621,319
c_15934,145621,145940,319
c_1594,145940,146256,316
c_15971,146256,146575,319
c_16,146575,146887,312
c_16018,146887,147205,318
c_16021,147205,147524,319
c_16026,147524,147842,318
c_16027,147842,148160,318
c_16035,148160,148480,320
c_16048,148480,148798,318
c_16054,148798,149120,322
c_16056,149120,149439,319
c_16069,149439,149760,321
c_1609,149760,150080,320
c_16092,150080,150400,320
c_16109,150400,150720,320
c_16114,150720,151034,314
c_16148,151034,151346,312
c_16149,151346,151667,321
c_1615,151667,151987,320
c_1616,151987,152305,318
c_16169,152305,152374,69
c_16186,152374,152691,317
c_16201,152691,153011,320
c_16241,153011,153332,321
c_16242,153332,153650,318
c_16243,153650,153970,320
c_16247,153970,154287,317
c_16253,154287,154603,316
c_16255,154603,154921,318
c_16287,154921,155239,318
c_16289,155239,155560,321
c_16301,155560,155879,319
c_16304,155879,156200,321
c_16324,156200,156514,314
c_1635,156514,156831,317
c_16351,156831,157152,321
c_16352,157152,157471,319
c_16363,157471,157784,313
c_16384,157784,158102,318
c_16395,158102,158422,320
c_16406,158422,158739,317
c_16441,158739,159060,321
c_16467,159060,159382,322
c_16474,159382,159702,320
c_16483,159702,160024,322
c_16484,160024,160337,313
c_16492,160337,160654,317
c_16500,160654,160974,320
c_16504,160974,161287,313
c_16516,161287,161595,308
c_16538,161595,161912,317
c_1655,161912,162229,317
c_16563,162229,162550,321
c_16567,162550,162868,318
c_16570,162868,163184,316
c_16573,163184,163501,317
c_16593,163501,163823,322
c_16607,163823,164138,315
c_16651,164138,164457,319
c_16662,164457,164777,320
c_16683,164777,165096,319
c_16685,165096,165412,316
c_16710,165412,165722,310
c_16723,165722,166042,320
c_16737,166042,166363,321
c_16745,166363,166671,308
c_16750,166671,166990,319
c_16751,166990,167303,313
c_16753,167303,167623,320
c_16782,167623,167939,316
c_16783,167939,168256,317
c_16794,168256,168574,318
c_16799,168574,168896,322
c_16802,168896,169215,319
c_16803,169215,169536,321
c_16831,169536,169857,321
c_16834,169857,170177,320
c_16836,170177,170499,322
c_16862,170499,170819,320
c_16870,170819,171136,317
c_16912,171136,171455,319
c_16917,171455,171776,321
c_16925,171776,172097,321
c_16937,172097,172417,320
c_16965,172417,172739,322
c_16968,172739,173057,318
c_16974,173057,173375,318
c_1698,173375,173693,318
c_16984,173693,174009,316
c_16988,174009,174322,313
c_17011,174322,174641,319
c_1702,174641,174957,316
c_17023,174957,175274,317
c_17028,175274,175589,315
c_17058,175589,175910,321
c_17066,175910,176229,319
c_17067,176229,176545,316
c_1707,176545,176863,318
c_17077,176863,177182,319
c_17089,177182,177502,320
c_17114,177502,177824,322
c_17121,177824,178144,320
c_17124,178144,178461,317
c_17136,178461,178782,321
c_17155,178782,179103,321
c_17156,179103,179424,321
c_17188,179424,179745,321
c_17193,179745,180061,316
c_17199,180061,180382,321
c_17208,180382,180696,314
c_17213,180696,181017,321
c_17248,181017,181339,322
c_17250,181339,181659,320
c_17272,181659,181980,321
c_17273,181980,182301,321
c_17295,182301,182622,321
c_17297,182622,182943,321
c_17311,182943,183265,322
c_17312,183265,183585,320
c_17316,183585,183903,318
c_17363,183903,184224,321
c_17365,184224,184544,320
c_17387,184544,184866,322
c_17397,184866,185187,321
c_1741,185187,185509,322
c_1742,185509,185825,316
c_17430,185825,186146,321
c_17432,186146,186462,316
c_17439,186462,186767,305
c_17444,186767,187086,319
c_17465,187086,187392,306
c_1747,187392,187712,320
c_17471,187712,188030,318
c_17474,188030,188347,317
c_17475,188347,188667,320
c_17511,188667,188982,315
c_17518,188982,189300,318
c_17520,189300,189610,310
c_17530,189610,189924,314
c_17531,189924,190241,317
c_17558,190241,190561,320
c_1757,190561,190878,317
c_17570,190878,191197,319
c_17591,191197,191517,320
c_17610,191517,191835,318
c_17625,191835,192155,320
c_17632,192155,192476,321
c_17633,192476,192793,317
c_17664,192793,193112,319
c_1767,193112,193430,318
c_17679,193430,193752,322
c_1768,193752,194068,316
c_17736,194068,194383,315
c_17752,194383,194700,317
c_1777,194700,195018,318
c_17771,195018,195332,314
c_17776,195332,195652,320
c_17791,195652,195973,321
c_17804,195973,196292,319
c_17812,196292,196613,321
c_17818,196613,196934,321
c_17826,196934,197254,320
c_17837,197254,197556,302
c_17847,197556,197876,320
c_17858,197876,198198,322
c_17899,198198,198519,321
c_17904,198519,198836,317
c_17929,198836,199156,320
c_17942,199156,199474,318
c_17970,199474,199781,307
c_17979,199781,200102,321
c_1798,200102,200421,319
c_18004,200421,200741,320
c_1801,200741,201062,321
c_18014,201062,201382,320
c_18021,201382,201699,317
c_18027,201699,202019,320
c_18030,202019,202336,317
c_18057,202336,202651,315
c_18086,202651,202970,319
c_18091,202970,203290,320
c_18104,203290,203610,320
c_18123,203610,203931,321
c_18137,203931,204252,321
c_18138,204252,204567,315
c_18147,204567,204887,320
c_18158,204887,205208,321
c_18169,205208,205525,317
c_18194,205525,205845,320
c_18212,205845,206165,320
c_18217,206165,206479,314
c_18239,206479,206801,322
c_18244,206801,207122,321
c_18250,207122,207441,319
c_1827,207441,207763,322
c_18286,207763,208084,321
c_18294,208084,208405,321
c_18299,208405,208722,317
c_1835,208722,209043,321
c_18352,209043,209360,317
c_1836,209360,209682,322
c_18362,209682,210003,321
c_18383,210003,210324,321
c_1839,210324,210646,322
c_18406,210646,210955,309
c_18422,210955,211275,320
c_18426,211275,211595,320
c_1849,211595,211914,319
c_18503,211914,212234,320
c_18509,212234,212553,319
c_18522,212553,212873,320
c_18544,212873,213194,321
c_18548,213194,213514,320
c_18549,213514,213834,320
c_18555,213834,214155,321
c_18558,214155,214477,322
c_18581,214477,214794,317
c_18600,214794,215115,321
c_18638,215115,215434,319
c_18645,215434,215755,321
c_18677,215755,216073,318
c_18678,216073,216394,321
c_18705,216394,216711,317
c_18728,216711,217030,319
c_18733,217030,217347,317
c_18752,217347,217667,320
c_18753,217667,217977,310
c_18771,217977,218298,321
c_18779,218298,218616,318
c_18781,218616,218936,320
c_18783,218936,219248,312
c_18798,219248,219568,320
c_18808,219568,219886,318
c_18815,219886,220207,321
c_18821,220207,220525,318
c_18830,220525,220840,315
c_18844,220840,221161,321
c_18852,221161,221481,320
c_1886,221481,221797,316
c_18864,221797,222115,318
c_18876,222115,222436,321
c_18883,222436,222757,321
c_18885,222757,223074,317
c_18901,223074,223395,321
c_18904,223395,223716,321
c_18918,223716,224037,321
c_18943,224037,224352,315
c_18948,224352,224672,320
c_18950,224672,224992,320
c_18960,224992,225272,280
c_19017,225272,225592,320
c_1902,225592,225912,320
c_19032,225912,226232,320
c_19035,226232,226551,319
c_19117,226551,226868,317
c_19138,226868,227188,320
c_1914,227188,227506,318
c_19141,227506,227825,319
c_19153,227825,228144,319
c_19169,228144,228462,318
c_1917,228462,228781,319
c_19207,228781,229097,316
c_19208,229097,229403,306
c_19212,229403,229719,316
c_19292,229719,230040,321
c_19297,230040,230359,319
c_19300,230359,230678,319
c_19317,230678,230995,317
c_19341,230995,231315,320
c_1935,231315,231636,321
c_19356,231636,231955,319
c_19369,231955,232270,315
c_19374,232270,232588,318
c_19375,232588,232904,316
c_19377,232904,233220,316
c_19388,233220,233540,320
c_19396,233540,233859,319
c_19400,233859,234180,321
c_1941,234180,234500,320
c_19421,234500,234814,314
c_19433,234814,235129,315
c_19449,235129,235451,322
c_19457,235451,235744,293
c_19459,235744,236066,322
c_19464,236066,236381,315
c_19492,236381,236694,313
c_19497,236694,237011,317
c_19525,237011,237332,321
c_1953,237332,237653,321
c_19540,237653,237972,319
c_19552,237972,238293,321
c_19572,238293,238610,317
c_19573,238610,238922,312
c_19588,238922,239243,321
c_1960,239243,239560,317
c_19620,239560,239880,320
c_19628,239880,240201,321
c_19640,240201,240522,321
c_19646,240522,240842,320
c_19656,240842,241158,316
c_19664,241158,241477,319
c_19666,241477,241799,322
c_1968,241799,242120,321
c_19685,242120,242439,319
c_19689,242439,242759,320
c_19713,242759,243080,321
c_19714,243080,243400,320
c_19715,243400,243720,320
c_19736,243720,244042,322
c_19737,244042,244363,321
c_19747,244363,244684,321
c_19748,244684,245005,321
c_19756,245005,245325,320
c_19760,245325,245646,321
c_19769,245646,245963,317
c_19770,245963,246280,317
c_19774,246280,246600,320
c_19786,246600,246920,320
c_19811,246920,247231,311
c_19829,247231,247544,313
c_19836,247544,247861,317
c_19853,247861,248175,314
c_19855,248175,248495,320
c_19900,248495,248811,316
c_19912,248811,249132,321
c_19924,249132,249453,321
c_19937,249453,249773,320
c_19957,249773,250094,321
c_19958,250094,250412,318
c_20001,250412,250724,312
c_20002,250724,251043,319
c_20018,251043,251357,314
c_20020,251357,251678,321
c_20031,251678,251994,316
c_20038,251994,252313,319
c_20044,252313,252633,320
c_2007,252633,252953,320
c_20079,252953,253274,321
c_20117,253274,253594,320
c_20118,253594,253915,321
c_20145,253915,254234,319
c_2015,254234,254549,315
c_20151,254549,254868,319
c_20164,254868,255188,320
c_20249,255188,255507,319
c_20260,255507,255818,311
c_2027,255818,256136,318
c_20280,256136,256455,319
c_20301,256455,256775,320
c_20315,256775,257095,320
c_20317,257095,257416,321
c_20335,257416,257730,314
c_20348,257730,258047,317
c_20350,258047,258365,318
c_2037,258365,258687,322
c_20427,258687,259006,319
c_20435,259006,259316,310
c_20444,259316,259635,319
c_20488,259635,259953,318
c_20491,259953,260269,316
c_20494,260269,260589,320
c_20503,260589,260909,320
c_20505,260909,261223,314
c_20539,261223,261534,311
c_20547,261534,261854,320
c_2055,261854,262175,321
c_2057,262175,262492,317
c_20582,262492,262810,318
c_20592,262810,263119,309
c_2060,263119,263440,321
c_20602,263440,263761,321
c_20625,263761,264080,319
c_20626,264080,264400,320
c_20629,264400,264715,315
c_20645,264715,265034,319
c_20647,265034,265351,317
c_20648,265351,265672,321
c_20656,265672,265988,316
c_20682,265988,266306,318
c_20693,266306,266627,321
c_20696,266627,266949,322
c_20699,266949,267269,320
c_20702,267269,267590,321
c_20713,267590,267906,316
c_20728,267906,268226,320
c_20731,268226,268547,321
c_2074,268547,268858,311
c_20740,268858,269178,320
c_20759,269178,269499,321
c_20765,269499,269814,315
c_20774,269814,270132,318
c_2078,270132,270454,322
c_20793,270454,270772,318
c_20846,270772,271093,321
c_20895,271093,271407,314
c_20906,271407,271728,321
c_20948,271728,272046,318
c_20951,272046,272366,320
c_20954,272366,272686,320
c_20966,272686,273007,321
c_21,273007,273328,321
c_210,273328,273648,320
c_21051,273648,273966,318
c_21093,273966,274285,319
c_21095,274285,274607,322
c_21150,274607,274923,316
c_21159,274923,275242,319
c_21173,275242,275559,317
c_21175,275559,275877,318
c_21183,275877,276198,321
c_21193,276198,276516,318
c_21205,276516,276837,321
c_21214,276837,277155,318
c_21225,277155,277469,314
c_21232,277469,277791,322
c_21233,277791,278112,321
c_21252,278112,278432,320
c_21268,278432,278752,320
c_21283,278752,279073,321
c_21290,279073,279391,318
c_21292,279391,279709,318
c_21301,279709,280030,321
c_2132,280030,280347,317
c_21330,280347,280668,321
c_21345,280668,280986,318
c_21353,280986,281304,318
c_21356,281304,281624,320
c_21393,281624,281945,321
c_21396,281945,282264,319
c_2140,282264,282586,322
c_21427,282586,282908,322
c_2144,282908,283218,310
c_21444,283218,283525,307
c_2146,283525,283846,321
c_21460,283846,284167,321
c_21473,284167,284486,319
c_21490,284486,284806,320
c_21491,284806,285127,321
c_21493,285127,285448,321
c_21494,285448,285769,321
c_21498,285769,286089,320
c_21543,286089,286410,321
c_21560,286410,286721,311
c_21563,286721,287037,316
c_21567,287037,287355,318
c_21577,287355,287675,320
c_21621,287675,287994,319
c_21655,287994,288315,321
c_21658,288315,288635,320
c_21675,288635,288949,314
c_21679,288949,289270,321
c_21724,289270,289591,321
c_21749,289591,289906,315
c_21775,289906,290226,320
c_21783,290226,290541,315
c_21817,290541,290859,318
c_21820,290859,291177,318
c_21835,291177,291497,320
c_21850,291497,291815,318
c_2186,291815,292134,319
c_21872,292134,292451,317
c_21884,292451,292772,321
c_21900,292772,293089,317
c_21902,293089,293411,322
c_21927,293411,293728,317
c_21933,293728,294048,320
c_2194,294048,294366,318
c_2195,294366,294680,314
c_21950,294680,294993,313
c_21979,294993,295308,315
c_22016,295308,295626,318
c_22017,295626,295946,320
c_22020,295946,296266,320
c_22021,296266,296551,285
c_22025,296551,296868,317
c_22044,296868,297189,321
c_22048,297189,297509,320
c_2205,297509,297830,321
c_2209,297830,298151,321
c_22095,298151,298473,322
c_22098,298473,298794,321
c_22104,298794,299115,321
c_22119,299115,299436,321
c_2212,299436,299748,312
c_22124,299748,300069,321
c_22142,300069,300390,321
c_2215,300390,300711,321
c_22160,300711,301032,321
c_22181,301032,301350,318
c_2219,301350,301671,321
c_22204,301671,301990,319
c_22213,301990,302311,321
c_22226,302311,302629,318
c_2223,302629,302948,319
c_22244,302948,303267,319
c_22253,303267,303588,321
c_22256,303588,303907,319
c_22262,303907,304223,316
c_22266,304223,304539,316
c_22276,304539,304857,318
c_22279,304857,305174,317
c_22280,305174,305495,321
c_22291,305495,305816,321
c_22313,305816,306137,321
c_22324,306137,306454,317
c_22336,306454,306773,319
c_22342,306773,307086,313
c_22345,307086,307404,318
c_22347,307404,307725,321
c_22359,307725,308044,319
c_22385,308044,308357,313
c_22414,308357,308676,319
c_22438,308676,308996,320
c_22442,308996,309316,320
c_22450,309316,309637,321
c_22452,309637,309955,318
c_22468,309955,310276,321
c_22477,310276,310593,317
c_22478,310593,310912,319
c_22479,310912,311229,317
c_22483,311229,311551,322
c_2249,311551,311872,321
c_22493,311872,312192,320
c_22500,312192,312506,314
c_22514,312506,312827,321
c_22522,312827,313146,319
c_22543,313146,313462,316
c_22547,313462,313781,319
c_22581,313781,314100,319
c_22583,314100,314419,319
c_22593,314419,314735,316
c_22629,314735,315048,313
c_22640,315048,315369,321
c_22641,315369,315690,321
c_22667,315690,316006,316
c_22721,316006,316326,320
c_22754,316326,316643,317
c_22758,316643,316961,318
c_22765,316961,317282,321
c_22768,317282,317602,320
c_22776,317602,317923,321
c_22793,317923,318242,319
c_22801,318242,318555,313
c_22842,318555,318876,321
c_22899,318876,319196,320
c_22901,319196,319513,317
c_22912,319513,319833,320
c_22917,319833,320154,321
c_22931,320154,320475,321
c_22933,320475,320795,320
c_2295,320795,321111,316
c_22951,321111,321428,317
c_2298,321428,321745,317
c_23023,321745,322061,316
c_23028,322061,322381,320
c_23033,322381,322702,321
c_23037,322702,323021,319
c_23051,323021,323342,321
c_23062,323342,323663,321
c_23080,323663,323984,321
c_23085,323984,324304,320
c_23100,324304,324622,318
c_23122,324622,324943,321
c_23130,324943,325262,319
c_23147,325262,325578,316
c_23151,325578,325898,320
c_23152,325898,326212,314
c_23157,326212,326529,317
c_23162,326529,326845,316
c_23180,326845,327160,315
c_23181,327160,327476,316
c_23185,327476,327795,319
c_23206,327795,328040,245
c_23212,328040,328354,314
c_2322,328354,328675,321
c_23237,328675,328995,320
c_23244,328995,329316,321
c_23249,329316,329635,319
c_23257,329635,329953,318
c_23258,329953,330259,306
c_23271,330259,330580,321
c_23275,330580,330898,318
c_23278,330898,331217,319
c_23291,331217,331538,321
c_23299,331538,331853,315
c_2332,331853,332174,321
c_23320,332174,332493,319
c_23328,332493,332815,322
c_23343,332815,333126,311
c_23347,333126,333442,316
c_23367,333442,333761,319
c_23368,333761,334080,319
c_23392,334080,334397,317
c_23416,334397,334717,320
c_23430,334717,335037,320
c_23437,335037,335353,316
c_23439,335353,335672,319
c_23452,335672,335993,321
c_23464,335993,336312,319
c_23493,336312,336629,317
c_23518,336629,336948,319
c_2352,336948,337268,320
c_23520,337268,337588,320
c_23524,337588,337909,321
c_23526,337909,338229,320
c_23530,338229,338551,322
c_23547,338551,338871,320
c_23549,338871,339191,320
c_23556,339191,339507,316
c_23561,339507,339821,314
c_23576,339821,340142,321
c_23593,340142,340459,317
c_2362,340459,340763,304
c_23626,340763,341080,317
c_23639,341080,341400,320
c_23655,341400,341720,320
c_2366,341720,342035,315
c_23666,342035,342352,317
c_23673,342352,342669,317
c_23679,342669,342989,320
c_23687,342989,343308,319
c_2370,343308,343627,319
c_23701,343627,343942,315
c_23723,343942,344262,320
c_23746,344262,344580,318
c_23748,344580,344894,314
c_23751,344894,345216,322
c_23771,345216,345535,319
c_23783,345535,345854,319
c_23787,345854,346175,321
c_23790,346175,346496,321
c_23791,346496,346805,309
c_23838,346805,347126,321
c_23881,347126,347446,320
c_23889,347446,347767,321
c_239,347767,348077,310
c_23915,348077,348389,312
c_2394,348389,348707,318
c_23955,348707,349028,321
c_23957,349028,349341,313
c_23971,349341,349663,322
c_23992,349663,349981,318
c_24000,349981,350300,319
c_24003,350300,350612,312
c_24022,350612,350928,316
c_24038,350928,351249,321
c_24049,351249,351568,319
c_24053,351568,351884,316
c_24062,351884,352200,316
c_24064,352200,352516,316
c_24078,352516,352837,321
c_24079,352837,353157,320
c_24081,353157,353478,321
c_24085,353478,353795,317
c_24091,353795,354116,321
c_24100,354116,354437,321
c_24102,354437,354756,319
c_24130,354756,355077,321
c_2414,355077,355392,315
c_24150,355392,355713,321
c_24190,355713,356032,319
c_24193,356032,356351,319
c_2420,356351,356670,319
c_2422,356670,356989,319
c_24222,356989,357310,321
c_24269,357310,357632,322
c_2429,357632,357948,316
c_24300,357948,358268,320
c_24323,358268,358588,320
c_2434,358588,358712,124
c_24345,358712,359033,321
c_24391,359033,359354,321
c_24398,359354,359674,320
c_24441,359674,359994,320
c_24442,359994,360314,320
c_24453,360314,360635,321
c_24459,360635,360953,318
c_24464,360953,361268,315
c_24465,361268,361587,319
c_24547,361587,361906,319
c_24550,361906,362227,321
c_24561,362227,362540,313
c_2459,362540,362860,320
c_24593,362860,363177,317
c_24596,363177,363496,319
c_24609,363496,363813,317
c_24635,363813,364129,316
c_24648,364129,364439,310
c_24661,364439,364760,321
c_24701,364760,365077,317
c_24716,365077,365395,318
c_24723,365395,365716,321
c_24745,365716,366036,320
c_24770,366036,366357,321
c_24812,366357,366677,320
c_24819,366677,366994,317
c_24834,366994,367308,314
c_24842,367308,367630,322
c_24849,367630,367945,315
c_24853,367945,368263,318
c_24855,368263,368582,319
c_24856,368582,368894,312
c_24858,368894,369210,316
c_2486,369210,369530,320
c_24864,369530,369851,321
c_24871,369851,370172,321
c_24887,370172,370493,321
c_24897,370493,370813,320
c_24931,370813,371134,321
c_24943,371134,371455,321
c_24958,371455,371775,320
c_24964,371775,372096,321
c_2497,372096,372416,320
c_24987,372416,372737,321
c_25003,372737,373056,319
c_25030,373056,373378,322
c_25033,373378,373697,319
c_25039,373697,374014,317
c_25052,374014,374335,321
c_25053,374335,374651,316
c_25068,374651,374968,317
c_25075,374968,375287,319
c_25099,375287,375608,321
c_25106,375608,375928,320
c_25111,375928,376238,310
c_25125,376238,376555,317
c_25140,376555,376737,182
c_25144,376737,377056,319
c_25146,377056,377369,313
c_25148,377369,377689,320
c_25161,377689,378008,319
c_25172,378008,378330,322
c_25175,378330,378649,319
c_25211,378649,378971,322
c_25212,378971,379290,319
c_25234,379290,379607,317
c_25238,379607,379929,322
c_25244,379929,380250,321
c_25246,380250,380570,320
c_25250,380570,380891,321
c_25262,380891,381212,321
c_25277,381212,381533,321
c_2528,381533,381841,308
c_25285,381841,382162,321
c_25290,382162,382479,317
c_25306,382479,382794,315
c_2531,382794,383111,317
c_25340,383111,383429,318
c_25344,383429,383746,317
c_2537,383746,384067,321
c_25370,384067,384387,320
c_25378,384387,384705,318
c_25380,384705,385023,318
c_25393,385023,385338,315
c_25441,385338,385658,320
c_25457,385658,385979,321
c_25472,385979,386300,321
c_25484,386300,386617,317
c_25503,386617,386936,319
c_25504,386936,387252,316
c_25509,387252,387568,316
c_25521,387568,387886,318
c_25534,387886,388208,322
c_25543,388208,388529,321
c_25588,388529,388850,321
c_25598,388850,389169,319
c_25610,389169,389489,320
c_25653,389489,389806,317
c_25661,389806,390126,320
c_25682,390126,390446,320
c_25694,390446,390767,321
c_25719,390767,391087,320
c_25742,391087,391408,321
c_25749,391408,391729,321
c_25774,391729,392050,321
c_2578,392050,392367,317
c_25781,392367,392687,320
c_25785,392687,393007,320
c_25820,393007,393327,320
c_25857,393327,393642,315
c_25864,393642,393962,320
c_25879,393962,394283,321
c_25884,394283,394602,319
c_25888,394602,394915,313
c_25891,394915,395234,319
c_25903,395234,395551,317
c_25911,395551,395870,319
c_25927,395870,396188,318
c_25931,396188,396217,29
c_25939,396217,396538,321
c_2597,396538,396860,322
c_25970,396860,397177,317
c_25994,397177,397499,322
c_26010,397499,397818,319
c_26030,397818,398139,321
c_26039,398139,398458,319
c_26040,398458,398776,318
c_26056,398776,399095,319
c_26061,399095,399414,319
c_26066,399414,399735,321
c_26073,399735,400057,322
c_26085,400057,400374,317
c_26122,400374,400694,320
c_26124,400694,401011,317
c_26126,401011,401332,321
c_26135,401332,401648,316
c_26138,401648,401968,320
c_26139,401968,402289,321
c_26193,402289,402609,320
c_26235,402609,402930,321
c_26246,402930,403248,318
c_26248,403248,403565,317
c_2625,403565,403884,319
c_26272,403884,404203,319
c_26281,404203,404522,319
c_26288,404522,404841,319
c_26289,404841,405162,321
c_26294,405162,405478,316
c_26306,405478,405800,322
c_26325,405800,406121,321
c_2633,406121,406443,322
c_26333,406443,406763,320
c_26338,406763,407081,318
c_26339,407081,407402,321
c_26344,407402,407715,313
c_26345,407715,408034,319
c_26393,408034,408346,312
c_26398,408346,408664,318
c_26406,408664,408986,322
c_2641,408986,409307,321
c_26452,409307,409628,321
c_26494,409628,409948,320
c_26499,409948,410268,320
c_2651,410268,410588,320
c_26557,410588,410906,318
c_26570,410906,411227,321
c_26573,411227,411540,313
c_26575,411540,411857,317
c_26576,411857,412178,321
c_26609,412178,412497,319
c_26622,412497,412817,320
c_26623,412817,413137,320
c_26633,413137,413454,317
c_26653,413454,413767,313
c_26663,413767,414083,316
c_26667,414083,414401,318
c_26675,414401,414717,316
c_26677,414717,415034,317
c_26678,415034,415351,317
c_26696,415351,415671,320
c_26704,415671,415989,318
c_26723,415989,416307,318
c_26725,416307,416623,316
c_26732,416623,416936,313
c_26745,416936,417256,320
c_26751,417256,417576,320
c_26772,417576,417896,320
c_26780,417896,418217,321
c_26789,418217,418532,315
c_26794,418532,418850,318
c_268,418850,419168,318
c_26803,419168,419484,316
c_26809,419484,419805,321
c_2681,419805,420124,319
c_26816,420124,420436,312
c_26834,420436,420753,317
c_26855,420753,421071,318
c_26858,421071,421391,320
c_26865,421391,421707,316
c_26872,421707,422027,320
c_26877,422027,422347,320
c_26878,422347,422659,312
c_26887,422659,422975,316
c_26888,422975,423296,321
c_269,423296,423612,316
c_26942,423612,423932,320
c_26961,423932,424248,316
c_26963,424248,424567,319
c_2697,424567,424887,320
c_2698,424887,425206,319
c_26983,425206,425528,322
c_27002,425528,425850,322
c_27016,425850,426169,319
c_27025,426169,426490,321
c_27032,426490,426806,316
c_2706,426806,427126,320
c_27064,427126,427447,321
c_27068,427447,427768,321
c_27104,427768,428083,315
c_27118,428083,428402,319
c_27149,428402,428718,316
c_27150,428718,429038,320
c_27151,429038,429350,312
c_27156,429350,429669,319
c_27187,429669,429990,321
c_27193,429990,430303,313
c_2720,430303,430624,321
c_27201,430624,430934,310
c_27213,430934,431254,320
c_27220,431254,431565,311
c_27224,431565,431885,320
c_27231,431885,432205,320
c_27280,432205,432526,321
c_27282,432526,432847,321
c_27288,432847,433167,320
c_27324,433167,433485,318
c_27336,433485,433799,314
c_27362,433799,434120,321
c_27369,434120,434437,317
c_27391,434437,434756,319
c_27413,434756,435076,320
c_27431,435076,435396,320
c_27436,435396,435717,321
c_2744,435717,436037,320
c_27450,436037,436356,319
c_2746,436356,436676,320
c_27461,436676,436996,320
c_27462,436996,437316,320
c_27481,437316,437637,321
c_27502,437637,437958,321
c_2754,437958,438268,310
c_27542,438268,438586,318
c_27548,438586,438903,317
c_2755,438903,439223,320
c_27550,439223,439544,321
c_2757,439544,439864,320
c_27572,439864,440186,322
c_27586,440186,440504,318
c_27603,440504,440822,318
c_27608,440822,441144,322
c_27611,441144,441465,321
c_27621,441465,441772,307
c_27640,441772,442091,319
c_27650,442091,442411,320
c_27654,442411,442730,319
c_27672,442730,443051,321
c_27689,443051,443364,313
c_27703,443364,443680,316
c_27724,443680,443998,318
c_27734,443998,444316,318
c_27736,444316,444637,321
c_27754,444637,444958,321
c_27755,444958,445277,319
c_27761,445277,445597,320
c_27763,445597,445916,319
c_27770,445916,446236,320
c_27771,446236,446556,320
c_27779,446556,446872,316
c_27847,446872,447191,319
c_27869,447191,447512,321
c_27872,447512,447831,319
c_27904,447831,448150,319
c_2792,448150,448471,321
c_27922,448471,448791,320
c_27960,448791,449106,315
c_27974,449106,449424,318
c_27977,449424,449745,321
c_28003,449745,450062,317
c_28019,450062,450380,318
c_28033,450380,450700,320
c_28056,450700,451020,320
c_28067,451020,451333,313
c_28072,451333,451651,318
c_28077,451651,451969,318
c_28083,451969,452285,316
c_28099,452285,452606,321
c_28100,452606,452927,321
c_28101,452927,453248,321
c_28129,453248,453569,321
c_28141,453569,453889,320
c_28185,453889,454210,321
c_28189,454210,454520,310
c_28194,454520,454841,321
c_28225,454841,455159,318
c_28239,455159,455478,319
c_28240,455478,455792,314
c_2830,455792,456112,320
c_28317,456112,456433,321
c_28319,456433,456752,319
c_28329,456752,457065,313
c_28345,457065,457385,320
c_28373,457385,457705,320
c_28405,457705,458025,320
c_28415,458025,458345,320
c_28423,458345,458664,319
c_28424,458664,458984,320
c_28426,458984,459301,317
c_28430,459301,459620,319
c_28434,459620,459939,319
c_28477,459939,460260,321
c_28485,460260,460578,318
c_28499,460578,460899,321
c_2850,460899,461220,321
c_28518,461220,461539,319
c_2852,461539,461860,321
c_28561,461860,462180,320
c_28585,462180,462501,321
c_28597,462501,462818,317
c_28603,462818,463139,321
c_28611,463139,463459,320
c_28613,463459,463781,322
c_2865,463781,464101,320
c_28657,464101,464420,319
c_2868,464420,464735,315
c_28680,464735,465056,321
c_28699,465056,465373,317
c_28720,465373,465693,320
c_28726,465693,466007,314
c_28727,466007,466327,320
c_28731,466327,466649,322
c_2874,466649,466969,320
c_28745,466969,467286,317
c_28754,467286,467607,321
c_28796,467607,467928,321
c_28818,467928,468248,320
c_28826,468248,468569,321
c_28838,468569,468885,316
c_28839,468885,469202,317
c_2885,469202,469524,322
c_28851,469524,469846,322
c_28863,469846,470166,320
c_28864,470166,470487,321
c_28883,470487,470809,322
c_28922,470809,471103,294
c_28926,471103,471423,320
c_28927,471423,471742,319
c_2893,471742,472060,318
c_2895,472060,472380,320
c_28966,472380,472700,320
c_28983,472700,473021,321
c_28985,473021,473339,318
c_28986,473339,473658,319
c_28987,473658,473976,318
c_29017,473976,474297,321
c_29021,474297,474611,314
c_29022,474611,474929,318
c_29026,474929,475251,322
c_2903,475251,475571,320
c_29046,475571,475890,319
c_29049,475890,476210,320
c_29082,476210,476529,319
c_29097,476529,476850,321
c_29175,476850,477170,320
c_29179,477170,477482,312
c_2918,477482,477798,316
c_29184,477798,478115,317
c_29202,478115,478431,316
c_29218,478431,478748,317
c_29225,478748,479066,318
c_2925,479066,479387,321
c_29253,479387,479702,315
c_29258,479702,480020,318
c_29270,480020,480340,320
c_29277,480340,480662,322
c_29287,480662,480983,321
c_29305,480983,481297,314
c_29308,481297,481612,315
c_29323,481612,481933,321
c_29333,481933,482250,317
c_29350,482250,482571,321
c_29353,482571,482888,317
c_29359,482888,483208,320
c_29362,483208,483528,320
c_29363,483528,483847,319
c_29433,483847,484166,319
c_29436,484166,484487,321
c_29453,484487,484809,322
c_29466,484809,485124,315
c_29480,485124,485445,321
c_29501,485445,485759,314
c_29505,485759,486071,312
c_29515,486071,486391,320
c_29522,486391,486711,320
c_29538,486711,487025,314
c_29546,487025,487345,320
c_29550,487345,487665,320
c_29575,487665,487986,321
c_29576,487986,488301,315
c_29595,488301,488615,314
c_29622,488615,488930,315
c_29623,488930,489250,320
c_29643,489250,489567,317
c_29659,489567,489887,320
c_29677,489887,490197,310
c_29678,490197,490512,315
c_29683,490512,490829,317
c_29690,490829,491100,271
c_29699,491100,491420,320
c_29727,491420,491740,320
c_29736,491740,492061,321
c_29768,492061,492373,312
c_29781,492373,492694,321
c_29783,492694,493002,308
c_29787,493002,493323,321
c_29814,493323,493643,320
c_29846,493643,493964,321
c_29874,493964,494284,320
c_2988,494284,494604,320
c_29889,494604,494925,321
c_29903,494925,495244,319
c_29924,495244,495561,317
c_29935,495561,495881,320
c_29965,495881,496201,320
c_29981,496201,496522,321
c_29985,496522,496835,313
c_30020,496835,497152,317
c_30028,497152,497474,322
c_30046,497474,497791,317
c_30047,497791,498107,316
c_30048,498107,498425,318
c_30054,498425,498744,319
c_30068,498744,499064,320
c_30069,499064,499384,320
c_30098,499384,499704,320
c_30109,499704,500023,319
c_30163,500023,500343,320
c_30174,500343,500664,321
c_30179,500664,500982,318
c_3019,500982,501300,318
c_30199,501300,501620,320
c_30205,501620,501940,320
c_30222,501940,502255,315
c_30232,502255,502571,316
c_3026,502571,502889,318
c_30273,502889,503210,321
c_30283,503210,503530,320
c_30291,503530,503850,320
c_3034,503850,504167,317
c_3035,504167,504488,321
c_30355,504488,504807,319
c_30364,504807,505126,319
c_30373,505126,505446,320
c_30403,505446,505767,321
c_30413,505767,506083,316
c_30427,506083,506402,319
c_30476,506402,506722,320
c_30477,506722,507037,315
c_3049,507037,507358,321
c_30501,507358,507678,320
c_30503,507678,507994,316
c_30521,507994,508312,318
c_30524,508312,508633,321
c_30530,508633,508954,321
c_30545,508954,509273,319
c_30546,509273,509593,320
c_30557,509593,509915,322
c_30574,509915,510229,314
c_30585,510229,510547,318
c_30598,510547,510866,319
c_30618,510866,511185,319
c_30619,511185,511505,320
c_3062,511505,511827,322
c_3064,511827,512148,321
c_30641,512148,512465,317
c_30679,512465,512784,319
c_3069,512784,513097,313
c_30702,513097,513416,319
c_30730,513416,513736,320
c_3074,513736,514053,317
c_30744,514053,514373,320
c_30765,514373,514694,321
c_3078,514694,515015,321
c_30781,515015,515333,318
c_30801,515333,515647,314
c_30811,515647,515969,322
c_30818,515969,516288,319
c_30851,516288,516608,320
c_30861,516608,516929,321
c_30876,516929,517247,318
c_30880,517247,517568,321
c_30885,517568,517889,321
c_30886,517889,518207,318
c_30896,518207,518521,314
c_3090,518521,518842,321
c_30950,518842,519161,319
c_30959,519161,519474,313
c_30961,519474,519793,319
c_30970,519793,520112,319
c_30973,520112,520430,318
c_30985,520430,520749,319
c_30999,520749,521069,320
c_31,521069,521388,319
c_31004,521388,521708,320
c_31011,521708,522025,317
c_31037,522025,522340,315
c_31058,522340,522652,312
c_31073,522652,522970,318
c_3110,522970,523288,318
c_31125,523288,523607,319
c_3113,523607,523927,320
c_31139,523927,524248,321
c_31144,524248,524567,319
c_31147,524567,524888,321
c_3115,524888,525202,314
c_31150,525202,525523,321
c_31166,525523,525842,319
c_31177,525842,526157,315
c_31188,526157,526469,312
c_31196,526469,526787,318
c_31209,526787,527102,315
c_31224,527102,527421,319
c_31249,527421,527740,319
c_31254,527740,528054,314
c_31291,528054,528375,321
c_3130,528375,528695,320
c_31348,528695,529014,319
c_31352,529014,529334,320
c_31362,529334,529656,322
c_31414,529656,529977,321
c_31416,529977,530295,318
c_31425,530295,530616,321
c_3143,530616,530937,321
c_31435,530937,531253,316
c_31446,531253,531574,321
c_3146,531574,531886,312
c_31469,531886,532207,321
c_31501,532207,532526,319
c_31504,532526,532847,321
c_31507,532847,533168,321
c_31515,533168,533487,319
c_31547,533487,533807,320
c_31556,533807,534122,315
c_31590,534122,534442,320
c_31595,534442,534761,319
c_31605,534761,535082,321
c_31607,535082,535403,321
c_31614,535403,535724,321
c_3164,535724,536044,320
c_31645,536044,536358,314
c_31654,536358,536675,317
c_31658,536675,536987,312
c_31690,536987,537302,315
c_31701,537302,537623,321
c_31714,537623,537944,321
c_3173,537944,538259,315
c_31738,538259,538579,320
c_31755,538579,538896,317
c_31773,538896,539217,321
c_3179,539217,539533,316
c_31797,539533,539847,314
c_3180,539847,540167,320
c_31800,540167,540488,321
c_31833,540488,540808,320
c_31874,540808,541127,319
c_31880,541127,541445,318
c_31887,541445,541755,310
c_31892,541755,542073,318
c_31904,542073,542395,322
c_31934,542395,542708,313
c_31938,542708,543029,321
c_31949,543029,543347,318
c_31950,543347,543664,317
c_31970,543664,543983,319
c_31977,543983,544304,321
c_3198,544304,544625,321
c_32,544625,544943,318
c_32000,544943,545263,320
c_32008,545263,545584,321
c_32014,545584,545899,315
c_32018,545899,546221,322
c_32056,546221,546539,318
c_3207,546539,546856,317
c_32085,546856,547177,321
c_32089,547177,547490,313
c_32113,547490,547811,321
c_3214,547811,548128,317
c_32146,548128,548435,307
c_32156,548435,548756,321
c_32182,548756,549069,313
c_32186,549069,549389,320
c_32188,549389,549707,318
c_32190,549707,550029,322
c_32223,550029,550324,295
c_32273,550324,550641,317
c_32274,550641,550958,317
c_32276,550958,551276,318
c_32280,551276,551596,320
c_32285,551596,551914,318
c_32299,551914,552235,321
c_32314,552235,552555,320
c_32325,552555,552869,314
c_32349,552869,553187,318
c_32358,553187,553506,319
c_32368,553506,553826,320
c_32382,553826,554148,322
c_32388,554148,554467,319
c_32411,554467,554787,320
c_32423,554787,555107,320
c_3245,555107,555420,313
c_32486,555420,555740,320
c_32516,555740,556061,321
c_32529,556061,556377,316
c_32562,556377,556695,318
c_32568,556695,557012,317
c_3257,557012,557334,322
c_3258,557334,557655,321
c_32647,557655,557976,321
c_3265,557976,558296,320
c_32659,558296,558615,319
c_32662,558615,558936,321
c_32665,558936,559254,318
c_32666,559254,559572,318
c_32671,559572,559892,320
c_32673,559892,560207,315
c_3270,560207,560528,321
c_32700,560528,560849,321
c_32714,560849,561168,319
c_32720,561168,561489,321
c_32738,561489,561810,321
c_32764,561810,562130,320
c_32798,562130,562440,310
c_32821,562440,562761,321
c_32827,562761,563083,322
c_32832,563083,563405,322
c_3284,563405,563725,320
c_32844,563725,564046,321
c_32846,564046,564366,320
c_32847,564366,564686,320
c_32911,564686,565007,321
c_32920,565007,565329,322
c_32922,565329,565650,321
c_32927,565650,565968,318
c_3293,565968,566289,321
c_32942,566289,566608,319
c_32944,566608,566929,321
c_32948,566929,567243,314
c_32951,567243,567560,317
c_32961,567560,567878,318
c_32974,567878,568200,322
c_33009,568200,568520,320
c_33016,568520,568840,320
c_33055,568840,569149,309
c_33064,569149,569468,319
c_33069,569468,569789,321
c_33112,569789,570110,321
c_33113,570110,570431,321
c_33116,570431,570748,317
c_33124,570748,571067,319
c_33138,571067,571385,318
c_33146,571385,571705,320
c_33155,571705,572026,321
c_33198,572026,572347,321
c_33204,572347,572668,321
c_33231,572668,572984,316
c_33258,572984,573303,319
c_33263,573303,573620,317
c_33304,573620,573936,316
c_33319,573936,574255,319
c_33330,574255,574573,318
c_33338,574573,574892,319
c_33340,574892,575206,314
c_33362,575206,575526,320
c_33385,575526,575838,312
c_33419,575838,576158,320
c_33423,576158,576473,315
c_33436,576473,576791,318
c_3346,576791,577109,318
c_33467,577109,577419,310
c_33472,577419,577739,320
c_33474,577739,578055,316
c_335,578055,578375,320
c_3350,578375,578695,320
c_33506,578695,579016,321
c_33525,579016,579330,314
c_33527,579330,579649,319
c_33559,579649,579970,321
c_33566,579970,580275,305
c_33588,580275,580594,319
c_33596,580594,580908,314
c_33634,580908,581226,318
c_33637,581226,581547,321
c_33639,581547,581866,319
c_33651,581866,582186,320
c_33657,582186,582506,320
c_33661,582506,582826,320
c_3367,582826,583147,321
c_33672,583147,583467,320
c_33694,583467,583787,320
c_33695,583787,584109,322
c_33698,584109,584428,319
c_33700,584428,584749,321
c_33703,584749,585070,321
c_33736,585070,585392,322
c_33745,585392,585710,318
c_3375,585710,586029,319
c_33757,586029,586348,319
c_33763,586348,586669,321
c_3377,586669,586987,318
c_33837,586987,587308,321
c_33845,587308,587629,321
c_3389,587629,587946,317
c_33894,587946,588266,320
c_33928,588266,588586,320
c_33932,588586,588905,319
c_33934,588905,589220,315
c_33944,589220,589531,311
c_33946,589531,589840,309
c_33951,589840,590155,315
c_33956,590155,590476,321
c_33959,590476,590792,316
c_33980,590792,591111,319
c_340,591111,591432,321
c_34003,591432,591745,313
c_3401,591745,592062,317
c_34017,592062,592383,321
c_34034,592383,592692,309
c_34052,592692,593013,321
c_34078,593013,593333,320
c_34085,593333,593652,319
c_3410,593652,593972,320
c_34195,593972,594287,315
c_34203,594287,594604,317
c_34208,594604,594915,311
c_34281,594915,595237,322
c_34289,595237,595558,321
c_34301,595558,595878,320
c_34324,595878,596198,320
c_34354,596198,596518,320
c_34363,596518,596838,320
c_34364,596838,597158,320
c_34370,597158,597479,321
c_34373,597479,597800,321
c_34381,597800,598120,320
c_34384,598120,598438,318
c_34418,598438,598754,316
c_34461,598754,599076,322
c_34489,599076,599394,318
c_3449,599394,599715,321
c_34492,599715,600035,320
c_34519,600035,600355,320
c_34522,600355,600674,319
c_34535,600674,600994,320
c_34541,600994,601311,317
c_34542,601311,601632,321
c_34554,601632,601953,321
c_3458,601953,602273,320
c_34590,602273,602585,312
c_34611,602585,602904,319
c_34617,602904,603220,316
c_34622,603220,603539,319
c_34631,603539,603859,320
c_34633,603859,604179,320
c_34644,604179,604496,317
c_34649,604496,604814,318
c_34652,604814,605128,314
c_34657,605128,605447,319
c_34659,605447,605762,315
c_3466,605762,606082,320
c_3470,606082,606401,319
c_34733,606401,606722,321
c_34734,606722,607043,321
c_34737,607043,607362,319
c_34751,607362,607677,315
c_34766,607677,607997,320
c_34775,607997,608318,321
c_34783,608318,608640,322
c_34784,608640,608962,322
c_34835,608962,609280,318
c_34839,609280,609599,319
c_34849,609599,609913,314
c_34856,609913,610234,321
c_34857,610234,610554,320
c_3486,610554,610874,320
c_34863,610874,611194,320
c_34893,611194,611515,321
c_34897,611515,611835,320
c_3491,611835,612152,317
c_34917,612152,612472,320
c_3493,612472,612791,319
c_34947,612791,613107,316
c_34993,613107,613423,316
c_35001,613423,613743,320
c_35018,613743,614064,321
c_35021,614064,614382,318
c_35035,614382,614704,322
c_35036,614704,615024,320
c_35043,615024,615339,315
c_35064,615339,615653,314
c_35069,615653,615971,318
c_35074,615971,616289,318
c_35078,616289,616609,320
c_35099,616609,616930,321
c_3513,616930,617243,313
c_35148,617243,617564,321
c_35159,617564,617885,321
c_35184,617885,618197,312
c_35188,618197,618517,320
c_35234,618517,618838,321
c_35251,618838,619159,321
c_35258,619159,619480,321
c_3526,619480,619800,320
c_3527,619800,620119,319
c_35275,620119,620439,320
c_35280,620439,620755,316
c_35295,620755,621072,317
c_35304,621072,621393,321
c_35318,621393,621714,321
c_35321,621714,622035,321
c_35330,622035,622354,319
c_35347,622354,622675,321
c_35359,622675,622991,316
c_35378,622991,623307,316
c_35404,623307,623628,321
c_35407,623628,623945,317
c_35411,623945,624264,319
c_35432,624264,624578,314
c_35442,624578,624898,320
c_35449,624898,625218,320
c_3546,625218,625533,315
c_35461,625533,625849,316
c_35476,625849,626167,318
c_35487,626167,626488,321
c_35500,626488,626808,320
c_35516,626808,627127,319
c_35529,627127,627446,319
c_35539,627446,627767,321
c_35546,627767,628085,318
c_35567,628085,628404,319
c_35577,628404,628718,314
c_35590,628718,629030,312
c_35594,629030,629348,318
c_35617,629348,629667,319
c_3562,629667,629985,318
c_35621,629985,630305,320
c_35643,630305,630625,320
c_35661,630625,630939,314
c_35692,630939,631257,318
c_35707,631257,631562,305
c_35737,631562,631883,321
c_35764,631883,632202,319
c_35767,632202,632523,321
c_35769,632523,632843,320
c_3577,632843,633164,321
c_35780,633164,633475,311
c_35796,633475,633790,315
c_35802,633790,634112,322
c_35805,634112,634433,321
c_35813,634433,634752,319
c_35824,634752,635072,320
c_35837,635072,635393,321
c_35839,635393,635711,318
c_35848,635711,636032,321
c_35908,636032,636344,312
c_35915,636344,636662,318
c_35936,636662,636982,320
c_35946,636982,637302,320
c_35949,637302,637623,321
c_35955,637623,637943,320
c_35958,637943,638262,319
c_3597,638262,638582,320
c_35970,638582,638903,321
c_36004,638903,639216,313
c_36006,639216,639530,314
c_36052,639530,639848,318
c_36060,639848,640169,321
c_36065,640169,640488,319
c_36078,640488,640809,321
c_36080,640809,641125,316
c_36111,641125,641446,321
c_36121,641446,641766,320
c_36122,641766,642081,315
c_3613,642081,642394,313
c_36134,642394,642709,315
c_36158,642709,643030,321
c_36173,643030,643348,318
c_36203,643348,643659,311
c_36204,643659,643975,316
c_36213,643975,644295,320
c_36223,644295,644616,321
c_36226,644616,644938,322
c_36242,644938,645256,318
c_36243,645256,645543,287
c_36284,645543,645854,311
c_36285,645854,646173,319
c_3629,646173,646494,321
c_36291,646494,646811,317
c_36292,646811,647129,318
c_36295,647129,647449,320
c_36309,647449,647770,321
c_36312,647770,648090,320
c_36326,648090,648409,319
c_36343,648409,648728,319
c_36347,648728,649046,318
c_36394,649046,649367,321
c_36400,649367,649684,317
c_36412,649684,650002,318
c_3642,650002,650318,316
c_36434,650318,650639,321
c_36435,650639,650960,321
c_36474,650960,651272,312
c_36485,651272,651594,322
c_36486,651594,651908,314
c_36528,651908,652225,317
c_36529,652225,652452,227
c_36545,652452,652770,318
c_36549,652770,653088,318
c_36600,653088,653407,319
c_36602,653407,653724,317
c_36610,653724,654045,321
c_3662,654045,654365,320
c_36620,654365,654684,319
c_36640,654684,655003,319
c_36666,655003,655318,315
c_36684,655318,655637,319
c_36686,655637,655955,318
c_36707,655955,656273,318
c_36725,656273,656593,320
c_36727,656593,656912,319
c_36736,656912,657233,321
c_36761,657233,657549,316
c_36782,657549,657869,320
c_36793,657869,658187,318
c_36809,658187,658509,322
c_36824,658509,658826,317
c_36827,658826,659142,316
c_36831,659142,659453,311
c_36833,659453,659774,321
c_36855,659774,660095,321
c_36859,660095,660414,319
c_36869,660414,660735,321
c_36884,660735,661050,315
c_36887,661050,661370,320
c_36909,661370,661689,319
c_36932,661689,662009,320
c_36935,662009,662327,318
c_36939,662327,662643,316
c_36945,662643,662960,317
c_36957,662960,663278,318
c_36972,663278,663595,317
c_3700,663595,663916,321
c_37007,663916,664236,320
c_37049,664236,664555,319
c_37052,664555,664875,320
c_37067,664875,665195,320
c_3709,665195,665513,318
c_3710,665513,665830,317
c_37147,665830,666150,320
c_37156,666150,666465,315
c_3719,666465,666782,317
c_37205,666782,667103,321
c_37210,667103,667419,316
c_37219,667419,667738,319
c_37228,667738,668054,316
c_37241,668054,668375,321
c_37248,668375,668696,321
c_37252,668696,669016,320
c_37280,669016,669329,313
c_37282,669329,669648,319
c_37285,669648,669969,321
c_37287,669969,670289,320
c_37298,670289,670607,318
c_37305,670607,670923,316
c_37315,670923,671237,314
c_3733,671237,671556,319
c_37333,671556,671877,321
c_37334,671877,672198,321
c_37337,672198,672519,321
c_37354,672519,672837,318
c_37359,672837,673152,315
c_37362,673152,673463,311
c_37368,673463,673780,317
c_37393,673780,674097,317
c_37401,674097,674408,311
c_37402,674408,674729,321
c_37406,674729,675041,312
c_37422,675041,675360,319
c_37424,675360,675673,313
c_37427,675673,675991,318
c_37487,675991,676309,318
c_37492,676309,676630,321
c_37547,676630,676951,321
c_37577,676951,677271,320
c_37585,677271,677589,318
c_3759,677589,677910,321
c_37611,677910,678225,315
c_37627,678225,678544,319
c_37634,678544,678865,321
c_37644,678865,679185,320
c_37674,679185,679506,321
c_37688,679506,679827,321
c_37696,679827,680148,321
c_37712,680148,680467,319
c_37717,680467,680789,322
c_3774,680789,681110,321
c_37749,681110,681432,322
c_37771,681432,681753,321
c_37800,681753,682072,319
c_37810,682072,682389,317
c_37818,682389,682708,319
c_37819,682708,683024,316
c_37823,683024,683345,321
c_37831,683345,683666,321
c_37835,683666,683987,321
c_37836,683987,684306,319
c_37838,684306,684625,319
c_37845,684625,684942,317
c_37856,684942,685263,321
c_37879,685263,685585,322
c_37881,685585,685904,319
c_37884,685904,686219,315
c_37913,686219,686540,321
c_37914,686540,686851,311
c_37921,686851,687171,320
c_37928,687171,687489,318
c_37947,687489,687808,319
c_37959,687808,688127,319
c_37976,688127,688442,315
c_37992,688442,688758,316
c_38064,688758,689078,320
c_38070,689078,689394,316
c_38093,689394,689714,320
c_38098,689714,690031,317
c_3811,690031,690348,317
c_38134,690348,690667,319
c_3814,690667,690986,319
c_3816,690986,691307,321
c_38175,691307,691628,321
c_38184,691628,691948,320
c_38189,691948,692269,321
c_38191,692269,692588,319
c_38203,692588,692907,319
c_38229,692907,693225,318
c_3823,693225,693543,318
c_38234,693543,693864,321
c_38259,693864,694183,319
c_38281,694183,694502,319
c_38290,694502,694818,316
c_38293,694818,695137,319
c_38300,695137,695456,319
c_38306,695456,695776,320
c_3831,695776,696096,320
c_38380,696096,696410,314
c_38393,696410,696729,319
c_38395,696729,697049,320
c_38412,697049,697368,319
c_38413,697368,697687,319
c_38414,697687,698002,315
c_38453,698002,698319,317
c_38463,698319,698634,315
c_38464,698634,698955,321
c_3847,698955,699275,320
c_38472,699275,699595,320
c_38488,699595,699911,316
c_38500,699911,700230,319
c_38503,700230,700550,320
c_3852,700550,700866,316
c_38547,700866,701186,320
c_38565,701186,701507,321
c_38582,701507,701828,321
c_3859,701828,702147,319
c_38590,702147,702468,321
c_38634,702468,702789,321
c_38636,702789,703109,320
c_38657,703109,703428,319
c_38662,703428,703749,321
c_38686,703749,704067,318
c_38693,704067,704388,321
c_3870,704388,704705,317
c_38700,704705,705027,322
c_38702,705027,705347,320
c_38718,705347,705668,321
c_38741,705668,705983,315
c_38744,705983,706298,315
c_38754,706298,706619,321
c_38758,706619,706938,319
c_38765,706938,707260,322
c_38770,707260,707575,315
c_38776,707575,707892,317
c_38780,707892,708213,321
c_38795,708213,708534,321
c_38810,708534,708851,317
c_38817,708851,709172,321
c_38819,709172,709492,320
c_38834,709492,709808,316
c_38836,709808,710128,320
c_38843,710128,710447,319
c_38848,710447,710768,321
c_38874,710768,711076,308
c_38888,711076,711393,317
c_38893,711393,711689,296
c_38922,711689,712004,315
c_38953,712004,712320,316
c_38961,712320,712640,320
c_39034,712640,712956,316
c_39051,712956,713273,317
c_39064,713273,713593,320
c_39067,713593,713911,318
c_39099,713911,714231,320
c_39109,714231,714550,319
c_39120,714550,714872,322
c_3913,714872,715191,319
c_39139,715191,715511,320
c_39164,715511,715832,321
c_39175,715832,716153,321
c_39203,716153,716473,320
c_39217,716473,716793,320
c_39219,716793,717112,319
c_39228,717112,717430,318
c_39236,717430,717749,319
c_39239,717749,718068,319
c_39248,718068,718382,314
c_39253,718382,718690,308
c_39263,718690,719011,321
c_39266,719011,719332,321
c_39286,719332,719641,309
c_39309,719641,719962,321
c_39330,719962,720283,321
c_39353,720283,720604,321
c_39369,720604,720924,320
c_3938,720924,721243,319
c_39394,721243,721557,314
c_39395,721557,721872,315
c_39430,721872,722190,318
c_39436,722190,722509,319
c_39456,722509,722826,317
c_39479,722826,723147,321
c_39482,723147,723465,318
c_39496,723465,723786,321
c_39500,723786,724106,320
c_39504,724106,724425,319
c_39506,724425,724744,319
c_39516,724744,725061,317
c_39533,725061,725382,321
c_3956,725382,725701,319
c_39562,725701,726019,318
c_39567,726019,726339,320
c_39579,726339,726649,310
c_39587,726649,726962,313
c_39595,726962,727283,321
c_39628,727283,727601,318
c_39638,727601,727918,317
c_39651,727918,728239,321
c_39661,728239,728560,321
c_39676,728560,728881,321
c_3968,728881,729199,318
c_39683,729199,729517,318
c_39685,729517,729838,321
c_39692,729838,730159,321
c_39704,730159,730478,319
c_39721,730478,730795,317
c_3973,730795,731112,317
c_39748,731112,731430,318
c_3976,731430,731750,320
c_39776,731750,732063,313
c_39791,732063,732383,320
c_39802,732383,732702,319
c_39804,732702,733023,321
c_39835,733023,733343,320
c_39843,733343,733664,321
c_39848,733664,733973,309
c_39874,733973,734293,320
c_39876,734293,734614,321
c_39879,734614,734935,321
c_39885,734935,735253,318
c_3990,735253,735572,319
c_39928,735572,735892,320
c_3995,735892,736211,319
c_39983,736211,736532,321
c_39999,736532,736850,318
c_40017,736850,737168,318
c_4003,737168,737483,315
c_40066,737483,737804,321
c_40067,737804,738123,319
c_40072,738123,738442,319
c_40074,738442,738762,320
c_40077,738762,739080,318
c_4009,739080,739400,320
c_40128,739400,739717,317
c_40175,739717,740038,321
c_40200,740038,740354,316
c_40201,740354,740674,320
c_40204,740674,740994,320
c_40221,740994,741308,314
c_40223,741308,741626,318
c_4023,741626,741946,320
c_40234,741946,742265,319
c_40287,742265,742583,318
c_40309,742583,742902,319
c_40324,742902,743210,308
c_40335,743210,743530,320
c_40344,743530,743851,321
c_40345,743851,744171,320
c_40358,744171,744491,320
c_40388,744491,744812,321
c_40424,744812,745129,317
c_40432,745129,745447,318
c_40447,745447,745757,310
c_40490,745757,746075,318
c_40523,746075,746396,321
c_40543,746396,746705,309
c_40556,746705,747027,322
c_40567,747027,747345,318
c_40573,747345,747662,317
c_40584,747662,747981,319
c_4059,747981,748302,321
c_40602,748302,748623,321
c_40617,748623,748944,321
c_40640,748944,749265,321
c_40656,749265,749585,320
c_40657,749585,749903,318
c_40658,749903,750215,312
c_40725,750215,750537,322
c_40744,750537,750850,313
c_40770,750850,751166,316
c_40783,751166,751484,318
c_4080,751484,751802,318
c_40800,751802,752116,314
c_40815,752116,752437,321
c_40826,752437,752756,319
c_40831,752756,753075,319
c_40849,753075,753389,314
c_40862,753389,753708,319
c_4090,753708,754030,322
c_40921,754030,754351,321
c_40925,754351,754672,321
c_4093,754672,754991,319
c_40930,754991,755307,316
c_40946,755307,755621,314
c_40950,755621,755937,316
c_4098,755937,756257,320
c_40988,756257,756578,321
c_40996,756578,756898,320
c_41003,756898,757217,319
c_41010,757217,757538,321
c_41012,757538,757859,321
c_41023,757859,758178,319
c_41036,758178,758492,314
c_41038,758492,758803,311
c_41060,758803,759125,322
c_41066,759125,759446,321
c_41072,759446,759763,317
c_41082,759763,760076,313
c_41091,760076,760395,319
c_41111,760395,760715,320
c_41114,760715,761036,321
c_41129,761036,761349,313
c_4113,761349,761669,320
c_4117,761669,761988,319
c_41197,761988,762307,319
c_41205,762307,762626,319
c_41212,762626,762947,321
c_41214,762947,763268,321
c_41219,763268,763587,319
c_41265,763587,763905,318
c_41267,763905,764226,321
c_41273,764226,764546,320
c_41274,764546,764867,321
c_41279,764867,765186,319
c_41290,765186,765501,315
c_41294,765501,765818,317
c_41313,765818,766128,310
c_41315,766128,766448,320
c_41319,766448,766768,320
c_41323,766768,767090,322
c_41324,767090,767407,317
c_41326,767407,767727,320
c_41333,767727,768047,320
c_41334,768047,768368,321
c_41366,768368,768687,319
c_41382,768687,769007,320
c_41391,769007,769328,321
c_41399,769328,769635,307
c_41432,769635,769949,314
c_4146,769949,770268,319
c_41479,770268,770586,318
c_41491,770586,770904,318
c_41499,770904,771224,320
c_41515,771224,771540,316
c_41516,771540,771858,318
c_41526,771858,772178,320
c_41541,772178,772496,318
c_41554,772496,772812,316
c_4156,772812,773128,316
c_41596,773128,773441,313
c_41621,773441,773760,319
c_4163,773760,774080,320
c_41633,774080,774402,322
c_41639,774402,774718,316
c_41648,774718,775037,319
c_41684,775037,775356,319
c_41718,775356,775675,319
c_41720,775675,775997,322
c_41726,775997,776310,313
c_41741,776310,776631,321
c_41751,776631,776945,314
c_41752,776945,777261,316
c_41772,777261,777579,318
c_41774,777579,777899,320
c_41787,777899,778218,319
c_41807,778218,778538,320
c_41829,778538,778539,1
c_41833,778539,778860,321
c_41838,778860,779176,316
c_41841,779176,779495,319
c_41842,779495,779817,322
c_41872,779817,780138,321
c_4188,780138,780455,317
c_41918,780455,780773,318
c_4194,780773,781094,321
c_41943,781094,781416,322
c_41954,781416,781729,313
c_41970,781729,782046,317
c_41983,782046,782366,320
c_41986,782366,782687,321
c_41998,782687,782997,310
c_42015,782997,783317,320
c_42019,783317,783634,317
c_42030,783634,783953,319
c_4205,783953,784273,320
c_42065,784273,784589,316
c_42086,784589,784909,320
c_42087,784909,785229,320
c_42130,785229,785550,321
c_42131,785550,785871,321
c_42138,785871,786192,321
c_42161,786192,786506,314
c_4221,786506,786819,313
c_42239,786819,787135,316
c_42244,787135,787449,314
c_42249,787449,787767,318
c_42255,787767,788085,318
c_42257,788085,788406,321
c_42268,788406,788724,318
c_42292,788724,789043,319
c_42294,789043,789363,320
c_42301,789363,789679,316
c_42317,789679,790000,321
c_42323,790000,790316,316
c_42334,790316,790623,307
c_42340,790623,790940,317
c_4236,790940,791261,321
c_42362,791261,791578,317
c_42392,791578,791895,317
c_42411,791895,792214,319
c_42449,792214,792535,321
c_42453,792535,792856,321
c_42460,792856,793176,320
c_42461,793176,793485,309
c_42492,793485,793804,319
c_42494,793804,794124,320
c_42519,794124,794442,318
c_42525,794442,794758,316
c_42527,794758,795079,321
c_42530,795079,795399,320
c_42541,795399,795716,317
c_42551,795716,796035,319
c_42552,796035,796350,315
c_42556,796350,796672,322
c_42583,796672,796992,320
c_42590,796992,797312,320
c_42600,797312,797632,320
c_42602,797632,797953,321
c_42629,797953,798273,320
c_42647,798273,798592,319
c_42659,798592,798913,321
c_42661,798913,799234,321
c_42664,799234,799555,321
c_42671,799555,799875,320
c_42682,799875,800196,321
c_42701,800196,800517,321
c_42706,800517,800838,321
c_42733,800838,801157,319
c_42747,801157,801477,320
c_42756,801477,801796,319
c_42757,801796,802111,315
c_42791,802111,802430,319
c_42823,802430,802750,320
c_42827,802750,803068,318
c_42842,803068,803386,318
c_42869,803386,803706,320
c_42872,803706,804027,321
c_42888,804027,804349,322
c_42889,804349,804667,318
c_42896,804667,804989,322
c_42914,804989,805307,318
c_42926,805307,805628,321
c_42930,805628,805946,318
c_42933,805946,806267,321
c_42938,806267,806588,321
c_42945,806588,806906,318
c_42949,806906,807226,320
c_42959,807226,807546,320
c_42962,807546,807865,319
c_42975,807865,808185,320
c_42978,808185,808505,320
c_42982,808505,808825,320
c_4299,808825,809145,320
c_42998,809145,809455,310
c_4300,809455,809775,320
c_43000,809775,810095,320
c_43004,810095,810411,316
c_43005,810411,810727,316
c_43030,810727,811043,316
c_43054,811043,811362,319
c_43062,811362,811675,313
c_43069,811675,811994,319
c_43077,811994,812313,319
c_43107,812313,812632,319
c_43131,812632,812952,320
c_43141,812952,813271,319
c_43192,813271,813588,317
c_43205,813588,813909,321
c_43206,813909,814224,315
c_43246,814224,814546,322
c_43254,814546,814867,321
c_43259,814867,815183,316
c_43262,815183,815504,321
c_43335,815504,815826,322
c_4336,815826,816146,320
c_43360,816146,816467,321
c_43361,816467,816788,321
c_43368,816788,817107,319
c_4340,817107,817427,320
c_43414,817427,817745,318
c_43433,817745,818067,322
c_4345,818067,818384,317
c_43462,818384,818704,320
c_43466,818704,819022,318
c_43488,819022,819341,319
c_43496,819341,819662,321
c_43502,819662,819983,321
c_43511,819983,820304,321
c_43527,820304,820622,318
c_43531,820622,820940,318
c_43534,820940,821261,321
c_43536,821261,821574,313
c_43547,821574,821895,321
c_43549,821895,822216,321
c_43575,822216,822536,320
c_43590,822536,822850,314
c_43596,822850,823171,321
c_43602,823171,823492,321
c_43607,823492,823811,319
c_43638,823811,824132,321
c_43665,824132,824446,314
c_43670,824446,824762,316
c_43674,824762,825083,321
c_43681,825083,825400,317
c_43706,825400,825718,318
c_4371,825718,826033,315
c_43718,826033,826351,318
c_43720,826351,826671,320
c_4373,826671,826986,315
c_43731,826986,827304,318
c_43735,827304,827623,319
c_4380,827623,827940,317
c_43806,827940,828257,317
c_43813,828257,828577,320
c_43814,828577,828897,320
c_43823,828897,829217,320
c_43831,829217,829535,318
c_4384,829535,829855,320
c_43845,829855,830174,319
c_43867,830174,830495,321
c_43883,830495,830815,320
c_43891,830815,831134,319
c_43905,831134,831453,319
c_43957,831453,831768,315
c_44008,831768,832089,321
c_44039,832089,832410,321
c_44050,832410,832731,321
c_44056,832731,833051,320
c_44059,833051,833371,320
c_4409,833371,833685,314
c_44094,833685,834004,319
c_44115,834004,834325,321
c_44118,834325,834643,318
c_44135,834643,834964,321
c_44141,834964,835280,316
c_44164,835280,835600,320
c_44174,835600,835920,320
c_44187,835920,836241,321
c_44189,836241,836402,161
c_44194,836402,836721,319
c_44226,836721,837037,316
c_44256,837037,837355,318
c_4426,837355,837671,316
c_44260,837671,837991,320
c_44266,837991,838311,320
c_44295,838311,838631,320
c_44313,838631,838945,314
c_44328,838945,839267,322
c_44342,839267,839582,315
c_44355,839582,839900,318
c_44360,839900,840213,313
c_44364,840213,840534,321
c_4437,840534,840856,322
c_44406,840856,841172,316
c_44418,841172,841492,320
c_44427,841492,841813,321
c_44525,841813,842129,316
c_44529,842129,842447,318
c_44553,842447,842768,321
c_44555,842768,843088,320
c_44560,843088,843408,320
c_44568,843408,843726,318
c_44574,843726,844036,310
c_44582,844036,844356,320
c_44588,844356,844677,321
c_44601,844677,844992,315
c_44607,844992,845312,320
c_4461,845312,845631,319
c_44613,845631,845952,321
c_44616,845952,846273,321
c_44632,846273,846593,320
c_44644,846593,846908,315
c_4466,846908,847225,317
c_44662,847225,847545,320
c_44685,847545,847865,320
c_44688,847865,848185,320
c_44696,848185,848497,312
c_44707,848497,848814,317
c_44718,848814,849136,322
c_44726,849136,849453,317
c_44730,849453,849775,322
c_44743,849775,850097,322
c_44790,850097,850414,317
c_44791,850414,850736,322
c_44809,850736,851057,321
c_44821,851057,851370,313
c_44829,851370,851689,319
c_44851,851689,852010,321
c_44855,852010,852331,321
c_44867,852331,852647,316
c_44879,852647,852968,321
c_44911,852968,853287,319
c_44921,853287,853606,319
c_44928,853606,853926,320
c_44929,853926,854246,320
c_44953,854246,854567,321
c_44966,854567,854885,318
c_44967,854885,855204,319
c_44976,855204,855525,321
c_44992,855525,855843,318
c_45005,855843,856165,322
c_45021,856165,856486,321
c_45027,856486,856808,322
c_4506,856808,857127,319
c_45072,857127,857445,318
c_45087,857445,857763,318
c_45097,857763,858085,322
c_45107,858085,858407,322
c_45110,858407,858727,320
c_45124,858727,859037,310
c_45134,859037,859355,318
c_45138,859355,859674,319
c_45178,859674,859991,317
c_45209,859991,860312,321
c_45213,860312,860627,315
c_45216,860627,860948,321
c_45224,860948,861267,319
c_4523,861267,861579,312
c_45236,861579,861898,319
c_45243,861898,862218,320
c_45268,862218,862537,319
c_45283,862537,862857,320
c_45284,862857,863175,318
c_45287,863175,863493,318
c_45291,863493,863813,320
c_45293,863813,864134,321
c_45310,864134,864456,322
c_45314,864456,864777,321
c_45335,864777,865091,314
c_4541,865091,865410,319
c_45427,865410,865721,311
c_45484,865721,866030,309
c_45488,866030,866347,317
c_45489,866347,866661,314
c_45515,866661,866980,319
c_45539,866980,867296,316
c_45541,867296,867616,320
c_45546,867616,867935,319
c_45557,867935,868252,317
c_45558,868252,868573,321
c_45576,868573,868893,320
c_45582,868893,869212,319
c_45590,869212,869533,321
c_4560,869533,869849,316
c_45620,869849,870167,318
c_45658,870167,870488,321
c_45659,870488,870806,318
c_45679,870806,871125,319
c_45722,871125,871445,320
c_45730,871445,871762,317
c_45733,871762,872079,317
c_45759,872079,872400,321
c_45772,872400,872720,320
c_45777,872720,873037,317
c_45780,873037,873359,322
c_45786,873359,873673,314
c_45821,873673,873994,321
c_45841,873994,874310,316
c_45855,874310,874630,320
c_4586,874630,874948,318
c_45865,874948,875269,321
c_45872,875269,875589,320
c_45894,875589,875904,315
c_45911,875904,876224,320
c_4593,876224,876540,316
c_45935,876540,876861,321
c_45939,876861,877182,321
c_45940,877182,877500,318
c_4595,877500,877819,319
c_4599,877819,878135,316
c_45998,878135,878456,321
c_45999,878456,878771,315
c_46000,878771,879078,307
c_46002,879078,879390,312
c_46010,879390,879699,309
c_46033,879699,880017,318
c_46045,880017,880331,314
c_4605,880331,880650,319
c_46060,880650,880962,312
c_46065,880962,881279,317
c_46085,881279,881598,319
c_46114,881598,881918,320
c_46116,881918,882220,302
c_46128,882220,882539,319
c_46136,882539,882858,319
c_46156,882858,883180,322
c_46169,883180,883500,320
c_46175,883500,883820,320
c_46193,883820,884136,316
c_462,884136,884456,320
c_46246,884456,884776,320
c_46247,884776,885084,308
c_46279,885084,885404,320
c_46288,885404,885720,316
c_46291,885720,886039,319
c_46292,886039,886358,319
c_46312,886358,886675,317
c_46322,886675,886994,319
c_46337,886994,887315,321
c_46368,887315,887636,321
c_46374,887636,887957,321
c_4640,887957,888274,317
c_46409,888274,888595,321
c_46423,888595,888917,322
c_4643,888917,889237,320
c_46433,889237,889554,317
c_46445,889554,889870,316
c_46449,889870,890180,310
c_46464,890180,890500,320
c_46467,890500,890814,314
c_46471,890814,891131,317
c_46504,891131,891453,322
c_46513,891453,891774,321
c_46524,891774,892093,319
c_46533,892093,892412,319
c_46543,892412,892729,317
c_46546,892729,893038,309
c_46559,893038,893360,322
c_46581,893360,893682,322
c_46616,893682,894000,318
c_46676,894000,894320,320
c_46717,894320,894637,317
c_4672,894637,894958,321
c_46727,894958,895276,318
c_46735,895276,895596,320
c_4675,895596,895886,290
c_46755,895886,896191,305
c_46757,896191,896511,320
c_4676,896511,896832,321
c_46776,896832,897146,314
c_46797,897146,897467,321
c_46799,897467,897789,322
c_46810,897789,898105,316
c_46813,898105,898426,321
c_46827,898426,898743,317
c_4683,898743,899055,312
c_46831,899055,899374,319
c_46837,899374,899692,318
c_4684,899692,900013,321
c_46841,900013,900333,320
c_4686,900333,900651,318
c_46862,900651,900970,319
c_46887,900970,901290,320
c_46898,901290,901604,314
c_46941,901604,901923,319
c_46973,901923,902241,318
c_470,902241,902559,318
c_47007,902559,902876,317
c_4701,902876,903193,317
c_47015,903193,903510,317
c_47053,903510,903831,321
c_47065,903831,904150,319
c_47079,904150,904468,318
c_47081,904468,904788,320
c_47101,904788,905108,320
c_47103,905108,905420,312
c_47106,905420,905741,321
c_47128,905741,906062,321
c_47169,906062,906383,321
c_4719,906383,906692,309
c_47214,906692,907011,319
c_47218,907011,907323,312
c_4722,907323,907638,315
c_47254,907638,907959,321
c_4727,907959,908279,320
c_47271,908279,908600,321
c_47274,908600,908917,317
c_473,908917,909235,318
c_47308,909235,909554,319
c_47317,909554,909875,321
c_47319,909875,910187,312
c_47323,910187,910506,319
c_47329,910506,910826,320
c_47355,910826,911145,319
c_47356,911145,911465,320
c_47383,911465,911781,316
c_47393,911781,912093,312
c_47422,912093,912414,321
c_47427,912414,912735,321
c_47447,912735,913054,319
c_47460,913054,913375,321
c_47461,913375,913697,322
c_47467,913697,914017,320
c_47476,914017,914338,321
c_47486,914338,914656,318
c_47543,914656,914976,320
c_47562,914976,915294,318
c_47593,915294,915614,320
c_47595,915614,915932,318
c_47603,915932,916249,317
c_47618,916249,916568,319
c_47626,916568,916884,316
c_47628,916884,917203,319
c_47663,917203,917521,318
c_47667,917521,917842,321
c_47668,917842,918162,320
c_47672,918162,918483,321
c_47741,918483,918799,316
c_4775,918799,919117,318
c_47808,919117,919436,319
c_47810,919436,919757,321
c_47815,919757,920079,322
c_47920,920079,920399,320
c_47932,920399,920717,318
c_47949,920717,921038,321
c_4795,921038,921357,319
c_47960,921357,921675,318
c_47977,921675,921995,320
c_47980,921995,922305,310
c_47988,922305,922621,316
c_4800,922621,922941,320
c_48012,922941,923262,321
c_48014,923262,923579,317
c_48021,923579,923898,319
c_48079,923898,924214,316
c_48090,924214,924534,320
c_48097,924534,924855,321
c_48100,924855,925168,313
c_48108,925168,925488,320
c_48117,925488,925809,321
c_48128,925809,926127,318
c_48142,926127,926447,320
c_48155,926447,926763,316
c_48188,926763,927083,320
c_482,927083,927403,320
c_48207,927403,927721,318
c_48211,927721,928040,319
c_48213,928040,928350,310
c_48216,928350,928666,316
c_48217,928666,928984,318
c_48230,928984,929290,306
c_48236,929290,929610,320
c_48245,929610,929931,321
c_48274,929931,930249,318
c_48277,930249,930569,320
c_48279,930569,930891,322
c_48284,930891,931211,320
c_48291,931211,931528,317
c_4830,931528,931837,309
c_48300,931837,932156,319
c_48349,932156,932466,310
c_48352,932466,932788,322
c_48354,932788,933105,317
c_48385,933105,933422,317
c_4839,933422,933742,320
c_48396,933742,934056,314
c_48412,934056,934372,316
c_48416,934372,934684,312
c_48420,934684,934985,301
c_48433,934985,935305,320
c_48436,935305,935619,314
c_48449,935619,935934,315
c_4845,935934,936254,320
c_48461,936254,936575,321
c_48464,936575,936891,316
c_48479,936891,937205,314
c_48485,937205,937524,319
c_48487,937524,937845,321
c_48489,937845,938165,320
c_48490,938165,938486,321
c_48492,938486,938804,318
c_48493,938804,939121,317
c_48495,939121,939440,319
c_48523,939440,939758,318
c_48527,939758,940068,310
c_48540,940068,940383,315
c_48550,940383,940700,317
c_4856,940700,941021,321
c_48565,941021,941340,319
c_48579,941340,941659,319
c_4860,941659,941980,321
c_48612,941980,942296,316
c_48615,942296,942612,316
c_48621,942612,942924,312
c_48629,942924,943245,321
c_48642,943245,943555,310
c_48643,943555,943870,315
c_48673,943870,944191,321
c_48678,944191,944507,316
c_487,944507,944810,303
c_48716,944810,945125,315
c_48722,945125,945445,320
c_48731,945445,945766,321
c_48737,945766,946085,319
c_48754,946085,946404,319
c_48757,946404,946722,318
c_48794,946722,947043,321
c_48817,947043,947362,319
c_48819,947362,947680,318
c_48830,947680,947993,313
c_48845,947993,948313,320
c_48872,948313,948624,311
c_48924,948624,948944,320
c_48934,948944,949264,320
c_48972,949264,949516,252
c_48985,949516,949836,320
c_48990,949836,950156,320
c_49041,950156,950475,319
c_49042,950475,950784,309
c_49045,950784,951105,321
c_49060,951105,951425,320
c_49070,951425,951739,314
c_49084,951739,952061,322
c_49087,952061,952371,310
c_49112,952371,952691,320
c_49127,952691,953011,320
c_49151,953011,953331,320
c_49153,953331,953653,322
c_49159,953653,953974,321
c_49178,953974,954289,315
c_49181,954289,954607,318
c_49232,954607,954925,318
c_49248,954925,955246,321
c_49255,955246,955564,318
c_49260,955564,955879,315
c_49268,955879,956199,320
c_49271,956199,956515,316
c_49275,956515,956835,320
c_49288,956835,957153,318
c_49302,957153,957472,319
c_49328,957472,957774,302
c_49331,957774,958095,321
c_49344,958095,958414,319
c_49369,958414,958735,321
c_49393,958735,959052,317
c_49399,959052,959372,320
c_49405,959372,959691,319
c_49410,959691,960011,320
c_49423,960011,960330,319
c_49431,960330,960651,321
c_4944,960651,960972,321
c_49449,960972,961284,312
c_49452,961284,961606,322
c_49454,961606,961917,311
c_49455,961917,962217,300
c_49485,962217,962538,321
c_49499,962538,962849,311
c_49529,962849,963171,322
c_49550,963171,963491,320
c_4957,963491,963798,307
c_49571,963798,964113,315
c_49573,964113,964422,309
c_49589,964422,964742,320
c_49597,964742,965064,322
c_49598,965064,965385,321
c_496,965385,965701,316
c_49604,965701,966022,321
c_49607,966022,966343,321
c_4961,966343,966665,322
c_49620,966665,966985,320
c_49622,966985,967302,317
c_49625,967302,967618,316
c_49630,967618,967932,314
c_49638,967932,968249,317
c_49663,968249,968566,317
c_49673,968566,968885,319
c_49690,968885,969206,321
c_49698,969206,969519,313
c_49706,969519,969839,320
c_4971,969839,970154,315
c_4972,970154,970467,313
c_49769,970467,970785,318
c_49781,970785,970814,29
c_49820,970814,971133,319
c_49835,971133,971455,322
c_49838,971455,971774,319
c_49852,971774,972094,320
c_49860,972094,972415,321
c_49864,972415,972734,319
c_49881,972734,973053,319
c_49888,973053,973372,319
c_49913,973372,973688,316
c_4993,973688,974009,321
c_49952,974009,974327,318
c_49970,974327,974647,320
c_49978,974647,974967,320
c_49980,974967,975287,320
c_50021,975287,975607,320
c_50059,975607,975926,319
c_50072,975926,976247,321
c_50090,976247,976568,321
c_50100,976568,976886,318
c_50109,976886,977204,318
c_50135,977204,977518,314
c_5015,977518,977837,319
c_50162,977837,978146,309
c_50164,978146,978460,314
c_50165,978460,978775,315
c_50168,978775,979095,320
c_50194,979095,979406,311
c_50201,979406,979726,320
c_5021,979726,980047,321
c_50219,980047,980366,319
c_50242,980366,980686,320
c_5025,980686,981004,318
c_50250,981004,981324,320
c_50265,981324,981574,250
c_50283,981574,981877,303
c_50291,981877,982196,319
c_50309,982196,982518,322
c_50336,982518,982837,319
c_5035,982837,983158,321
c_50363,983158,983477,319
c_50367,983477,983793,316
c_50377,983793,984105,312
c_50388,984105,984426,321
c_504,984426,984745,319
c_5040,984745,985061,316
c_50417,985061,985373,312
c_50448,985373,985683,310
c_50464,985683,986003,320
c_50490,986003,986324,321
c_50492,986324,986638,314
c_505,986638,986956,318
c_5050,986956,987271,315
c_50518,987271,987592,321
c_50545,987592,987910,318
c_50551,987910,988231,321
c_50561,988231,988547,316
c_50572,988547,988865,318
c_50588,988865,989186,321
c_50595,989186,989504,318
c_50605,989504,989823,319
c_5063,989823,990139,316
c_50641,990139,990457,318
c_50667,990457,990778,321
c_50669,990778,991096,318
c_50697,991096,991410,314
c_50700,991410,991728,318
c_50706,991728,992043,315
c_50710,992043,992361,318
c_50720,992361,992681,320
c_50725,992681,992997,316
c_50740,992997,993317,320
c_50742,993317,993636,319
c_50745,993636,993953,317
c_50758,993953,994271,318
c_50765,994271,994592,321
c_50767,994592,994911,319
c_50791,994911,995228,317
c_50792,995228,995541,313
c_50805,995541,995862,321
c_50819,995862,996182,320
c_50820,996182,996501,319
c_50824,996501,996821,320
c_50837,996821,997141,320
c_50842,997141,997459,318
c_50845,997459,997777,318
c_50849,997777,998098,321
c_5085,998098,998419,321
c_50854,998419,998740,321
c_50857,998740,999052,312
c_50881,999052,999370,318
c_5089,999370,999688,318
c_509,999688,1000007,319
c_5090,1000007,1000327,320
c_50909,1000327,1000645,318
c_50918,1000645,1000966,321
c_50944,1000966,1001284,318
c_50946,1001284,1001602,318
c_50989,1001602,1001918,316
c_50990,1001918,1002238,320
c_51005,1002238,1002560,322
c_51009,1002560,1002879,319
c_51015,1002879,1003200,321
c_51045,1003200,1003521,321
c_51053,1003521,1003835,314
c_51061,1003835,1004156,321
c_51063,1004156,1004469,313
c_51068,1004469,1004790,321
c_51105,1004790,1005111,321
c_51135,1005111,1005432,321
c_51138,1005432,1005753,321
c_51149,1005753,1006073,320
c_51212,1006073,1006391,318
c_5122,1006391,1006701,310
c_51231,1006701,1007022,321
c_51248,1007022,1007329,307
c_51266,1007329,1007646,317
c_51275,1007646,1007966,320
c_51331,1007966,1008286,320
c_51342,1008286,1008607,321
c_51347,1008607,1008922,315
c_51357,1008922,1009229,307
c_51371,1009229,1009543,314
c_51375,1009543,1009862,319
c_51407,1009862,1010183,321
c_51434,1010183,1010503,320
c_51443,1010503,1010822,319
c_51465,1010822,1011142,320
c_51466,1011142,1011456,314
c_51469,1011456,1011684,228
c_51476,1011684,1011996,312
c_51478,1011996,1012318,322
c_51483,1012318,1012632,314
c_5150,1012632,1012949,317
c_51525,1012949,1013263,314
c_51533,1013263,1013584,321
c_51539,1013584,1013904,320
c_5157,1013904,1014223,319
c_51585,1014223,1014543,320
c_51590,1014543,1014864,321
c_51601,1014864,1015185,321
c_51628,1015185,1015504,319
c_51635,1015504,1015820,316
c_51655,1015820,1016140,320
c_51667,1016140,1016456,316
c_51668,1016456,1016772,316
c_51675,1016772,1017089,317
c_51699,1017089,1017410,321
c_51701,1017410,1017731,321
c_51724,1017731,1018050,319
c_51736,1018050,1018369,319
c_51739,1018369,1018691,322
c_51769,1018691,1019011,320
c_51775,1019011,1019332,321
c_51778,1019332,1019653,321
c_51783,1019653,1019963,310
c_51805,1019963,1020284,321
c_51826,1020284,1020605,321
c_51871,1020605,1020920,315
c_51895,1020920,1021236,316
c_51949,1021236,1021553,317
c_51950,1021553,1021873,320
c_52000,1021873,1022191,318
c_52007,1022191,1022508,317
c_52021,1022508,1022827,319
c_5204,1022827,1023145,318
c_52043,1023145,1023464,319
c_52050,1023464,1023781,317
c_52054,1023781,1024102,321
c_52076,1024102,1024418,316
c_52089,1024418,1024737,319
c_52127,1024737,1025058,321
c_52130,1025058,1025379,321
c_52139,1025379,1025698,319
c_52141,1025698,1026019,321
c_52156,1026019,1026335,316
c_52157,1026335,1026654,319
c_52171,1026654,1026976,322
c_52177,1026976,1027294,318
c_52182,1027294,1027615,321
c_52184,1027615,1027932,317
c_52201,1027932,1028245,313
c_52213,1028245,1028565,320
c_52252,1028565,1028882,317
c_52258,1028882,1029204,322
c_52281,1029204,1029523,319
c_52295,1029523,1029842,319
c_52306,1029842,1030162,320
c_52366,1030162,1030482,320
c_52375,1030482,1030803,321
c_52378,1030803,1031123,320
c_52398,1031123,1031444,321
c_52415,1031444,1031765,321
c_52425,1031765,1032083,318
c_52433,1032083,1032401,318
c_52438,1032401,1032723,322
c_52446,1032723,1033034,311
c_52473,1033034,1033353,319
c_52488,1033353,1033673,320
c_52518,1033673,1033993,320
c_52526,1033993,1034313,320
c_52536,1034313,1034627,314
c_52538,1034627,1034941,314
c_52541,1034941,1035262,321
c_52568,1035262,1035581,319
c_5259,1035581,1035898,317
c_52600,1035898,1036214,316
c_52602,1036214,1036531,317
c_52608,1036531,1036850,319
c_52637,1036850,1037161,311
c_52647,1037161,1037481,320
c_52652,1037481,1037798,317
c_5267,1037798,1038118,320
c_52672,1038118,1038438,320
c_52682,1038438,1038760,322
c_5269,1038760,1039077,317
c_52704,1039077,1039396,319
c_52707,1039396,1039717,321
c_52730,1039717,1040039,322
c_52740,1040039,1040360,321
c_52763,1040360,1040672,312
c_52764,1040672,1040987,315
c_52775,1040987,1041309,322
c_52780,1041309,1041629,320
c_52800,1041629,1041949,320
c_52812,1041949,1042270,321
c_52823,1042270,1042590,320
c_52831,1042590,1042910,320
c_52833,1042910,1043225,315
c_52834,1043225,1043544,319
c_52863,1043544,1043864,320
c_52871,1043864,1044182,318
c_52881,1044182,1044498,316
c_52889,1044498,1044814,316
c_52894,1044814,1045130,316
c_52895,1045130,1045452,322
c_52897,1045452,1045772,320
c_5290,1045772,1046093,321
c_52906,1046093,1046411,318
c_5292,1046411,1046731,320
c_52931,1046731,1047051,320
c_5295,1047051,1047367,316
c_52952,1047367,1047682,315
c_52972,1047682,1048002,320
c_52984,1048002,1048320,318
c_53005,1048320,1048633,313
c_53007,1048633,1048950,317
c_53010,1048950,1049253,303
c_53027,1049253,1049573,320
c_53031,1049573,1049894,321
c_53039,1049894,1050214,320
c_53042,1050214,1050532,318
c_53046,1050532,1050841,309
c_53067,1050841,1051160,319
c_53070,1051160,1051477,317
c_53076,1051477,1051793,316
c_53103,1051793,1052114,321
c_53114,1052114,1052425,311
c_53117,1052425,1052746,321
c_53122,1052746,1053062,316
c_53127,1053062,1053382,320
c_53135,1053382,1053703,321
c_53136,1053703,1054022,319
c_53229,1054022,1054339,317
c_53243,1054339,1054656,317
c_53250,1054656,1054974,318
c_53251,1054974,1055294,320
c_53255,1055294,1055612,318
c_53273,1055612,1055933,321
c_53279,1055933,1056253,320
c_53287,1056253,1056571,318
c_53307,1056571,1056890,319
c_53334,1056890,1057212,322
c_53356,1057212,1057533,321
c_53364,1057533,1057852,319
c_53368,1057852,1058174,322
c_5338,1058174,1058495,321
c_53393,1058495,1058815,320
c_53397,1058815,1059132,317
c_53398,1059132,1059451,319
c_53412,1059451,1059771,320
c_53414,1059771,1060092,321
c_53433,1060092,1060413,321
c_53442,1060413,1060732,319
c_53457,1060732,1061053,321
c_53463,1061053,1061371,318
c_53465,1061371,1061692,321
c_53468,1061692,1062012,320
c_5350,1062012,1062332,320
c_53505,1062332,1062652,320
c_53537,1062652,1062972,320
c_53569,1062972,1063292,320
c_5357,1063292,1063613,321
c_53589,1063613,1063934,321
c_53611,1063934,1064253,319
c_53623,1064253,1064574,321
c_53636,1064574,1064891,317
c_53644,1064891,1065207,316
c_53653,1065207,1065528,321
c_53671,1065528,1065848,320
c_53676,1065848,1066164,316
c_53690,1066164,1066485,321
c_53699,1066485,1066806,321
c_53705,1066806,1067127,321
c_53711,1067127,1067447,320
c_53733,1067447,1067766,319
c_53751,1067766,1068086,320
c_53752,1068086,1068402,316
c_53755,1068402,1068722,320
c_53798,1068722,1069043,321
c_538,1069043,1069365,322
c_53801,1069365,1069680,315
c_5381,1069680,1070001,321
c_53810,1070001,1070317,316
c_53821,1070317,1070631,314
c_53822,1070631,1070951,320
c_53823,1070951,1071270,319
c_53836,1071270,1071589,319
c_53837,1071589,1071904,315
c_53838,1071904,1072224,320
c_53846,1072224,1072542,318
c_53860,1072542,1072845,303
c_53868,1072845,1073164,319
c_53875,1073164,1073482,318
c_53881,1073482,1073799,317
c_53893,1073799,1074118,319
c_53935,1074118,1074439,321
c_53957,1074439,1074760,321
c_53964,1074760,1075081,321
c_53979,1075081,1075401,320
c_53984,1075401,1075721,320
c_53988,1075721,1076040,319
c_53989,1076040,1076358,318
c_54001,1076358,1076678,320
c_54002,1076678,1076995,317
c_54006,1076995,1077315,320
c_54007,1077315,1077629,314
c_54011,1077629,1077950,321
c_54014,1077950,1078269,319
c_54028,1078269,1078586,317
c_54031,1078586,1078903,317
c_54033,1078903,1079215,312
c_54047,1079215,1079532,317
c_54059,1079532,1079852,320
c_54065,1079852,1080173,321
c_54083,1080173,1080487,314
c_54089,1080487,1080809,322
c_54097,1080809,1081128,319
c_54104,1081128,1081448,320
c_54131,1081448,1081766,318
c_54143,1081766,1082081,315
c_54165,1082081,1082399,318
c_54174,1082399,1082720,321
c_54187,1082720,1083033,313
c_54188,1083033,1083354,321
c_54192,1083354,1083674,320
c_54214,1083674,1083995,321
c_54224,1083995,1084316,321
c_54247,1084316,1084636,320
c_54251,1084636,1084957,321
c_54253,1084957,1085277,320
c_54254,1085277,1085599,322
c_54266,1085599,1085920,321
c_54287,1085920,1086240,320
c_54296,1086240,1086557,317
c_54323,1086557,1086874,317
c_54340,1086874,1087195,321
c_5435,1087195,1087516,321
c_54354,1087516,1087834,318
c_5439,1087834,1088155,321
c_54394,1088155,1088466,311
c_5442,1088466,1088788,322
c_54473,1088788,1089104,316
c_54524,1089104,1089422,318
c_54535,1089422,1089732,310
c_54548,1089732,1090050,318
c_54570,1090050,1090367,317
c_5462,1090367,1090678,311
c_54636,1090678,1090997,319
c_54638,1090997,1091317,320
c_54660,1091317,1091636,319
c_54671,1091636,1091953,317
c_54674,1091953,1092273,320
c_54687,1092273,1092593,320
c_54699,1092593,1092914,321
c_54708,1092914,1093235,321
c_5473,1093235,1093550,315
c_54763,1093550,1093868,318
c_54800,1093868,1094184,316
c_54807,1094184,1094502,318
c_54826,1094502,1094823,321
c_54827,1094823,1095133,310
c_54854,1095133,1095451,318
c_54869,1095451,1095772,321
c_54910,1095772,1096092,320
c_54911,1096092,1096411,319
c_54915,1096411,1096731,320
c_54925,1096731,1097051,320
c_54965,1097051,1097368,317
c_54971,1097368,1097686,318
c_54973,1097686,1098006,320
c_55012,1098006,1098321,315
c_55019,1098321,1098633,312
c_55044,1098633,1098953,320
c_55047,1098953,1099269,316
c_55049,1099269,1099586,317
c_55056,1099586,1099906,320
c_55057,1099906,1100218,312
c_55069,1100218,1100537,319
c_55076,1100537,1100857,320
c_55080,1100857,1101173,316
c_55112,1101173,1101494,321
c_55120,1101494,1101816,322
c_55121,1101816,1102135,319
c_55137,1102135,1102456,321
c_55141,1102456,1102777,321
c_55146,1102777,1103097,320
c_55155,1103097,1103418,321
c_55158,1103418,1103740,322
c_55160,1103740,1104056,316
c_55193,1104056,1104374,318
c_55196,1104374,1104694,320
c_55208,1104694,1105015,321
c_55230,1105015,1105336,321
c_55254,1105336,1105655,319
c_55256,1105655,1105969,314
c_55267,1105969,1106288,319
c_55281,1106288,1106607,319
c_55288,1106607,1106927,320
c_55291,1106927,1107247,320
c_55306,1107247,1107568,321
c_55329,1107568,1107887,319
c_55347,1107887,1108208,321
c_55356,1108208,1108525,317
c_55359,1108525,1108845,320
c_5536,1108845,1109166,321
c_55363,1109166,1109480,314
c_55383,1109480,1109795,315
c_55485,1109795,1110117,322
c_5551,1110117,1110435,318
c_55516,1110435,1110755,320
c_55544,1110755,1111077,322
c_5555,1111077,1111397,320
c_55585,1111397,1111719,322
c_55587,1111719,1112034,315
c_55613,1112034,1112350,316
c_55616,1112350,1112671,321
c_55617,1112671,1112984,313
c_55645,1112984,1113305,321
c_55654,1113305,1113623,318
c_55662,1113623,1113942,319
c_55664,1113942,1114259,317
c_55724,1114259,1114579,320
c_55729,1114579,1114899,320
c_55743,1114899,1115211,312
c_55763,1115211,1115520,309
c_55768,1115520,1115841,321
c_55770,1115841,1116162,321
c_55801,1116162,1116482,320
c_55809,1116482,1116803,321
c_55820,1116803,1117123,320
c_55831,1117123,1117443,320
c_55850,1117443,1117765,322
c_55902,1117765,1118082,317
c_55913,1118082,1118404,322
c_55944,1118404,1118726,322
c_55955,1118726,1119048,322
c_55956,1119048,1119367,319
c_55978,1119367,1119687,320
c_55997,1119687,1120008,321
c_560,1120008,1120326,318
c_56013,1120326,1120647,321
c_56017,1120647,1120968,321
c_5602,1120968,1121287,319
c_56025,1121287,1121600,313
c_5603,1121600,1121921,321
c_56030,1121921,1122242,321
c_56032,1122242,1122558,316
c_56045,1122558,1122871,313
c_56089,1122871,1123192,321
c_56097,1123192,1123512,320
c_56121,1123512,1123834,322
c_56123,1123834,1124146,312
c_56133,1124146,1124466,320
c_56156,1124466,1124781,315
c_5616,1124781,1125088,307
c_5618,1125088,1125407,319
c_56193,1125407,1125727,320
c_56198,1125727,1126046,319
c_56202,1126046,1126366,320
c_56203,1126366,1126684,318
c_56221,1126684,1126999,315
c_56227,1126999,1127310,311
c_56236,1127310,1127627,317
c_56251,1127627,1127945,318
c_56263,1127945,1128266,321
c_56266,1128266,1128585,319
c_56281,1128585,1128906,321
c_56299,1128906,1129220,314
c_56302,1129220,1129540,320
c_5631,1129540,1129572,32
c_5632,1129572,1129893,321
c_56322,1129893,1130214,321
c_56324,1130214,1130535,321
c_56330,1130535,1130843,308
c_56331,1130843,1131160,317
c_56368,1131160,1131474,314
c_56371,1131474,1131795,321
c_56381,1131795,1132114,319
c_5641,1132114,1132436,322
c_56442,1132436,1132754,318
c_56452,1132754,1133072,318
c_56454,1133072,1133384,312
c_56455,1133384,1133544,160
c_56465,1133544,1133850,306
c_56471,1133850,1134170,320
c_56485,1134170,1134490,320
c_56504,1134490,1134812,322
c_56506,1134812,1135130,318
c_56514,1135130,1135452,322
c_56535,1135452,1135770,318
c_56539,1135770,1136087,317
c_56541,1136087,1136408,321
c_56542,1136408,1136727,319
c_56570,1136727,1137048,321
c_56571,1137048,1137369,321
c_56580,1137369,1137685,316
c_56583,1137685,1137999,314
c_566,1137999,1138306,307
c_56607,1138306,1138626,320
c_56624,1138626,1138888,262
c_56632,1138888,1139208,320
c_56634,1139208,1139530,322
c_56635,1139530,1139851,321
c_56637,1139851,1140168,317
c_56652,1140168,1140482,314
c_56663,1140482,1140802,320
c_56673,1140802,1141122,320
c_56702,1141122,1141440,318
c_56707,1141440,1141751,311
c_56710,1141751,1142071,320
c_56758,1142071,1142391,320
c_56761,1142391,1142709,318
c_56770,1142709,1143027,318
c_56782,1143027,1143344,317
c_56813,1143344,1143665,321
c_56814,1143665,1143982,317
c_56816,1143982,1144300,318
c_5682,1144300,1144612,312
c_56826,1144612,1144923,311
c_56843,1144923,1145241,318
c_56846,1145241,1145563,322
c_56850,1145563,1145882,319
c_56857,1145882,1146199,317
c_56880,1146199,1146501,302
c_56895,1146501,1146818,317
c_56922,1146818,1147138,320
c_56926,1147138,1147458,320
c_56932,1147458,1147779,321
c_56943,1147779,1148093,314
c_56946,1148093,1148411,318
c_56957,1148411,1148730,319
c_56977,1148730,1149047,317
c_56998,1149047,1149368,321
c_57004,1149368,1149688,320
c_57006,1149688,1150009,321
c_57019,1150009,1150328,319
c_57053,1150328,1150646,318
c_57068,1150646,1150964,318
c_57069,1150964,1151284,320
c_57075,1151284,1151598,314
c_57078,1151598,1151919,321
c_57083,1151919,1152236,317
c_57087,1152236,1152558,322
c_57094,1152558,1152865,307
c_57124,1152865,1153185,320
c_57127,1153185,1153504,319
c_57131,1153504,1153824,320
c_5715,1153824,1154143,319
c_57165,1154143,1154460,317
c_57178,1154460,1154779,319
c_57184,1154779,1155099,320
c_572,1155099,1155419,320
c_57280,1155419,1155737,318
c_57317,1155737,1156058,321
c_57321,1156058,1156378,320
c_57347,1156378,1156691,313
c_57351,1156691,1157012,321
c_57353,1157012,1157331,319
c_5736,1157331,1157652,321
c_57377,1157652,1157969,317
c_57387,1157969,1158291,322
c_57394,1158291,1158612,321
c_5741,1158612,1158929,317
c_57424,1158929,1159250,321
c_57428,1159250,1159570,320
c_57429,1159570,1159886,316
c_57433,1159886,1160205,319
c_57441,1160205,1160521,316
c_57446,1160521,1160836,315
c_57460,1160836,1161144,308
c_57486,1161144,1161462,318
c_57492,1161462,1161784,322
c_57518,1161784,1162104,320
c_57567,1162104,1162425,321
c_57607,1162425,1162743,318
c_57655,1162743,1163064,321
c_57685,1163064,1163384,320
c_57687,1163384,1163703,319
c_5770,1163703,1164024,321
c_5771,1164024,1164343,319
c_5773,1164343,1164661,318
c_57730,1164661,1164977,316
c_57742,1164977,1165297,320
c_57760,1165297,1165611,314
c_57766,1165611,1165919,308
c_57772,1165919,1166234,315
c_57774,1166234,1166555,321
c_57776,1166555,1166876,321
c_57777,1166876,1167196,320
c_57778,1167196,1167514,318
c_57807,1167514,1167832,318
c_57812,1167832,1168152,320
c_57834,1168152,1168467,315
c_57844,1168467,1168787,320
c_57852,1168787,1169108,321
c_57875,1169108,1169429,321
c_57898,1169429,1169747,318
c_57908,1169747,1170065,318
c_57924,1170065,1170383,318
c_57935,1170383,1170703,320
c_57943,1170703,1171025,322
c_57951,1171025,1171346,321
c_57953,1171346,1171664,318
c_57954,1171664,1171979,315
c_57965,1171979,1172299,320
c_57980,1172299,1172619,320
c_57992,1172619,1172928,309
c_58004,1172928,1173249,321
c_58068,1173249,1173567,318
c_58070,1173567,1173888,321
c_58076,1173888,1174210,322
c_58088,1174210,1174530,320
c_58094,1174530,1174843,313
c_58108,1174843,1175164,321
c_58145,1175164,1175485,321
c_58153,1175485,1175806,321
c_58157,1175806,1176128,322
c_58160,1176128,1176448,320
c_58173,1176448,1176766,318
c_58182,1176766,1177078,312
c_58191,1177078,1177396,318
c_58221,1177396,1177714,318
c_58242,1177714,1178030,316
c_58246,1178030,1178345,315
c_58264,1178345,1178666,321
c_58295,1178666,1178983,317
c_583,1178983,1179302,319
c_58312,1179302,1179623,321
c_58323,1179623,1179941,318
c_58339,1179941,1180261,320
c_58348,1180261,1180582,321
c_58362,1180582,1180901,319
c_58367,1180901,1181219,318
c_58378,1181219,1181536,317
c_58380,1181536,1181854,318
c_58392,1181854,1182175,321
c_58405,1182175,1182493,318
c_58431,1182493,1182814,321
c_58476,1182814,1183130,316
c_58507,1183130,1183451,321
c_58546,1183451,1183767,316
c_58564,1183767,1184088,321
c_58580,1184088,1184408,320
c_58590,1184408,1184729,321
c_58603,1184729,1185049,320
c_58616,1185049,1185368,319
c_5863,1185368,1185679,311
c_58646,1185679,1186000,321
c_58714,1186000,1186322,322
c_58721,1186322,1186640,318
c_5875,1186640,1186961,321
c_58779,1186961,1187282,321
c_58792,1187282,1187603,321
c_58829,1187603,1187910,307
c_58830,1187910,1188228,318
c_58854,1188228,1188547,319
c_58875,1188547,1188864,317
c_58876,1188864,1189183,319
c_58878,1189183,1189501,318
c_58884,1189501,1189819,318
c_58935,1189819,1190141,322
c_5895,1190141,1190461,320
c_58951,1190461,1190781,320
c_58986,1190781,1191098,317
c_58992,1191098,1191413,315
c_59008,1191413,1191732,319
c_59010,1191732,1192053,321
c_59017,1192053,1192370,317
c_59018,1192370,1192687,317
c_59019,1192687,1193006,319
c_59049,1193006,1193325,319
c_59061,1193325,1193642,317
c_59068,1193642,1193963,321
c_59081,1193963,1194273,310
c_59108,1194273,1194590,317
c_5916,1194590,1194910,320
c_59191,1194910,1195225,315
c_59207,1195225,1195546,321
c_59210,1195546,1195865,319
c_59239,1195865,1196185,320
c_5924,1196185,1196506,321
c_59272,1196506,1196827,321
c_59284,1196827,1197147,320
c_59298,1197147,1197468,321
c_59305,1197468,1197781,313
c_59307,1197781,1198100,319
c_59370,1198100,1198420,320
c_59373,1198420,1198738,318
c_59390,1198738,1199057,319
c_59418,1199057,1199373,316
c_59435,1199373,1199691,318
c_5945,1199691,1200010,319
c_59469,1200010,1200329,319
c_59487,1200329,1200649,320
c_5949,1200649,1200959,310
c_59508,1200959,1201277,318
c_59523,1201277,1201598,321
c_59533,1201598,1201916,318
c_59566,1201916,1202228,312
c_59581,1202228,1202545,317
c_59598,1202545,1202864,319
c_5961,1202864,1203180,316
c_59629,1203180,1203326,146
c_59676,1203326,1203643,317
c_59711,1203643,1203956,313
c_59721,1203956,1204275,319
c_59742,1204275,1204593,318
c_59746,1204593,1204912,319
c_5977,1204912,1205231,319
c_59771,1205231,1205548,317
c_59777,1205548,1205864,316
c_5981,1205864,1206182,318
c_59814,1206182,1206503,321
c_59825,1206503,1206823,320
c_59829,1206823,1207145,322
c_59830,1207145,1207465,320
c_59855,1207465,1207786,321
c_59905,1207786,1208107,321
c_59918,1208107,1208428,321
c_59936,1208428,1208745,317
c_5995,1208745,1209066,321
c_59960,1209066,1209375,309
c_59961,1209375,1209693,318
c_5998,1209693,1210015,322
c_59980,1210015,1210333,318
c_59998,1210333,1210640,307
c_6,1210640,1210962,322
c_60002,1210962,1211278,316
c_60017,1211278,1211600,322
c_60032,1211600,1211911,311
c_6004,1211911,1212232,321
c_60060,1212232,1212553,321
c_60091,1212553,1212871,318
c_60117,1212871,1213190,319
c_60119,1213190,1213507,317
c_60123,1213507,1213826,319
c_60127,1213826,1214144,318
c_60131,1214144,1214461,317
c_60139,1214461,1214779,318
c_60148,1214779,1215095,316
c_60169,1215095,1215413,318
c_60186,1215413,1215732,319
c_60196,1215732,1216051,319
c_60199,1216051,1216370,319
c_60200,1216370,1216691,321
c_60208,1216691,1217012,321
c_60211,1217012,1217333,321
c_60219,1217333,1217647,314
c_60236,1217647,1217967,320
c_60238,1217967,1218289,322
c_60244,1218289,1218607,318
c_60266,1218607,1218927,320
c_60275,1218927,1219246,319
c_60306,1219246,1219562,316
c_60318,1219562,1219880,318
c_60326,1219880,1220196,316
c_60333,1220196,1220516,320
c_60356,1220516,1220833,317
c_60367,1220833,1221154,321
c_60396,1221154,1221474,320
c_60399,1221474,1221795,321
c_60419,1221795,1222113,318
c_60436,1222113,1222434,321
c_60442,1222434,1222752,318
c_60462,1222752,1223070,318
c_60474,1223070,1223391,321
c_60485,1223391,1223702,311
c_60520,1223702,1224022,320
c_60521,1224022,1224342,320
c_60529,1224342,1224660,318
c_60532,1224660,1224977,317
c_60537,1224977,1225285,308
c_60548,1225285,1225596,311
c_60558,1225596,1225915,319
c_60585,1225915,1226235,320
c_60587,1226235,1226552,317
c_60595,1226552,1226869,317
c_60596,1226869,1227187,318
c_60606,1227187,1227505,318
c_60637,1227505,1227825,320
c_60640,1227825,1228145,320
c_60642,1228145,1228457,312
c_60650,1228457,1228776,319
c_60695,1228776,1229090,314
c_60698,1229090,1229411,321
c_60718,1229411,1229728,317
c_60724,1229728,1230049,321
c_60728,1230049,1230367,318
c_60737,1230367,1230686,319
c_60755,1230686,1231005,319
c_6076,1231005,1231327,322
c_60767,1231327,1231647,320
c_6078,1231647,1231962,315
c_6083,1231962,1232280,318
c_60847,1232280,1232600,320
c_60855,1232600,1232918,318
c_6093,1232918,1233238,320
c_60936,1233238,1233557,319
c_60937,1233557,1233874,317
c_60940,1233874,1234195,321
c_60942,1234195,1234510,315
c_60950,1234510,1234831,321
c_6099,1234831,1235147,316
c_61005,1235147,1235468,321
c_61007,1235468,1235785,317
c_61035,1235785,1236106,321
c_61037,1236106,1236411,305
c_61052,1236411,1236729,318
c_61061,1236729,1237047,318
c_61084,1237047,1237365,318
c_61096,1237365,1237686,321
c_61100,1237686,1238007,321
c_61104,1238007,1238328,321
c_61112,1238328,1238642,314
c_61118,1238642,1238953,311
c_61126,1238953,1239274,321
c_61136,1239274,1239593,319
c_6116,1239593,1239913,320
c_61178,1239913,1240223,310
c_6118,1240223,1240545,322
c_61200,1240545,1240865,320
c_61205,1240865,1241186,321
c_61227,1241186,1241507,321
c_61266,1241507,1241827,320
c_6130,1241827,1242145,318
c_6131,1242145,1242460,315
c_61325,1242460,1242782,322
c_61357,1242782,1243101,319
c_61382,1243101,1243419,318
c_61400,1243419,1243739,320
c_61405,1243739,1244060,321
c_61411,1244060,1244380,320
c_61425,1244380,1244700,320
c_61472,1244700,1245017,317
c_6148,1245017,1245237,220
c_61502,1245237,1245558,321
c_61511,1245558,1245879,321
c_61518,1245879,1246198,319
c_61534,1246198,1246518,320
c_61536,1246518,1246823,305
c_61544,1246823,1247140,317
c_6160,1247140,1247456,316
c_6161,1247456,1247777,321
c_61651,1247777,1248095,318
c_6167,1248095,1248414,319
c_61688,1248414,1248733,319
c_61709,1248733,1249054,321
c_61736,1249054,1249373,319
c_61739,1249373,1249691,318
c_61741,1249691,1250012,321
c_61802,1250012,1250331,319
c_61805,1250331,1250646,315
c_61820,1250646,1250968,322
c_61830,1250968,1251287,319
c_61837,1251287,1251605,318
c_61846,1251605,1251924,319
c_61875,1251924,1252239,315
c_61884,1252239,1252559,320
c_61892,1252559,1252876,317
c_61903,1252876,1253197,321
c_61920,1253197,1253514,317
c_61931,1253514,1253833,319
c_61962,1253833,1254144,311
c_6197,1254144,1254462,318
c_61980,1254462,1254783,321
c_61981,1254783,1255105,322
c_62012,1255105,1255424,319
c_62025,1255424,1255743,319
c_62029,1255743,1256064,321
c_6203,1256064,1256384,320
c_62033,1256384,1256700,316
c_62040,1256700,1257022,322
c_62044,1257022,1257339,317
c_62071,1257339,1257653,314
c_6208,1257653,1257971,318
c_62090,1257971,1258291,320
c_62121,1258291,1258612,321
c_62123,1258612,1258931,319
c_62130,1258931,1259240,309
c_62137,1259240,1259557,317
c_62155,1259557,1259877,320
c_62178,1259877,1260198,321
c_62187,1260198,1260519,321
c_62193,1260519,1260839,320
c_62195,1260839,1261158,319
c_62196,1261158,1261479,321
c_62214,1261479,1261789,310
c_62236,1261789,1262110,321
c_62238,1262110,1262426,316
c_62264,1262426,1262744,318
c_62272,1262744,1263060,316
c_62280,1263060,1263380,320
c_62284,1263380,1263701,321
c_6229,1263701,1264023,322
c_62325,1264023,1264343,320
c_62343,1264343,1264663,320
c_62352,1264663,1264981,318
c_62360,1264981,1265301,320
c_62365,1265301,1265623,322
c_62371,1265623,1265941,318
c_62393,1265941,1266260,319
c_62402,1266260,1266578,318
c_62414,1266578,1266899,321
c_62423,1266899,1267219,320
c_62428,1267219,1267539,320
c_62430,1267539,1267854,315
c_62484,1267854,1268173,319
c_62504,1268173,1268479,306
c_62539,1268479,1268799,320
c_62549,1268799,1269115,316
c_62555,1269115,1269433,318
c_62578,1269433,1269747,314
c_62579,1269747,1270063,316
c_62581,1270063,1270380,317
c_62597,1270380,1270695,315
c_62615,1270695,1271015,320
c_62616,1271015,1271331,316
c_62642,1271331,1271651,320
c_62665,1271651,1271963,312
c_62667,1271963,1272283,320
c_6267,1272283,1272605,322
c_62672,1272605,1272926,321
c_62685,1272926,1273242,316
c_62687,1273242,1273561,319
c_62710,1273561,1273877,316
c_62736,1273877,1274190,313
c_62763,1274190,1274509,319
c_62765,1274509,1274831,322
c_6277,1274831,1275150,319
c_6278,1275150,1275470,320
c_6282,1275470,1275784,314
c_62823,1275784,1276095,311
c_62852,1276095,1276411,316
c_62888,1276411,1276730,319
c_62894,1276730,1277052,322
c_62931,1277052,1277364,312
c_62937,1277364,1277678,314
c_62946,1277678,1277999,321
c_62980,1277999,1278310,311
c_62985,1278310,1278632,322
c_63,1278632,1278950,318
c_6300,1278950,1279268,318
c_63039,1279268,1279586,318
c_63041,1279586,1279907,321
c_63066,1279907,1280227,320
c_63073,1280227,1280548,321
c_63104,1280548,1280869,321
c_63106,1280869,1281190,321
c_63112,1281190,1281510,320
c_63115,1281510,1281832,322
c_63134,1281832,1282146,314
c_6316,1282146,1282464,318
c_63184,1282464,1282785,321
c_6322,1282785,1283104,319
c_63263,1283104,1283422,318
c_63281,1283422,1283742,320
c_63316,1283742,1284059,317
c_63317,1284059,1284091,32
c_63318,1284091,1284408,317
c_6333,1284408,1284728,320
c_63331,1284728,1285049,321
c_63341,1285049,1285368,319
c_63342,1285368,1285688,320
c_63348,1285688,1286009,321
c_6337,1286009,1286330,321
c_63386,1286330,1286647,317
c_63388,1286647,1286953,306
c_63390,1286953,1287264,311
c_63392,1287264,1287585,321
c_63423,1287585,1287905,320
c_6346,1287905,1288221,316
c_63464,1288221,1288543,322
c_63467,1288543,1288861,318
c_63500,1288861,1289174,313
c_63505,1289174,1289495,321
c_6353,1289495,1289802,307
c_63535,1289802,1290120,318
c_63542,1290120,1290434,314
c_63558,1290434,1290744,310
c_63578,1290744,1291057,313
c_63579,1291057,1291376,319
c_63602,1291376,1291694,318
c_63607,1291694,1292013,319
c_63634,1292013,1292332,319
c_63638,1292332,1292648,316
c_63644,1292648,1292968,320
c_63645,1292968,1293288,320
c_63679,1293288,1293607,319
c_63687,1293607,1293926,319
c_63726,1293926,1294246,320
c_63780,1294246,1294566,320
c_63781,1294566,1294884,318
c_63791,1294884,1295205,321
c_63811,1295205,1295526,321
c_63841,1295526,1295847,321
c_63847,1295847,1296128,281
c_63863,1296128,1296449,321
c_63867,1296449,1296766,317
c_6388,1296766,1297084,318
c_63880,1297084,1297404,320
c_63881,1297404,1297725,321
c_639,1297725,1298043,318
c_63912,1298043,1298362,319
c_63969,1298362,1298682,320
c_6397,1298682,1298996,314
c_63980,1298996,1299317,321
c_6401,1299317,1299635,318
c_64015,1299635,1299951,316
c_64030,1299951,1300271,320
c_64042,1300271,1300589,318
c_64051,1300589,1300910,321
c_64057,1300910,1301231,321
c_64078,1301231,1301546,315
c_64085,1301546,1301864,318
c_64126,1301864,1302184,320
c_64132,1302184,1302505,321
c_64135,1302505,1302826,321
c_64145,1302826,1303143,317
c_64162,1303143,1303460,317
c_64187,1303460,1303782,322
c_64193,1303782,1304104,322
c_64201,1304104,1304410,306
c_64215,1304410,1304730,320
c_64276,1304730,1305048,318
c_64287,1305048,1305310,262
c_6430,1305310,1305629,319
c_6431,1305629,1305950,321
c_64315,1305950,1306265,315
c_64320,1306265,1306586,321
c_64327,1306586,1306907,321
c_64351,1306907,1307227,320
c_64386,1307227,1307542,315
c_64387,1307542,1307855,313
c_64404,1307855,1308175,320
c_64409,1308175,1308490,315
c_64441,1308490,1308804,314
c_64443,1308804,1309125,321
c_64454,1309125,1309445,320
c_64475,1309445,1309760,315
c_64493,1309760,1310080,320
c_64508,1310080,1310400,320
c_64509,1310400,1310721,321
c_64536,1310721,1311040,319
c_64543,1311040,1311358,318
c_64544,1311358,1311678,320
c_64547,1311678,1311998,320
c_64556,1311998,1312318,320
c_64561,1312318,1312635,317
c_64563,1312635,1312946,311
c_64570,1312946,1313264,318
c_64596,1313264,1313579,315
c_64598,1313579,1313887,308
c_64613,1313887,1314203,316
c_64618,1314203,1314524,321
c_6463,1314524,1314844,320
c_64635,1314844,1315160,316
c_64643,1315160,1315479,319
c_64648,1315479,1315797,318
c_64665,1315797,1316113,316
c_64680,1316113,1316430,317
c_64683,1316430,1316752,322
c_64693,1316752,1317068,316
c_64717,1317068,1317389,321
c_6474,1317389,1317708,319
c_64764,1317708,1318026,318
c_64773,1318026,1318347,321
c_64831,1318347,1318668,321
c_64866,1318668,1318982,314
c_64898,1318982,1319304,322
c_64899,1319304,1319623,319
c_649,1319623,1319944,321
c_6490,1319944,1320265,321
c_64900,1320265,1320582,317
c_64916,1320582,1320903,321
c_64918,1320903,1321223,320
c_64929,1321223,1321544,321
c_64940,1321544,1321864,320
c_64946,1321864,1322181,317
c_6495,1322181,1322501,320
c_64975,1322501,1322815,314
c_64982,1322815,1323134,319
c_64984,1323134,1323447,313
c_65018,1323447,1323765,318
c_65022,1323765,1324084,319
c_65074,1324084,1324404,320
c_65075,1324404,1324724,320
c_65083,1324724,1325045,321
c_65135,1325045,1325364,319
c_65234,1325364,1325685,321
c_65244,1325685,1326002,317
c_65259,1326002,1326322,320
c_65287,1326322,1326643,321
c_65298,1326643,1326963,320
c_65311,1326963,1327282,319
c_65347,1327282,1327602,320
c_65384,1327602,1327923,321
c_65388,1327923,1328239,316
c_65403,1328239,1328559,320
c_65410,1328559,1328878,319
c_65415,1328878,1329199,321
c_65438,1329199,1329521,322
c_65466,1329521,1329836,315
c_65473,1329836,1330157,321
c_65475,1330157,1330475,318
c_65487,1330475,1330796,321
c_65494,1330796,1331095,299
c_65506,1331095,1331417,322
c_65525,1331417,1331738,321
c_65536,1331738,1332057,319
c_65542,1332057,1332378,321
c_65544,1332378,1332698,320
c_65548,1332698,1333019,321
c_65567,1333019,1333327,308
c_65569,1333327,1333647,320
c_65592,1333647,1333966,319
c_65606,1333966,1334287,321
c_65626,1334287,1334558,271
c_65635,1334558,1334875,317
c_65639,1334875,1335195,320
c_65641,1335195,1335513,318
c_65643,1335513,1335834,321
c_65648,1335834,1336156,322
c_65653,1336156,1336473,317
c_65656,1336473,1336794,321
c_65663,1336794,1337114,320
c_65671,1337114,1337433,319
c_65678,1337433,1337749,316
c_6568,1337749,1338070,321
c_65689,1338070,1338390,320
c_657,1338390,1338707,317
c_65703,1338707,1339026,319
c_65727,1339026,1339347,321
c_65732,1339347,1339665,318
c_65750,1339665,1339985,320
c_65755,1339985,1340302,317
c_65757,1340302,1340613,311
c_6576,1340613,1340932,319
c_65824,1340932,1341252,320
c_65856,1341252,1341573,321
c_65859,1341573,1341893,320
c_65892,1341893,1342208,315
c_65904,1342208,1342526,318
c_65906,1342526,1342847,321
c_65911,1342847,1343167,320
c_65913,1343167,1343479,312
c_65916,1343479,1343798,319
c_65921,1343798,1344119,321
c_65930,1344119,1344436,317
c_65931,1344436,1344756,320
c_65935,1344756,1345070,314
c_65936,1345070,1345391,321
c_65948,1345391,1345709,318
c_65949,1345709,1346026,317
c_65964,1346026,1346344,318
c_6597,1346344,1346664,320
c_65987,1346664,1346985,321
c_65990,1346985,1347305,320
c_65992,1347305,1347614,309
c_66006,1347614,1347934,320
c_6601,1347934,1348248,314
c_6602,1348248,1348569,321
c_66023,1348569,1348883,314
c_66037,1348883,1349202,319
c_66048,1349202,1349523,321
c_66049,1349523,1349843,320
c_66058,1349843,1350164,321
c_6607,1350164,1350485,321
c_66134,1350485,1350805,320
c_66147,1350805,1351124,319
c_66152,1351124,1351444,320
c_66166,1351444,1351765,321
c_66178,1351765,1352086,321
c_66193,1352086,1352406,320
c_662,1352406,1352726,320
c_66204,1352726,1353039,313
c_66232,1353039,1353360,321
c_6627,1353360,1353680,320
c_66274,1353680,1353999,319
c_66279,1353999,1354320,321
c_66288,1354320,1354639,319
c_66306,1354639,1354959,320
c_66328,1354959,1355279,320
c_66334,1355279,1355596,317
c_66339,1355596,1355906,310
c_66345,1355906,1356227,321
c_66366,1356227,1356544,317
c_6637,1356544,1356863,319
c_66372,1356863,1357180,317
c_66380,1357180,1357487,307
c_66391,1357487,1357806,319
c_66394,1357806,1358125,319
c_66409,1358125,1358446,321
c_66415,1358446,1358766,320
c_66416,1358766,1359087,321
c_66418,1359087,1359402,315
c_66421,1359402,1359720,318
c_66426,1359720,1360037,317
c_66476,1360037,1360357,320
c_66495,1360357,1360677,320
c_66509,1360677,1360988,311
c_66519,1360988,1361307,319
c_6652,1361307,1361628,321
c_66522,1361628,1361948,320
c_66525,1361948,1362268,320
c_6653,1362268,1362583,315
c_66534,1362583,1362899,316
c_66537,1362899,1363220,321
c_6655,1363220,1363541,321
c_66571,1363541,1363858,317
c_66585,1363858,1364179,321
c_66589,1364179,1364500,321
c_66638,1364500,1364819,319
c_66643,1364819,1365136,317
c_66646,1365136,1365454,318
c_66648,1365454,1365775,321
c_6665,1365775,1366095,320
c_6667,1366095,1366414,319
c_66690,1366414,1366735,321
c_66695,1366735,1367055,320
c_66703,1367055,1367373,318
c_66706,1367373,1367693,320
c_6673,1367693,1368009,316
c_66738,1368009,1368327,318
c_66788,1368327,1368648,321
c_66796,1368648,1368968,320
c_66807,1368968,1369285,317
c_66813,1369285,1369604,319
c_66826,1369604,1369923,319
c_66861,1369923,1370242,319
c_66875,1370242,1370560,318
c_66893,1370560,1370877,317
c_66910,1370877,1371196,319
c_66919,1371196,1371515,319
c_66920,1371515,1371835,320
c_66922,1371835,1372155,320
c_66931,1372155,1372473,318
c_66934,1372473,1372789,316
c_66935,1372789,1373107,318
c_66942,1373107,1373426,319
c_66944,1373426,1373746,320
c_66951,1373746,1374068,322
c_66966,1374068,1374389,321
c_6697,1374389,1374710,321
c_66976,1374710,1375029,319
c_67015,1375029,1375350,321
c_67053,1375350,1375667,317
c_67063,1375667,1375987,320
c_67082,1375987,1376308,321
c_67095,1376308,1376629,321
c_67130,1376629,1376948,319
c_67133,1376948,1377269,321
c_67139,1377269,1377588,319
c_67142,1377588,1377908,320
c_67179,1377908,1378228,320
c_67208,1378228,1378540,312
c_6721,1378540,1378859,319
c_67226,1378859,1379179,320
c_67234,1379179,1379495,316
c_67235,1379495,1379815,320
c_67238,1379815,1380137,322
c_67248,1380137,1380458,321
c_67254,1380458,1380772,314
c_67261,1380772,1381093,321
c_67262,1381093,1381412,319
c_67271,1381412,1381733,321
c_67272,1381733,1382048,315
c_67282,1382048,1382364,316
c_67284,1382364,1382681,317
c_67294,1382681,1383002,321
c_67300,1383002,1383318,316
c_6732,1383318,1383637,319
c_67346,1383637,1383958,321
c_67347,1383958,1384270,312
c_67358,1384270,1384585,315
c_67365,1384585,1384900,315
c_67372,1384900,1385202,302
c_67383,1385202,1385517,315
c_67399,1385517,1385838,321
c_67427,1385838,1386157,319
c_67449,1386157,1386478,321
c_67454,1386478,1386800,322
c_67456,1386800,1387115,315
c_67464,1387115,1387436,321
c_67470,1387436,1387757,321
c_67474,1387757,1388064,307
c_67486,1388064,1388383,319
c_67513,1388383,1388411,28
c_67515,1388411,1388732,321
c_67586,1388732,1389048,316
c_67602,1389048,1389367,319
c_67614,1389367,1389686,319
c_67632,1389686,1390006,320
c_67633,1390006,1390322,316
c_67665,1390322,1390643,321
c_67666,1390643,1390960,317
c_67670,1390960,1391282,322
c_67682,1391282,1391602,320
c_67685,1391602,1391919,317
c_67689,1391919,1392240,321
c_67697,1392240,1392556,316
c_67700,1392556,1392877,321
c_67702,1392877,1393195,318
c_67704,1393195,1393515,320
c_67716,1393515,1393831,316
c_6772,1393831,1394151,320
c_67730,1394151,1394471,320
c_67738,1394471,1394783,312
c_67743,1394783,1395100,317
c_67747,1395100,1395421,321
c_67750,1395421,1395741,320
c_67757,1395741,1396060,319
c_67766,1396060,1396376,316
c_67774,1396376,1396693,317
c_67783,1396693,1397014,321
c_67785,1397014,1397335,321
c_67810,1397335,1397655,320
c_67836,1397655,1397973,318
c_67855,1397973,1398294,321
c_67856,1398294,1398599,305
c_67862,1398599,1398919,320
c_67869,1398919,1399236,317
c_67877,1399236,1399555,319
c_67888,1399555,1399875,320
c_67890,1399875,1400188,313
c_67891,1400188,1400508,320
c_67893,1400508,1400824,316
c_67900,1400824,1401144,320
c_67907,1401144,1401454,310
c_67919,1401454,1401774,320
c_6792,1401774,1402090,316
c_67925,1402090,1402396,306
c_67956,1402396,1402710,314
c_67988,1402710,1403030,320
c_680,1403030,1403351,321
c_68004,1403351,1403672,321
c_68014,1403672,1403992,320
c_68017,1403992,1404313,321
c_68042,1404313,1404634,321
c_68052,1404634,1404956,322
c_68057,1404956,1405278,322
c_68078,1405278,1405598,320
c_68092,1405598,1405910,312
c_68104,1405910,1406224,314
c_68111,1406224,1406543,319
c_68130,1406543,1406863,320
c_68151,1406863,1407184,321
c_68161,1407184,1407503,319
c_68165,1407503,1407823,320
c_6817,1407823,1408141,318
c_68203,1408141,1408463,322
c_6821,1408463,1408784,321
c_68210,1408784,1409087,303
c_68235,1409087,1409408,321
c_68263,1409408,1409728,320
c_6828,1409728,1410044,316
c_68285,1410044,1410363,319
c_683,1410363,1410679,316
c_68364,1410679,1411000,321
c_6837,1411000,1411320,320
c_68370,1411320,1411640,320
c_68416,1411640,1411956,316
c_6842,1411956,1412274,318
c_68506,1412274,1412593,319
c_68515,1412593,1412909,316
c_68519,1412909,1413229,320
c_68534,1413229,1413545,316
c_68537,1413545,1413863,318
c_68555,1413863,1414183,320
c_68556,1414183,1414504,321
c_68576,1414504,1414824,320
c_68587,1414824,1415128,304
c_6859,1415128,1415448,320
c_68596,1415448,1415769,321
c_68606,1415769,1416089,320
c_68635,1416089,1416399,310
c_68649,1416399,1416716,317
c_68664,1416716,1417037,321
c_68669,1417037,1417356,319
c_68678,1417356,1417668,312
c_68680,1417668,1417989,321
c_68682,1417989,1418299,310
c_68685,1418299,1418618,319
c_6875,1418618,1418937,319
c_68769,1418937,1419251,314
c_68774,1419251,1419570,319
c_68778,1419570,1419889,319
c_68789,1419889,1420209,320
c_68802,1420209,1420529,320
c_68818,1420529,1420849,320
c_68840,1420849,1421166,317
c_68868,1421166,1421487,321
c_68880,1421487,1421807,320
c_68904,1421807,1422125,318
c_68911,1422125,1422445,320
c_68924,1422445,1422764,319
c_68947,1422764,1423082,318
c_68951,1423082,1423396,314
c_68953,1423396,1423709,313
c_68955,1423709,1424027,318
c_68967,1424027,1424346,319
c_68977,1424346,1424664,318
c_69,1424664,1424921,257
c_690,1424921,1425240,319
c_69035,1425240,1425560,320
c_69040,1425560,1425881,321
c_69043,1425881,1426195,314
c_69048,1426195,1426515,320
c_69074,1426515,1426837,322
c_69076,1426837,1426847,10
c_6908,1426847,1427167,320
c_69081,1427167,1427488,321
c_69103,1427488,1427805,317
c_69116,1427805,1428123,318
c_6912,1428123,1428432,309
c_69129,1428432,1428750,318
c_6915,1428750,1429072,322
c_69157,1429072,1429391,319
c_6916,1429391,1429711,320
c_69173,1429711,1430032,321
c_69184,1430032,1430351,319
c_69196,1430351,1430667,316
c_69209,1430667,1430985,318
c_69231,1430985,1431304,319
c_69236,1431304,1431625,321
c_69278,1431625,1431941,316
c_69295,1431941,1432251,310
c_69297,1432251,1432568,317
c_69311,1432568,1432887,319
c_69326,1432887,1433208,321
c_69336,1433208,1433529,321
c_69372,1433529,1433847,318
c_69373,1433847,1434164,317
c_69383,1434164,1434481,317
c_69386,1434481,1434801,320
c_69418,1434801,1435115,314
c_69425,1435115,1435436,321
c_69471,1435436,1435755,319
c_69478,1435755,1436076,321
c_69481,1436076,1436396,320
c_69497,1436396,1436714,318
c_69501,1436714,1437034,320
c_69521,1437034,1437353,319
c_69541,1437353,1437674,321
c_69548,1437674,1437994,320
c_69555,1437994,1438315,321
c_6957,1438315,1438627,312
c_69592,1438627,1438947,320
c_69596,1438947,1439264,317
c_696,1439264,1439584,320
c_69617,1439584,1439903,319
c_6963,1439903,1440222,319
c_69653,1440222,1440543,321
c_69681,1440543,1440861,318
c_69703,1440861,1441181,320
c_69704,1441181,1441490,309
c_6971,1441490,1441811,321
c_69711,1441811,1442127,316
c_69731,1442127,1442443,316
c_69738,1442443,1442762,319
c_69740,1442762,1443078,316
c_69744,1443078,1443396,318
c_69750,1443396,1443715,319
c_69758,1443715,1444033,318
c_6977,1444033,1444352,319
c_69774,1444352,1444674,322
c_69776,1444674,1444994,320
c_69778,1444994,1445303,309
c_69788,1445303,1445622,319
c_69792,1445622,1445939,317
c_69794,1445939,1446261,322
c_69815,1446261,1446582,321
c_69823,1446582,1446899,317
c_69831,1446899,1447221,322
c_6984,1447221,1447542,321
c_69850,1447542,1447863,321
c_69864,1447863,1448184,321
c_69871,1448184,1448502,318
c_69886,1448502,1448808,306
c_69919,1448808,1449128,320
c_69923,1449128,1449444,316
c_69931,1449444,1449764,320
c_69981,1449764,1450085,321
c_69992,1450085,1450401,316
c_70006,1450401,1450718,317
c_70011,1450718,1451036,318
c_70021,1451036,1451356,320
c_7008,1451356,1451674,318
c_70095,1451674,1451991,317
c_70106,1451991,1452309,318
c_70108,1452309,1452617,308
c_70116,1452617,1452939,322
c_70130,1452939,1453256,317
c_70174,1453256,1453577,321
c_70193,1453577,1453897,320
c_70203,1453897,1454212,315
c_70219,1454212,1454533,321
c_70243,1454533,1454855,322
c_7026,1454855,1455175,320
c_70267,1455175,1455496,321
c_70283,1455496,1455810,314
c_70286,1455810,1456132,322
c_70291,1456132,1456450,318
c_70310,1456450,1456765,315
c_70317,1456765,1457082,317
c_70327,1457082,1457400,318
c_70331,1457400,1457718,318
c_70337,1457718,1458038,320
c_70342,1458038,1458360,322
c_70349,1458360,1458680,320
c_70351,1458680,1458992,312
c_70352,1458992,1459311,319
c_70355,1459311,1459580,269
c_70373,1459580,1459901,321
c_70387,1459901,1460215,314
c_70393,1460215,1460534,319
c_70419,1460534,1460854,320
c_70423,1460854,1461174,320
c_70430,1461174,1461493,319
c_70432,1461493,1461812,319
c_7044,1461812,1462132,320
c_70446,1462132,1462453,321
c_70448,1462453,1462774,321
c_70455,1462774,1463083,309
c_70467,1463083,1463404,321
c_70469,1463404,1463723,319
c_70500,1463723,1464040,317
c_70508,1464040,1464358,318
c_70526,1464358,1464676,318
c_70540,1464676,1464995,319
c_70586,1464995,1465315,320
c_70600,1465315,1465630,315
c_70610,1465630,1465950,320
c_70615,1465950,1466272,322
c_70620,1466272,1466594,322
c_70640,1466594,1466913,319
c_70647,1466913,1467231,318
c_70669,1467231,1467550,319
c_70686,1467550,1467868,318
c_70690,1467868,1468188,320
c_70693,1468188,1468507,319
c_70694,1468507,1468826,319
c_70697,1468826,1469140,314
c_70711,1469140,1469459,319
c_70734,1469459,1469779,320
c_70737,1469779,1470099,320
c_70741,1470099,1470411,312
c_70747,1470411,1470729,318
c_70756,1470729,1471049,320
c_70765,1471049,1471364,315
c_70766,1471364,1471676,312
c_70769,1471676,1471989,313
c_7077,1471989,1472309,320
c_70848,1472309,1472625,316
c_7087,1472625,1472946,321
c_70882,1472946,1473264,318
c_70897,1473264,1473584,320
c_70903,1473584,1473904,320
c_70913,1473904,1474220,316
c_70953,1474220,1474540,320
c_70957,1474540,1474859,319
c_70963,1474859,1475177,318
c_70968,1475177,1475495,318
c_70979,1475495,1475816,321
c_70993,1475816,1476135,319
c_71000,1476135,1476454,319
c_71012,1476454,1476771,317
c_71013,1476771,1477092,321
c_71030,1477092,1477411,319
c_71043,1477411,1477731,320
c_7105,1477731,1478052,321
c_71055,1478052,1478370,318
c_71058,1478370,1478681,311
c_7106,1478681,1479000,319
c_71077,1479000,1479316,316
c_71085,1479316,1479632,316
c_71097,1479632,1479953,321
c_71099,1479953,1480271,318
c_71141,1480271,1480590,319
c_71152,1480590,1480907,317
c_71153,1480907,1481229,322
c_7117,1481229,1481551,322
c_71178,1481551,1481871,320
c_71180,1481871,1482191,320
c_71186,1482191,1482511,320
c_71212,1482511,1482830,319
c_71224,1482830,1483143,313
c_71239,1483143,1483464,321
c_71253,1483464,1483785,321
c_71271,1483785,1484107,322
c_71278,1484107,1484425,318
c_71284,1484425,1484744,319
c_7129,1484744,1485064,320
c_71312,1485064,1485373,309
c_71318,1485373,1485687,314
c_71321,1485687,1486007,320
c_71331,1486007,1486326,319
c_71368,1486326,1486647,321
c_7139,1486647,1486949,302
c_71398,1486949,1487262,313
c_71417,1487262,1487584,322
c_71447,1487584,1487905,321
c_71475,1487905,1488216,311
c_7150,1488216,1488537,321
c_7166,1488537,1488854,317
c_7171,1488854,1489175,321
c_7173,1489175,1489497,322
c_718,1489497,1489813,316
c_7190,1489813,1490134,321
c_7191,1490134,1490454,320
c_7240,1490454,1490775,321
c_7241,1490775,1491094,319
c_7257,1491094,1491414,320
c_7278,1491414,1491734,320
c_7283,1491734,1492051,317
c_7301,1492051,1492371,320
c_732,1492371,1492688,317
c_7354,1492688,1493009,321
c_7374,1493009,1493330,321
c_7391,1493330,1493652,322
c_7400,1493652,1493973,321
c_7428,1493973,1494279,306
c_7454,1494279,1494598,319
c_7470,1494598,1494917,319
c_7483,1494917,1495237,320
c_7485,1495237,1495556,319
c_7490,1495556,1495868,312
c_7503,1495868,1496187,319
c_751,1496187,1496508,321
c_7527,1496508,1496828,320
c_7529,1496828,1497147,319
c_7531,1497147,1497457,310
c_754,1497457,1497775,318
c_7549,1497775,1498091,316
c_7553,1498091,1498406,315
c_7561,1498406,1498727,321
c_7582,1498727,1499046,319
c_7583,1499046,1499364,318
c_7601,1499364,1499680,316
c_7602,1499680,1499988,308
c_7616,1499988,1500300,312
c_7640,1500300,1500621,321
c_7641,1500621,1500938,317
c_7658,1500938,1501255,317
c_7673,1501255,1501574,319
c_7686,1501574,1501895,321
c_7688,1501895,1502215,320
c_7692,1502215,1502536,321
c_7706,1502536,1502850,314
c_772,1502850,1503169,319
c_7736,1503169,1503484,315
c_7738,1503484,1503797,313
c_7740,1503797,1504118,321
c_7749,1504118,1504432,314
c_7779,1504432,1504753,321
c_7794,1504753,1505074,321
c_7840,1505074,1505395,321
c_7887,1505395,1505713,318
c_7892,1505713,1506034,321
c_791,1506034,1506346,312
c_7914,1506346,1506666,320
c_7930,1506666,1506983,317
c_7972,1506983,1507299,316
c_7974,1507299,1507619,320
c_7985,1507619,1507938,319
c_7998,1507938,1508257,319
c_8001,1508257,1508575,318
c_8045,1508575,1508895,320
c_8054,1508895,1509214,319
c_8066,1509214,1509535,321
c_8068,1509535,1509855,320
c_8077,1509855,1510171,316
c_8081,1510171,1510489,318
c_8117,1510489,1510804,315
c_8119,1510804,1511123,319
c_8135,1511123,1511444,321
c_8137,1511444,1511765,321
c_8139,1511765,1512073,308
c_8146,1512073,1512394,321
c_8183,1512394,1512716,322
c_8186,1512716,1513037,321
c_8194,1513037,1513356,319
c_8226,1513356,1513677,321
c_8232,1513677,1513998,321
c_8234,1513998,1514317,319
c_8240,1514317,1514633,316
c_8244,1514633,1514951,318
c_8253,1514951,1515267,316
c_8266,1515267,1515586,319
c_8267,1515586,1515905,319
c_8280,1515905,1516224,319
c_8294,1516224,1516542,318
c_8316,1516542,1516862,320
c_8334,1516862,1517181,319
c_8337,1517181,1517500,319
c_8357,1517500,1517817,317
c_8364,1517817,1518137,320
c_8367,1518137,1518458,321
c_8374,1518458,1518779,321
c_8390,1518779,1519097,318
c_8414,1519097,1519417,320
c_8428,1519417,1519737,320
c_8438,1519737,1520051,314
c_8481,1520051,1520369,318
c_8484,1520369,1520690,321
c_8485,1520690,1521010,320
c_8490,1521010,1521330,320
c_8496,1521330,1521648,318
c_850,1521648,1521964,316
c_8509,1521964,1522281,317
c_8511,1522281,1522589,308
c_8514,1522589,1522910,321
c_8518,1522910,1523232,322
c_8534,1523232,1523553,321
c_8543,1523553,1523869,316
c_8571,1523869,1524186,317
c_8576,1524186,1524496,310
c_8580,1524496,1524817,321
c_8582,1524817,1525138,321
c_8608,1525138,1525451,313
c_8610,1525451,1525768,317
c_8617,1525768,1526090,322
c_862,1526090,1526379,289
c_8629,1526379,1526693,314
c_8654,1526693,1527013,320
c_8669,1527013,1527333,320
c_8671,1527333,1527651,318
c_8707,1527651,1527972,321
c_8709,1527972,1528290,318
c_8716,1528290,1528600,310
c_8719,1528600,1528921,321
c_8720,1528921,1529237,316
c_8782,1529237,1529551,314
c_8786,1529551,1529869,318
c_8792,1529869,1530189,320
c_8817,1530189,1530509,320
c_8822,1530509,1530816,307
c_8826,1530816,1531133,317
c_8839,1531133,1531453,320
c_8848,1531453,1531771,318
c_8858,1531771,1532085,314
c_8859,1532085,1532388,303
c_8863,1532388,1532708,320
c_887,1532708,1533030,322
c_8886,1533030,1533350,320
c_890,1533350,1533666,316
c_8901,1533666,1533986,320
c_8913,1533986,1534308,322
c_893,1534308,1534628,320
c_8932,1534628,1534949,321
c_8938,1534949,1535265,316
c_8939,1535265,1535577,312
c_8954,1535577,1535897,320
c_8955,1535897,1536212,315
c_896,1536212,1536533,321
c_8961,1536533,1536853,320
c_8966,1536853,1537170,317
c_8995,1537170,1537490,320
c_9006,1537490,1537808,318
c_9012,1537808,1538125,317
c_9040,1538125,1538445,320
c_9047,1538445,1538765,320
c_9051,1538765,1539086,321
c_9054,1539086,1539407,321
c_9059,1539407,1539727,320
c_9092,1539727,1540044,317
c_91,1540044,1540362,318
c_9107,1540362,1540677,315
c_9118,1540677,1540997,320
c_9130,1540997,1541316,319
c_9142,1541316,1541629,313
c_9144,1541629,1541929,300
c_9145,1541929,1542247,318
c_9148,1542247,1542482,235
c_9149,1542482,1542797,315
c_9155,1542797,1543116,319
c_9168,1543116,1543435,319
c_9186,1543435,1543756,321
c_9187,1543756,1544074,318
c_9189,1544074,1544393,319
c_9193,1544393,1544711,318
c_9197,1544711,1545027,316
c_9202,1545027,1545348,321
c_9203,1545348,1545669,321
c_9241,1545669,1545981,312
c_9263,1545981,1546301,320
c_9271,1546301,1546623,322
c_9285,1546623,1546943,320
c_9295,1546943,1547263,320
c_9302,1547263,1547583,320
c_9304,1547583,1547901,318
c_9314,1547901,1548221,320
c_9330,1548221,1548531,310
c_936,1548531,1548849,318
c_9365,1548849,1549170,321
c_9376,1549170,1549491,321
c_9378,1549491,1549808,317
c_9392,1549808,1550124,316
c_9402,1550124,1550444,320
c_9404,1550444,1550760,316
c_9428,1550760,1551081,321
c_943,1551081,1551401,320
c_9443,1551401,1551721,320
c_9445,1551721,1552028,307
c_9452,1552028,1552345,317
c_9470,1552345,1552665,320
c_9473,1552665,1552973,308
c_9478,1552973,1553292,319
c_9501,1553292,1553612,320
c_9510,1553612,1553933,321
c_953,1553933,1554254,321
c_9553,1554254,1554572,318
c_9555,1554572,1554891,319
c_9565,1554891,1555212,321
c_9598,1555212,1555531,319
c_9600,1555531,1555845,314
c_9633,1555845,1556164,319
c_9665,1556164,1556477,313
c_9666,1556477,1556784,307
c_9687,1556784,1557099,315
c_9706,1557099,1557420,321
c_9757,1557420,1557741,321
c_9768,1557741,1558061,320
c_9773,1558061,1558377,316
c_9779,1558377,1558695,318
c_9782,1558695,1559016,321
c_9792,1559016,1559335,319
c_9805,1559335,1559647,312
c_9857,1559647,1559966,319
c_9868,1559966,1560279,313
c_9899,1560279,1560593,314
c_9914,1560593,1560913,320
c_992,1560913,1561224,311
c_9941,1561224,1561544,320
c_9956,1561544,1561860,316
c_9961,1561860,1562181,321
