container_id,start_idx,end_idx,n_points
c_10032,0,343,343
c_10036,343,685,342
c_1005,685,1028,343
c_10065,1028,1371,343
c_10076,1371,1709,338
c_10082,1709,2052,343
c_10104,2052,2389,337
c_10105,2389,2730,341
c_10109,2730,3072,342
c_10137,3072,3415,343
c_1017,3415,3750,335
c_10175,3750,4089,339
c_10188,4089,4431,342
c_10203,4431,4768,337
c_10214,4768,5077,309
c_10215,5077,5421,344
c_1024,5421,5749,328
c_10241,5749,6091,342
c_10249,6091,6428,337
c_10256,6428,6768,340
c_10260,6768,7111,343
c_10261,7111,7453,342
c_10264,7453,7792,339
c_10267,7792,8134,342
c_10318,8134,8477,343
c_10326,8477,8818,341
c_10335,8818,9161,343
c_10351,9161,9503,342
c_10355,9503,9840,337
c_10412,9840,10184,344
c_10415,10184,10527,343
c_10417,10527,10870,343
c_10429,10870,11212,342
c_10435,11212,11550,338
c_10439,11550,11891,341
c_10441,11891,12230,339
c_10452,12230,12572,342
c_10457,12572,12908,336
c_10459,12908,13252,344
c_10467,13252,13595,343
c_10483,13595,13937,342
c_10518,13937,14279,342
c_10527,14279,14622,343
c_10587,14622,14962,340
c_10588,14962,15303,341
c_1060,15303,15646,343
c_10603,15646,15984,338
c_10605,15984,16326,342
c_10619,16326,16664,338
c_10620,16664,17007,343
c_10632,17007,17342,335
c_10654,17342,17683,341
c_10663,17683,18024,341
c_10672,18024,18358,334
c_10677,18358,18700,342
c_10684,18700,19043,343
c_10704,19043,19386,343
c_10728,19386,19720,334
c_10749,19720,20062,342
c_10775,20062,20398,336
c_10810,20398,20741,343
c_10813,20741,21080,339
c_10816,21080,21422,342
c_10821,21422,21760,338
c_10822,21760,22103,343
c_10824,22103,22447,344
c_10838,22447,22775,328
c_10844,22775,23108,333
c_10854,23108,23450,342
c_10870,23450,23792,342
c_10875,23792,24136,344
c_10903,24136,24476,340
c_1091,24476,24815,339
c_10910,24815,25158,343
c_10929,25158,25501,343
c_10950,25501,25843,342
c_10965,25843,26184,341
c_10968,26184,26526,342
c_10987,26526,26864,338
c_10995,26864,27206,342
c_10999,27206,27546,340
c_11007,27546,27889,343
c_11015,27889,28229,340
c_11019,28229,28573,344
c_11059,28573,28917,344
c_1108,28917,29257,340
c_11113,29257,29600,343
c_11124,29600,29944,344
c_11125,29944,30283,339
c_11133,30283,30625,342
c_11138,30625,30960,335
c_1114,30960,31299,339
c_11178,31299,31639,340
c_11179,31639,31974,335
c_11203,31974,32316,342
c_11210,32316,32658,342
c_11227,32658,32999,341
c_11240,32999,33339,340
c_11243,33339,33681,342
c_11245,33681,34020,339
c_11250,34020,34363,343
c_11264,34363,34702,339
c_11271,34702,35044,342
c_11277,35044,35387,343
c_11286,35387,35730,343
c_11337,35730,36071,341
c_11349,36071,36394,323
c_11359,36394,36734,340
c_1137,36734,37077,343
c_11380,37077,37420,343
c_11418,37420,37761,341
c_11430,37761,38104,343
c_11433,38104,38439,335
c_1144,38439,38782,343
c_11450,38782,39124,342
c_11455,39124,39467,343
c_11459,39467,39809,342
c_11473,39809,40150,341
c_11502,40150,40494,344
c_11505,40494,40834,340
c_11517,40834,41176,342
c_11523,41176,41510,334
c_11532,41510,41851,341
c_11533,41851,42193,342
c_11539,42193,42533,340
c_11540,42533,42876,343
c_11550,42876,43211,335
c_11555,43211,43553,342
c_11564,43553,43894,341
c_11567,43894,44237,343
c_11585,44237,44578,341
c_11589,44578,44921,343
c_11591,44921,45264,343
c_11601,45264,45606,342
c_11624,45606,45946,340
c_1163,45946,46281,335
c_11634,46281,46622,341
c_11642,46622,46955,333
c_11655,46955,47296,341
c_1166,47296,47639,343
c_11680,47639,47979,340
c_11687,47979,48316,337
c_11730,48316,48658,342
c_11732,48658,49001,343
c_11737,49001,49338,337
c_11739,49338,49675,337
c_11751,49675,50014,339
c_11759,50014,50355,341
c_1177,50355,50696,341
c_11781,50696,51039,343
c_11787,51039,51376,337
c_11802,51376,51716,340
c_11809,51716,52059,343
c_11812,52059,52402,343
c_11820,52402,52742,340
c_11821,52742,53085,343
c_11843,53085,53428,343
c_11857,53428,53767,339
c_11864,53767,54104,337
c_11889,54104,54446,342
c_11917,54446,54787,341
c_1194,54787,55129,342
c_1195,55129,55465,336
c_11985,55465,55796,331
c_11999,55796,56139,343
c_12,56139,56482,343
c_12008,56482,56825,343
c_1203,56825,57167,342
c_12035,57167,57510,343
c_12074,57510,57848,338
c_12078,57848,58191,343
c_12084,58191,58533,342
c_12111,58533,58862,329
c_1214,58862,59204,342
c_12141,59204,59544,340
c_12176,59544,59882,338
c_12183,59882,60224,342
c_12209,60224,60567,343
c_12212,60567,60908,341
c_12223,60908,61250,342
c_12238,61250,61593,343
c_12251,61593,61927,334
c_12254,61927,62268,341
c_12260,62268,62611,343
c_12264,62611,62944,333
c_12272,62944,63285,341
c_12281,63285,63627,342
c_12282,63627,63970,343
c_12293,63970,64312,342
c_12362,64312,64655,343
c_12375,64655,64995,340
c_12425,64995,65338,343
c_12436,65338,65673,335
c_12448,65673,66016,343
c_1245,66016,66358,342
c_12451,66358,66685,327
c_12462,66685,67021,336
c_12471,67021,67362,341
c_12481,67362,67695,333
c_12499,67695,68033,338
c_12514,68033,68374,341
c_12526,68374,68716,342
c_12536,68716,69060,344
c_12545,69060,69402,342
c_1255,69402,69740,338
c_1256,69740,70080,340
c_12562,70080,70423,343
c_12596,70423,70765,342
c_12604,70765,71107,342
c_12607,71107,71450,343
c_12645,71450,71790,340
c_12670,71790,72132,342
c_12674,72132,72471,339
c_12689,72471,72808,337
c_12691,72808,73147,339
c_12695,73147,73490,343
c_12701,73490,73829,339
c_12715,73829,74171,342
c_12722,74171,74507,336
c_1277,74507,74849,342
c_12774,74849,75192,343
c_12775,75192,75529,337
c_12782,75529,75870,341
c_12792,75870,76210,340
c_12798,76210,76548,338
c_12814,76548,76890,342
c_12819,76890,77230,340
c_12831,77230,77568,338
c_12839,77568,77912,344
c_12840,77912,78253,341
c_12859,78253,78596,343
c_12879,78596,78939,343
c_12894,78939,79275,336
c_12896,79275,79613,338
c_12903,79613,79955,342
c_12910,79955,80297,342
c_12931,80297,80637,340
c_12935,80637,80975,338
c_12954,80975,81316,341
c_12959,81316,81659,343
c_12962,81659,82002,343
c_12981,82002,82344,342
c_12991,82344,82684,340
c_13013,82684,83020,336
c_13025,83020,83361,341
c_1304,83361,83697,336
c_13045,83697,84038,341
c_1306,84038,84381,343
c_13073,84381,84723,342
c_13083,84723,85067,344
c_13086,85067,85407,340
c_13122,85407,85743,336
c_13131,85743,86084,341
c_13141,86084,86426,342
c_13165,86426,86769,343
c_13171,86769,87105,336
c_13187,87105,87447,342
c_13200,87447,87787,340
c_13204,87787,88127,340
c_13210,88127,88469,342
c_13231,88469,88809,340
c_13290,88809,89147,338
c_13298,89147,89481,334
c_13314,89481,89824,343
c_13323,89824,90160,336
c_13326,90160,90500,340
c_13329,90500,90843,343
c_13334,90843,91171,328
c_13348,91171,91514,343
c_13357,91514,91857,343
c_1339,91857,92199,342
c_13396,92199,92542,343
c_1340,92542,92885,343
c_13416,92885,93228,343
c_13453,93228,93567,339
c_13459,93567,93909,342
c_1348,93909,94247,338
c_1349,94247,94590,343
c_13497,94590,94931,341
c_13518,94931,95254,323
c_13539,95254,95596,342
c_13541,95596,95940,344
c_13595,95940,96283,343
c_136,96283,96625,342
c_13606,96625,96962,337
c_13628,96962,97305,343
c_13665,97305,97644,339
c_13666,97644,97987,343
c_13676,97987,98330,343
c_13677,98330,98672,342
c_13678,98672,99015,343
c_13687,99015,99352,337
c_13692,99352,99695,343
c_1373,99695,100036,341
c_13749,100036,100378,342
c_13760,100378,100722,344
c_13762,100722,101057,335
c_13770,101057,101401,344
c_13773,101401,101744,343
c_13808,101744,102083,339
c_13823,102083,102412,329
c_13828,102412,102755,343
c_13832,102755,103094,339
c_13842,103094,103435,341
c_13866,103435,103779,344
c_13876,103779,104121,342
c_13880,104121,104460,339
c_13899,104460,104802,342
c_13906,104802,105140,338
c_13916,105140,105481,341
c_13919,105481,105812,331
c_13920,105812,106155,343
c_13949,106155,106495,340
c_13979,106495,106837,342
c_13980,106837,107180,343
c_1399,107180,107517,337
c_13991,107517,107860,343
c_13992,107860,108202,342
c_14009,108202,108544,342
c_1401,108544,108881,337
c_14027,108881,109223,342
c_14035,109223,109472,249
c_14045,109472,109814,342
c_14049,109814,110156,342
c_14064,110156,110489,333
c_14084,110489,110831,342
c_1409,110831,111172,341
c_14106,111172,111510,338
c_14107,111510,111852,342
c_14122,111852,112192,340
c_14125,112192,112533,341
c_14133,112533,112876,343
c_14140,112876,113211,335
c_14169,113211,113550,339
c_14185,113550,113890,340
c_14210,113890,114233,343
c_1422,114233,114576,343
c_14233,114576,114919,343
c_14236,114919,115262,343
c_14257,115262,115597,335
c_14258,115597,115941,344
c_1426,115941,116284,343
c_14275,116284,116628,344
c_14294,116628,116971,343
c_14347,116971,117309,338
c_14387,117309,117652,343
c_14391,117652,117980,328
c_14397,117980,118323,343
c_14399,118323,118664,341
c_1441,118664,119007,343
c_14429,119007,119349,342
c_14433,119349,119690,341
c_14434,119690,120026,336
c_14446,120026,120368,342
c_14469,120368,120704,336
c_14472,120704,121045,341
c_14477,121045,121386,341
c_14478,121386,121725,339
c_14485,121725,122067,342
c_145,122067,122402,335
c_14516,122402,122739,337
c_14530,122739,123079,340
c_14537,123079,123419,340
c_14538,123419,123762,343
c_14558,123762,124101,339
c_14591,124101,124424,323
c_14621,124424,124766,342
c_14643,124766,125108,342
c_14666,125108,125451,343
c_14668,125451,125794,343
c_14670,125794,126135,341
c_14712,126135,126477,342
c_14723,126477,126815,338
c_14725,126815,127156,341
c_14732,127156,127498,342
c_14733,127498,127838,340
c_14737,127838,128181,343
c_14738,128181,128522,341
c_14739,128522,128864,342
c_1483,128864,129208,344
c_14833,129208,129543,335
c_14842,129543,129884,341
c_14852,129884,130227,343
c_14864,130227,130552,325
c_14865,130552,130888,336
c_14884,130888,131230,342
c_1492,131230,131571,341
c_14921,131571,131913,342
c_14937,131913,132248,335
c_14955,132248,132591,343
c_14963,132591,132929,338
c_14964,132929,133270,341
c_14968,133270,133609,339
c_14989,133609,133944,335
c_14998,133944,134275,331
c_1502,134275,134608,333
c_15023,134608,134948,340
c_15049,134948,135291,343
c_15072,135291,135634,343
c_15077,135634,135977,343
c_15095,135977,136319,342
c_15100,136319,136663,344
c_15112,136663,137000,337
c_15163,137000,137332,332
c_1519,137332,137672,340
c_15190,137672,138013,341
c_15208,138013,138353,340
c_15209,138353,138695,342
c_15215,138695,139038,343
c_1524,139038,139378,340
c_15241,139378,139718,340
c_15271,139718,140062,344
c_15279,140062,140405,343
c_15294,140405,140749,344
c_15305,140749,141091,342
c_15316,141091,141433,342
c_15329,141433,141777,344
c_1537,141777,142120,343
c_15391,142120,142463,343
c_15405,142463,142802,339
c_15408,142802,143144,342
c_15440,143144,143487,343
c_15447,143487,143825,338
c_15452,143825,144168,343
c_15468,144168,144512,344
c_15498,144512,144853,341
c_15501,144853,145196,343
c_15510,145196,145531,335
c_1553,145531,145872,341
c_15543,145872,146215,343
c_15548,146215,146557,342
c_1557,146557,146894,337
c_15594,146894,147235,341
c_15599,147235,147578,343
c_156,147578,147914,336
c_15602,147914,148254,340
c_15606,148254,148595,341
c_15607,148595,148936,341
c_15612,148936,149276,340
c_15637,149276,149616,340
c_15651,149616,149959,343
c_15674,149959,150293,334
c_1568,150293,150635,342
c_15688,150635,150975,340
c_15736,150975,151314,339
c_15773,151314,151657,343
c_15774,151657,151990,333
c_15796,151990,152332,342
c_15803,152332,152654,322
c_15805,152654,152995,341
c_1581,152995,153330,335
c_15816,153330,153667,337
c_15821,153667,153996,329
c_1584,153996,154337,341
c_15846,154337,154674,337
c_15889,154674,155015,341
c_15893,155015,155356,341
c_15902,155356,155697,341
c_15934,155697,156038,341
c_1594,156038,156376,338
c_15971,156376,156717,341
c_16,156717,157051,334
c_16018,157051,157391,340
c_16021,157391,157732,341
c_16026,157732,158072,340
c_16027,158072,158412,340
c_16035,158412,158754,342
c_16048,158754,159094,340
c_16054,159094,159438,344
c_16056,159438,159779,341
c_16069,159779,160122,343
c_1609,160122,160464,342
c_16092,160464,160806,342
c_16109,160806,161148,342
c_16114,161148,161484,336
c_16148,161484,161818,334
c_16149,161818,162161,343
c_1615,162161,162503,342
c_1616,162503,162843,340
c_16169,162843,162934,91
c_16186,162934,163273,339
c_16201,163273,163615,342
c_16241,163615,163958,343
c_16242,163958,164298,340
c_16243,164298,164640,342
c_16247,164640,164979,339
c_16253,164979,165317,338
c_16255,165317,165657,340
c_16287,165657,165997,340
c_16289,165997,166340,343
c_16301,166340,166681,341
c_16304,166681,167024,343
c_16324,167024,167360,336
c_1635,167360,167699,339
c_16351,167699,168042,343
c_16352,168042,168383,341
c_16363,168383,168718,335
c_16384,168718,169058,340
c_16395,169058,169400,342
c_16406,169400,169739,339
c_16441,169739,170082,343
c_16467,170082,170426,344
c_16474,170426,170768,342
c_16483,170768,171112,344
c_16484,171112,171447,335
c_16492,171447,171786,339
c_16500,171786,172128,342
c_16504,172128,172463,335
c_16516,172463,172793,330
c_16538,172793,173132,339
c_1655,173132,173471,339
c_16563,173471,173814,343
c_16567,173814,174154,340
c_16570,174154,174492,338
c_16573,174492,174831,339
c_16593,174831,175175,344
c_16607,175175,175512,337
c_16651,175512,175853,341
c_16662,175853,176195,342
c_16683,176195,176536,341
c_16685,176536,176874,338
c_16710,176874,177206,332
c_16723,177206,177548,342
c_16737,177548,177891,343
c_16745,177891,178221,330
c_16750,178221,178562,341
c_16751,178562,178897,335
c_16753,178897,179239,342
c_16782,179239,179577,338
c_16783,179577,179916,339
c_16794,179916,180256,340
c_16799,180256,180600,344
c_16802,180600,180941,341
c_16803,180941,181284,343
c_16831,181284,181627,343
c_16834,181627,181969,342
c_16836,181969,182313,344
c_16862,182313,182655,342
c_16870,182655,182994,339
c_16912,182994,183335,341
c_16917,183335,183678,343
c_16925,183678,184021,343
c_16937,184021,184363,342
c_16965,184363,184707,344
c_16968,184707,185047,340
c_16974,185047,185387,340
c_1698,185387,185727,340
c_16984,185727,186065,338
c_16988,186065,186400,335
c_17011,186400,186741,341
c_1702,186741,187079,338
c_17023,187079,187418,339
c_17028,187418,187755,337
c_17058,187755,188098,343
c_17066,188098,188439,341
c_17067,188439,188777,338
c_1707,188777,189117,340
c_17077,189117,189458,341
c_17089,189458,189800,342
c_17114,189800,190144,344
c_17121,190144,190486,342
c_17124,190486,190825,339
c_17136,190825,191168,343
c_17155,191168,191511,343
c_17156,191511,191854,343
c_17188,191854,192197,343
c_17193,192197,192535,338
c_17199,192535,192878,343
c_17208,192878,193214,336
c_17213,193214,193557,343
c_17248,193557,193901,344
c_17250,193901,194243,342
c_17272,194243,194586,343
c_17273,194586,194929,343
c_17295,194929,195272,343
c_17297,195272,195615,343
c_17311,195615,195959,344
c_17312,195959,196301,342
c_17316,196301,196641,340
c_17363,196641,196984,343
c_17365,196984,197326,342
c_17387,197326,197670,344
c_17397,197670,198013,343
c_1741,198013,198357,344
c_1742,198357,198695,338
c_17430,198695,199038,343
c_17432,199038,199376,338
c_17439,199376,199703,327
c_17444,199703,200044,341
c_17465,200044,200372,328
c_1747,200372,200714,342
c_17471,200714,201054,340
c_17474,201054,201393,339
c_17475,201393,201735,342
c_17511,201735,202072,337
c_17518,202072,202412,340
c_17520,202412,202744,332
c_17530,202744,203080,336
c_17531,203080,203419,339
c_17558,203419,203761,342
c_1757,203761,204100,339
c_17570,204100,204441,341
c_17591,204441,204783,342
c_17610,204783,205123,340
c_17625,205123,205465,342
c_17632,205465,205808,343
c_17633,205808,206147,339
c_17664,206147,206488,341
c_1767,206488,206828,340
c_17679,206828,207172,344
c_1768,207172,207510,338
c_17736,207510,207847,337
c_17752,207847,208186,339
c_1777,208186,208526,340
c_17771,208526,208862,336
c_17776,208862,209204,342
c_17791,209204,209547,343
c_17804,209547,209888,341
c_17812,209888,210231,343
c_17818,210231,210574,343
c_17826,210574,210916,342
c_17837,210916,211240,324
c_17847,211240,211582,342
c_17858,211582,211926,344
c_17899,211926,212269,343
c_17904,212269,212608,339
c_17929,212608,212950,342
c_17942,212950,213290,340
c_17970,213290,213619,329
c_17979,213619,213962,343
c_1798,213962,214303,341
c_18004,214303,214645,342
c_1801,214645,214988,343
c_18014,214988,215330,342
c_18021,215330,215669,339
c_18027,215669,216011,342
c_18030,216011,216350,339
c_18057,216350,216687,337
c_18086,216687,217028,341
c_18091,217028,217370,342
c_18104,217370,217712,342
c_18123,217712,218055,343
c_18137,218055,218398,343
c_18138,218398,218735,337
c_18147,218735,219077,342
c_18158,219077,219420,343
c_18169,219420,219759,339
c_18194,219759,220101,342
c_18212,220101,220443,342
c_18217,220443,220779,336
c_18239,220779,221123,344
c_18244,221123,221466,343
c_18250,221466,221807,341
c_1827,221807,222151,344
c_18286,222151,222494,343
c_18294,222494,222837,343
c_18299,222837,223176,339
c_1835,223176,223519,343
c_18352,223519,223858,339
c_1836,223858,224202,344
c_18362,224202,224545,343
c_18383,224545,224888,343
c_1839,224888,225232,344
c_18406,225232,225563,331
c_18422,225563,225905,342
c_18426,225905,226247,342
c_1849,226247,226588,341
c_18503,226588,226930,342
c_18509,226930,227271,341
c_18522,227271,227613,342
c_18544,227613,227956,343
c_18548,227956,228298,342
c_18549,228298,228640,342
c_18555,228640,228983,343
c_18558,228983,229327,344
c_18581,229327,229666,339
c_18600,229666,230009,343
c_18638,230009,230350,341
c_18645,230350,230693,343
c_18677,230693,231033,340
c_18678,231033,231376,343
c_18705,231376,231715,339
c_18728,231715,232056,341
c_18733,232056,232395,339
c_18752,232395,232737,342
c_18753,232737,233069,332
c_18771,233069,233412,343
c_18779,233412,233752,340
c_18781,233752,234094,342
c_18783,234094,234428,334
c_18798,234428,234770,342
c_18808,234770,235110,340
c_18815,235110,235453,343
c_18821,235453,235793,340
c_18830,235793,236130,337
c_18844,236130,236473,343
c_18852,236473,236815,342
c_1886,236815,237153,338
c_18864,237153,237493,340
c_18876,237493,237836,343
c_18883,237836,238179,343
c_18885,238179,238518,339
c_18901,238518,238861,343
c_18904,238861,239204,343
c_18918,239204,239547,343
c_18943,239547,239884,337
c_18948,239884,240226,342
c_18950,240226,240568,342
c_18960,240568,240870,302
c_19017,240870,241212,342
c_1902,241212,241554,342
c_19032,241554,241896,342
c_19035,241896,242237,341
c_19117,242237,242576,339
c_19138,242576,242918,342
c_1914,242918,243258,340
c_19141,243258,243599,341
c_19153,243599,243940,341
c_19169,243940,244280,340
c_1917,244280,244621,341
c_19207,244621,244959,338
c_19208,244959,245287,328
c_19212,245287,245625,338
c_19292,245625,245968,343
c_19297,245968,246309,341
c_19300,246309,246650,341
c_19317,246650,246989,339
c_19341,246989,247331,342
c_1935,247331,247674,343
c_19356,247674,248015,341
c_19369,248015,248352,337
c_19374,248352,248692,340
c_19375,248692,249030,338
c_19377,249030,249368,338
c_19388,249368,249710,342
c_19396,249710,250051,341
c_19400,250051,250394,343
c_1941,250394,250736,342
c_19421,250736,251072,336
c_19433,251072,251409,337
c_19449,251409,251753,344
c_19457,251753,252068,315
c_19459,252068,252412,344
c_19464,252412,252749,337
c_19492,252749,253084,335
c_19497,253084,253423,339
c_19525,253423,253766,343
c_1953,253766,254109,343
c_19540,254109,254450,341
c_19552,254450,254793,343
c_19572,254793,255132,339
c_19573,255132,255466,334
c_19588,255466,255809,343
c_1960,255809,256148,339
c_19620,256148,256490,342
c_19628,256490,256833,343
c_19640,256833,257176,343
c_19646,257176,257518,342
c_19656,257518,257856,338
c_19664,257856,258197,341
c_19666,258197,258541,344
c_1968,258541,258884,343
c_19685,258884,259225,341
c_19689,259225,259567,342
c_19713,259567,259910,343
c_19714,259910,260252,342
c_19715,260252,260594,342
c_19736,260594,260938,344
c_19737,260938,261281,343
c_19747,261281,261624,343
c_19748,261624,261967,343
c_19756,261967,262309,342
c_19760,262309,262652,343
c_19769,262652,262991,339
c_19770,262991,263330,339
c_19774,263330,263672,342
c_19786,263672,264014,342
c_19811,264014,264347,333
c_19829,264347,264682,335
c_19836,264682,265021,339
c_19853,265021,265357,336
c_19855,265357,265699,342
c_19900,265699,266037,338
c_19912,266037,266380,343
c_19924,266380,266723,343
c_19937,266723,267065,342
c_19957,267065,267408,343
c_19958,267408,267748,340
c_20001,267748,268082,334
c_20002,268082,268423,341
c_20018,268423,268759,336
c_20020,268759,269102,343
c_20031,269102,269440,338
c_20038,269440,269781,341
c_20044,269781,270123,342
c_2007,270123,270465,342
c_20079,270465,270808,343
c_20117,270808,271150,342
c_20118,271150,271493,343
c_20145,271493,271834,341
c_2015,271834,272171,337
c_20151,272171,272512,341
c_20164,272512,272854,342
c_20249,272854,273195,341
c_20260,273195,273528,333
c_2027,273528,273868,340
c_20280,273868,274209,341
c_20301,274209,274551,342
c_20315,274551,274893,342
c_20317,274893,275236,343
c_20335,275236,275572,336
c_20348,275572,275911,339
c_20350,275911,276251,340
c_2037,276251,276595,344
c_20427,276595,276936,341
c_20435,276936,277268,332
c_20444,277268,277609,341
c_20488,277609,277949,340
c_20491,277949,278287,338
c_20494,278287,278629,342
c_20503,278629,278971,342
c_20505,278971,279307,336
c_20539,279307,279640,333
c_20547,279640,279982,342
c_2055,279982,280325,343
c_2057,280325,280664,339
c_20582,280664,281004,340
c_20592,281004,281335,331
c_2060,281335,281678,343
c_20602,281678,282021,343
c_20625,282021,282362,341
c_20626,282362,282704,342
c_20629,282704,283041,337
c_20645,283041,283382,341
c_20647,283382,283721,339
c_20648,283721,284064,343
c_20656,284064,284402,338
c_20682,284402,284742,340
c_20693,284742,285085,343
c_20696,285085,285429,344
c_20699,285429,285771,342
c_20702,285771,286114,343
c_20713,286114,286452,338
c_20728,286452,286794,342
c_20731,286794,287137,343
c_2074,287137,287470,333
c_20740,287470,287812,342
c_20759,287812,288155,343
c_20765,288155,288492,337
c_20774,288492,288832,340
c_2078,288832,289176,344
c_20793,289176,289516,340
c_20846,289516,289859,343
c_20895,289859,290195,336
c_20906,290195,290538,343
c_20948,290538,290878,340
c_20951,290878,291220,342
c_20954,291220,291562,342
c_20966,291562,291905,343
c_21,291905,292248,343
c_210,292248,292590,342
c_21051,292590,292930,340
c_21093,292930,293271,341
c_21095,293271,293615,344
c_21150,293615,293953,338
c_21159,293953,294294,341
c_21173,294294,294633,339
c_21175,294633,294973,340
c_21183,294973,295316,343
c_21193,295316,295656,340
c_21205,295656,295999,343
c_21214,295999,296339,340
c_21225,296339,296675,336
c_21232,296675,297019,344
c_21233,297019,297362,343
c_21252,297362,297704,342
c_21268,297704,298046,342
c_21283,298046,298389,343
c_21290,298389,298729,340
c_21292,298729,299069,340
c_21301,299069,299412,343
c_2132,299412,299751,339
c_21330,299751,300094,343
c_21345,300094,300434,340
c_21353,300434,300774,340
c_21356,300774,301116,342
c_21393,301116,301459,343
c_21396,301459,301800,341
c_2140,301800,302144,344
c_21427,302144,302488,344
c_2144,302488,302820,332
c_21444,302820,303149,329
c_2146,303149,303492,343
c_21460,303492,303835,343
c_21473,303835,304176,341
c_21490,304176,304518,342
c_21491,304518,304861,343
c_21493,304861,305204,343
c_21494,305204,305547,343
c_21498,305547,305889,342
c_21543,305889,306232,343
c_21560,306232,306565,333
c_21563,306565,306903,338
c_21567,306903,307243,340
c_21577,307243,307585,342
c_21621,307585,307926,341
c_21655,307926,308269,343
c_21658,308269,308611,342
c_21675,308611,308947,336
c_21679,308947,309290,343
c_21724,309290,309633,343
c_21749,309633,309970,337
c_21775,309970,310312,342
c_21783,310312,310649,337
c_21817,310649,310989,340
c_21820,310989,311329,340
c_21835,311329,311671,342
c_21850,311671,312011,340
c_2186,312011,312352,341
c_21872,312352,312691,339
c_21884,312691,313034,343
c_21900,313034,313373,339
c_21902,313373,313717,344
c_21927,313717,314056,339
c_21933,314056,314398,342
c_2194,314398,314738,340
c_2195,314738,315074,336
c_21950,315074,315409,335
c_21979,315409,315746,337
c_22016,315746,316086,340
c_22017,316086,316428,342
c_22020,316428,316770,342
c_22021,316770,317077,307
c_22025,317077,317416,339
c_22044,317416,317759,343
c_22048,317759,318101,342
c_2205,318101,318444,343
c_2209,318444,318787,343
c_22095,318787,319131,344
c_22098,319131,319474,343
c_22104,319474,319817,343
c_22119,319817,320160,343
c_2212,320160,320494,334
c_22124,320494,320837,343
c_22142,320837,321180,343
c_2215,321180,321523,343
c_22160,321523,321866,343
c_22181,321866,322206,340
c_2219,322206,322549,343
c_22204,322549,322890,341
c_22213,322890,323233,343
c_22226,323233,323573,340
c_2223,323573,323914,341
c_22244,323914,324255,341
c_22253,324255,324598,343
c_22256,324598,324939,341
c_22262,324939,325277,338
c_22266,325277,325615,338
c_22276,325615,325955,340
c_22279,325955,326294,339
c_22280,326294,326637,343
c_22291,326637,326980,343
c_22313,326980,327323,343
c_22324,327323,327662,339
c_22336,327662,328003,341
c_22342,328003,328338,335
c_22345,328338,328678,340
c_22347,328678,329021,343
c_22359,329021,329362,341
c_22385,329362,329697,335
c_22414,329697,330038,341
c_22438,330038,330380,342
c_22442,330380,330722,342
c_22450,330722,331065,343
c_22452,331065,331405,340
c_22468,331405,331748,343
c_22477,331748,332087,339
c_22478,332087,332428,341
c_22479,332428,332767,339
c_22483,332767,333111,344
c_2249,333111,333454,343
c_22493,333454,333796,342
c_22500,333796,334132,336
c_22514,334132,334475,343
c_22522,334475,334816,341
c_22543,334816,335154,338
c_22547,335154,335495,341
c_22581,335495,335836,341
c_22583,335836,336177,341
c_22593,336177,336515,338
c_22629,336515,336850,335
c_22640,336850,337193,343
c_22641,337193,337536,343
c_22667,337536,337874,338
c_22721,337874,338216,342
c_22754,338216,338555,339
c_22758,338555,338895,340
c_22765,338895,339238,343
c_22768,339238,339580,342
c_22776,339580,339923,343
c_22793,339923,340264,341
c_22801,340264,340599,335
c_22842,340599,340942,343
c_22899,340942,341284,342
c_22901,341284,341623,339
c_22912,341623,341965,342
c_22917,341965,342308,343
c_22931,342308,342651,343
c_22933,342651,342993,342
c_2295,342993,343331,338
c_22951,343331,343670,339
c_2298,343670,344009,339
c_23023,344009,344347,338
c_23028,344347,344689,342
c_23033,344689,345032,343
c_23037,345032,345373,341
c_23051,345373,345716,343
c_23062,345716,346059,343
c_23080,346059,346402,343
c_23085,346402,346744,342
c_23100,346744,347084,340
c_23122,347084,347427,343
c_23130,347427,347768,341
c_23147,347768,348106,338
c_23151,348106,348448,342
c_23152,348448,348784,336
c_23157,348784,349123,339
c_23162,349123,349461,338
c_23180,349461,349798,337
c_23181,349798,350136,338
c_23185,350136,350477,341
c_23206,350477,350744,267
c_23212,350744,351080,336
c_2322,351080,351423,343
c_23237,351423,351765,342
c_23244,351765,352108,343
c_23249,352108,352449,341
c_23257,352449,352789,340
c_23258,352789,353117,328
c_23271,353117,353460,343
c_23275,353460,353800,340
c_23278,353800,354141,341
c_23291,354141,354484,343
c_23299,354484,354821,337
c_2332,354821,355164,343
c_23320,355164,355505,341
c_23328,355505,355849,344
c_23343,355849,356182,333
c_23347,356182,356520,338
c_23367,356520,356861,341
c_23368,356861,357202,341
c_23392,357202,357541,339
c_23416,357541,357883,342
c_23430,357883,358225,342
c_23437,358225,358563,338
c_23439,358563,358904,341
c_23452,358904,359247,343
c_23464,359247,359588,341
c_23493,359588,359927,339
c_23518,359927,360268,341
c_2352,360268,360610,342
c_23520,360610,360952,342
c_23524,360952,361295,343
c_23526,361295,361637,342
c_23530,361637,361981,344
c_23547,361981,362323,342
c_23549,362323,362665,342
c_23556,362665,363003,338
c_23561,363003,363339,336
c_23576,363339,363682,343
c_23593,363682,364021,339
c_2362,364021,364347,326
c_23626,364347,364686,339
c_23639,364686,365028,342
c_23655,365028,365370,342
c_2366,365370,365707,337
c_23666,365707,366046,339
c_23673,366046,366385,339
c_23679,366385,366727,342
c_23687,366727,367068,341
c_2370,367068,367409,341
c_23701,367409,367746,337
c_23723,367746,368088,342
c_23746,368088,368428,340
c_23748,368428,368764,336
c_23751,368764,369108,344
c_23771,369108,369449,341
c_23783,369449,369790,341
c_23787,369790,370133,343
c_23790,370133,370476,343
c_23791,370476,370807,331
c_23838,370807,371150,343
c_23881,371150,371492,342
c_23889,371492,371835,343
c_239,371835,372167,332
c_23915,372167,372501,334
c_2394,372501,372841,340
c_23955,372841,373184,343
c_23957,373184,373519,335
c_23971,373519,373863,344
c_23992,373863,374203,340
c_24000,374203,374544,341
c_24003,374544,374878,334
c_24022,374878,375216,338
c_24038,375216,375559,343
c_24049,375559,375900,341
c_24053,375900,376238,338
c_24062,376238,376576,338
c_24064,376576,376914,338
c_24078,376914,377257,343
c_24079,377257,377599,342
c_24081,377599,377942,343
c_24085,377942,378281,339
c_24091,378281,378624,343
c_24100,378624,378967,343
c_24102,378967,379308,341
c_24130,379308,379651,343
c_2414,379651,379988,337
c_24150,379988,380331,343
c_24190,380331,380672,341
c_24193,380672,381013,341
c_2420,381013,381354,341
c_2422,381354,381695,341
c_24222,381695,382038,343
c_24269,382038,382382,344
c_2429,382382,382720,338
c_24300,382720,383062,342
c_24323,383062,383404,342
c_2434,383404,383550,146
c_24345,383550,383893,343
c_24391,383893,384236,343
c_24398,384236,384578,342
c_24441,384578,384920,342
c_24442,384920,385262,342
c_24453,385262,385605,343
c_24459,385605,385945,340
c_24464,385945,386282,337
c_24465,386282,386623,341
c_24547,386623,386964,341
c_24550,386964,387307,343
c_24561,387307,387642,335
c_2459,387642,387984,342
c_24593,387984,388323,339
c_24596,388323,388664,341
c_24609,388664,389003,339
c_24635,389003,389341,338
c_24648,389341,389673,332
c_24661,389673,390016,343
c_24701,390016,390355,339
c_24716,390355,390695,340
c_24723,390695,391038,343
c_24745,391038,391380,342
c_24770,391380,391723,343
c_24812,391723,392065,342
c_24819,392065,392404,339
c_24834,392404,392740,336
c_24842,392740,393084,344
c_24849,393084,393421,337
c_24853,393421,393761,340
c_24855,393761,394102,341
c_24856,394102,394436,334
c_24858,394436,394774,338
c_2486,394774,395116,342
c_24864,395116,395459,343
c_24871,395459,395802,343
c_24887,395802,396145,343
c_24897,396145,396487,342
c_24931,396487,396830,343
c_24943,396830,397173,343
c_24958,397173,397515,342
c_24964,397515,397858,343
c_2497,397858,398200,342
c_24987,398200,398543,343
c_25003,398543,398884,341
c_25030,398884,399228,344
c_25033,399228,399569,341
c_25039,399569,399908,339
c_25052,399908,400251,343
c_25053,400251,400589,338
c_25068,400589,400928,339
c_25075,400928,401269,341
c_25099,401269,401612,343
c_25106,401612,401954,342
c_25111,401954,402286,332
c_25125,402286,402625,339
c_25140,402625,402829,204
c_25144,402829,403170,341
c_25146,403170,403505,335
c_25148,403505,403847,342
c_25161,403847,404188,341
c_25172,404188,404532,344
c_25175,404532,404873,341
c_25211,404873,405217,344
c_25212,405217,405558,341
c_25234,405558,405897,339
c_25238,405897,406241,344
c_25244,406241,406584,343
c_25246,406584,406926,342
c_25250,406926,407269,343
c_25262,407269,407612,343
c_25277,407612,407955,343
c_2528,407955,408285,330
c_25285,408285,408628,343
c_25290,408628,408967,339
c_25306,408967,409304,337
c_2531,409304,409643,339
c_25340,409643,409983,340
c_25344,409983,410322,339
c_2537,410322,410665,343
c_25370,410665,411007,342
c_25378,411007,411347,340
c_25380,411347,411687,340
c_25393,411687,412024,337
c_25441,412024,412366,342
c_25457,412366,412709,343
c_25472,412709,413052,343
c_25484,413052,413391,339
c_25503,413391,413732,341
c_25504,413732,414070,338
c_25509,414070,414408,338
c_25521,414408,414748,340
c_25534,414748,415092,344
c_25543,415092,415435,343
c_25588,415435,415778,343
c_25598,415778,416119,341
c_25610,416119,416461,342
c_25653,416461,416800,339
c_25661,416800,417142,342
c_25682,417142,417484,342
c_25694,417484,417827,343
c_25719,417827,418169,342
c_25742,418169,418512,343
c_25749,418512,418855,343
c_25774,418855,419198,343
c_2578,419198,419537,339
c_25781,419537,419879,342
c_25785,419879,420221,342
c_25820,420221,420563,342
c_25857,420563,420900,337
c_25864,420900,421242,342
c_25879,421242,421585,343
c_25884,421585,421926,341
c_25888,421926,422261,335
c_25891,422261,422602,341
c_25903,422602,422941,339
c_25911,422941,423282,341
c_25927,423282,423622,340
c_25931,423622,423673,51
c_25939,423673,424016,343
c_2597,424016,424360,344
c_25970,424360,424699,339
c_25994,424699,425043,344
c_26010,425043,425384,341
c_26030,425384,425727,343
c_26039,425727,426068,341
c_26040,426068,426408,340
c_26056,426408,426749,341
c_26061,426749,427090,341
c_26066,427090,427433,343
c_26073,427433,427777,344
c_26085,427777,428116,339
c_26122,428116,428458,342
c_26124,428458,428797,339
c_26126,428797,429140,343
c_26135,429140,429478,338
c_26138,429478,429820,342
c_26139,429820,430163,343
c_26193,430163,430505,342
c_26235,430505,430848,343
c_26246,430848,431188,340
c_26248,431188,431527,339
c_2625,431527,431868,341
c_26272,431868,432209,341
c_26281,432209,432550,341
c_26288,432550,432891,341
c_26289,432891,433234,343
c_26294,433234,433572,338
c_26306,433572,433916,344
c_26325,433916,434259,343
c_2633,434259,434603,344
c_26333,434603,434945,342
c_26338,434945,435285,340
c_26339,435285,435628,343
c_26344,435628,435963,335
c_26345,435963,436304,341
c_26393,436304,436638,334
c_26398,436638,436978,340
c_26406,436978,437322,344
c_2641,437322,437665,343
c_26452,437665,438008,343
c_26494,438008,438350,342
c_26499,438350,438692,342
c_2651,438692,439034,342
c_26557,439034,439374,340
c_26570,439374,439717,343
c_26573,439717,440052,335
c_26575,440052,440391,339
c_26576,440391,440734,343
c_26609,440734,441075,341
c_26622,441075,441417,342
c_26623,441417,441759,342
c_26633,441759,442098,339
c_26653,442098,442433,335
c_26663,442433,442771,338
c_26667,442771,443111,340
c_26675,443111,443449,338
c_26677,443449,443788,339
c_26678,443788,444127,339
c_26696,444127,444469,342
c_26704,444469,444809,340
c_26723,444809,445149,340
c_26725,445149,445487,338
c_26732,445487,445822,335
c_26745,445822,446164,342
c_26751,446164,446506,342
c_26772,446506,446848,342
c_26780,446848,447191,343
c_26789,447191,447528,337
c_26794,447528,447868,340
c_268,447868,448208,340
c_26803,448208,448546,338
c_26809,448546,448889,343
c_2681,448889,449230,341
c_26816,449230,449564,334
c_26834,449564,449903,339
c_26855,449903,450243,340
c_26858,450243,450585,342
c_26865,450585,450923,338
c_26872,450923,451265,342
c_26877,451265,451607,342
c_26878,451607,451941,334
c_26887,451941,452279,338
c_26888,452279,452622,343
c_269,452622,452960,338
c_26942,452960,453302,342
c_26961,453302,453640,338
c_26963,453640,453981,341
c_2697,453981,454323,342
c_2698,454323,454664,341
c_26983,454664,455008,344
c_27002,455008,455352,344
c_27016,455352,455693,341
c_27025,455693,456036,343
c_27032,456036,456374,338
c_2706,456374,456716,342
c_27064,456716,457059,343
c_27068,457059,457402,343
c_27104,457402,457739,337
c_27118,457739,458080,341
c_27149,458080,458418,338
c_27150,458418,458760,342
c_27151,458760,459094,334
c_27156,459094,459435,341
c_27187,459435,459778,343
c_27193,459778,460113,335
c_2720,460113,460456,343
c_27201,460456,460788,332
c_27213,460788,461130,342
c_27220,461130,461463,333
c_27224,461463,461805,342
c_27231,461805,462147,342
c_27280,462147,462490,343
c_27282,462490,462833,343
c_27288,462833,463175,342
c_27324,463175,463515,340
c_27336,463515,463851,336
c_27362,463851,464194,343
c_27369,464194,464533,339
c_27391,464533,464874,341
c_27413,464874,465216,342
c_27431,465216,465558,342
c_27436,465558,465901,343
c_2744,465901,466243,342
c_27450,466243,466584,341
c_2746,466584,466926,342
c_27461,466926,467268,342
c_27462,467268,467610,342
c_27481,467610,467953,343
c_27502,467953,468296,343
c_2754,468296,468628,332
c_27542,468628,468968,340
c_27548,468968,469307,339
c_2755,469307,469649,342
c_27550,469649,469992,343
c_2757,469992,470334,342
c_27572,470334,470678,344
c_27586,470678,471018,340
c_27603,471018,471358,340
c_27608,471358,471702,344
c_27611,471702,472045,343
c_27621,472045,472374,329
c_27640,472374,472715,341
c_27650,472715,473057,342
c_27654,473057,473398,341
c_27672,473398,473741,343
c_27689,473741,474076,335
c_27703,474076,474414,338
c_27724,474414,474754,340
c_27734,474754,475094,340
c_27736,475094,475437,343
c_27754,475437,475780,343
c_27755,475780,476121,341
c_27761,476121,476463,342
c_27763,476463,476804,341
c_27770,476804,477146,342
c_27771,477146,477488,342
c_27779,477488,477826,338
c_27847,477826,478167,341
c_27869,478167,478510,343
c_27872,478510,478851,341
c_27904,478851,479192,341
c_2792,479192,479535,343
c_27922,479535,479877,342
c_27960,479877,480214,337
c_27974,480214,480554,340
c_27977,480554,480897,343
c_28003,480897,481236,339
c_28019,481236,481576,340
c_28033,481576,481918,342
c_28056,481918,482260,342
c_28067,482260,482595,335
c_28072,482595,482935,340
c_28077,482935,483275,340
c_28083,483275,483613,338
c_28099,483613,483956,343
c_28100,483956,484299,343
c_28101,484299,484642,343
c_28129,484642,484985,343
c_28141,484985,485327,342
c_28185,485327,485670,343
c_28189,485670,486002,332
c_28194,486002,486345,343
c_28225,486345,486685,340
c_28239,486685,487026,341
c_28240,487026,487362,336
c_2830,487362,487704,342
c_28317,487704,488047,343
c_28319,488047,488388,341
c_28329,488388,488723,335
c_28345,488723,489065,342
c_28373,489065,489407,342
c_28405,489407,489749,342
c_28415,489749,490091,342
c_28423,490091,490432,341
c_28424,490432,490774,342
c_28426,490774,491113,339
c_28430,491113,491454,341
c_28434,491454,491795,341
c_28477,491795,492138,343
c_28485,492138,492478,340
c_28499,492478,492821,343
c_2850,492821,493164,343
c_28518,493164,493505,341
c_2852,493505,493848,343
c_28561,493848,494190,342
c_28585,494190,494533,343
c_28597,494533,494872,339
c_28603,494872,495215,343
c_28611,495215,495557,342
c_28613,495557,495901,344
c_2865,495901,496243,342
c_28657,496243,496584,341
c_2868,496584,496921,337
c_28680,496921,497264,343
c_28699,497264,497603,339
c_28720,497603,497945,342
c_28726,497945,498281,336
c_28727,498281,498623,342
c_28731,498623,498967,344
c_2874,498967,499309,342
c_28745,499309,499648,339
c_28754,499648,499991,343
c_28796,499991,500334,343
c_28818,500334,500676,342
c_28826,500676,501019,343
c_28838,501019,501357,338
c_28839,501357,501696,339
c_2885,501696,502040,344
c_28851,502040,502384,344
c_28863,502384,502726,342
c_28864,502726,503069,343
c_28883,503069,503413,344
c_28922,503413,503729,316
c_28926,503729,504071,342
c_28927,504071,504412,341
c_2893,504412,504752,340
c_2895,504752,505094,342
c_28966,505094,505436,342
c_28983,505436,505779,343
c_28985,505779,506119,340
c_28986,506119,506460,341
c_28987,506460,506800,340
c_29017,506800,507143,343
c_29021,507143,507479,336
c_29022,507479,507819,340
c_29026,507819,508163,344
c_2903,508163,508505,342
c_29046,508505,508846,341
c_29049,508846,509188,342
c_29082,509188,509529,341
c_29097,509529,509872,343
c_29175,509872,510214,342
c_29179,510214,510548,334
c_2918,510548,510886,338
c_29184,510886,511225,339
c_29202,511225,511563,338
c_29218,511563,511902,339
c_29225,511902,512242,340
c_2925,512242,512585,343
c_29253,512585,512922,337
c_29258,512922,513262,340
c_29270,513262,513604,342
c_29277,513604,513948,344
c_29287,513948,514291,343
c_29305,514291,514627,336
c_29308,514627,514964,337
c_29323,514964,515307,343
c_29333,515307,515646,339
c_29350,515646,515989,343
c_29353,515989,516328,339
c_29359,516328,516670,342
c_29362,516670,517012,342
c_29363,517012,517353,341
c_29433,517353,517694,341
c_29436,517694,518037,343
c_29453,518037,518381,344
c_29466,518381,518718,337
c_29480,518718,519061,343
c_29501,519061,519397,336
c_29505,519397,519731,334
c_29515,519731,520073,342
c_29522,520073,520415,342
c_29538,520415,520751,336
c_29546,520751,521093,342
c_29550,521093,521435,342
c_29575,521435,521778,343
c_29576,521778,522115,337
c_29595,522115,522451,336
c_29622,522451,522788,337
c_29623,522788,523130,342
c_29643,523130,523469,339
c_29659,523469,523811,342
c_29677,523811,524143,332
c_29678,524143,524480,337
c_29683,524480,524819,339
c_29690,524819,525112,293
c_29699,525112,525454,342
c_29727,525454,525796,342
c_29736,525796,526139,343
c_29768,526139,526473,334
c_29781,526473,526816,343
c_29783,526816,527146,330
c_29787,527146,527489,343
c_29814,527489,527831,342
c_29846,527831,528174,343
c_29874,528174,528516,342
c_2988,528516,528858,342
c_29889,528858,529201,343
c_29903,529201,529542,341
c_29924,529542,529881,339
c_29935,529881,530223,342
c_29965,530223,530565,342
c_29981,530565,530908,343
c_29985,530908,531243,335
c_30020,531243,531582,339
c_30028,531582,531926,344
c_30046,531926,532265,339
c_30047,532265,532603,338
c_30048,532603,532943,340
c_30054,532943,533284,341
c_30068,533284,533626,342
c_30069,533626,533968,342
c_30098,533968,534310,342
c_30109,534310,534651,341
c_30163,534651,534993,342
c_30174,534993,535336,343
c_30179,535336,535676,340
c_3019,535676,536016,340
c_30199,536016,536358,342
c_30205,536358,536700,342
c_30222,536700,537037,337
c_30232,537037,537375,338
c_3026,537375,537715,340
c_30273,537715,538058,343
c_30283,538058,538400,342
c_30291,538400,538742,342
c_3034,538742,539081,339
c_3035,539081,539424,343
c_30355,539424,539765,341
c_30364,539765,540106,341
c_30373,540106,540448,342
c_30403,540448,540791,343
c_30413,540791,541129,338
c_30427,541129,541470,341
c_30476,541470,541812,342
c_30477,541812,542149,337
c_3049,542149,542492,343
c_30501,542492,542834,342
c_30503,542834,543172,338
c_30521,543172,543512,340
c_30524,543512,543855,343
c_30530,543855,544198,343
c_30545,544198,544539,341
c_30546,544539,544881,342
c_30557,544881,545225,344
c_30574,545225,545561,336
c_30585,545561,545901,340
c_30598,545901,546242,341
c_30618,546242,546583,341
c_30619,546583,546925,342
c_3062,546925,547269,344
c_3064,547269,547612,343
c_30641,547612,547951,339
c_30679,547951,548292,341
c_3069,548292,548627,335
c_30702,548627,548968,341
c_30730,548968,549310,342
c_3074,549310,549649,339
c_30744,549649,549991,342
c_30765,549991,550334,343
c_3078,550334,550677,343
c_30781,550677,551017,340
c_30801,551017,551353,336
c_30811,551353,551697,344
c_30818,551697,552038,341
c_30851,552038,552380,342
c_30861,552380,552723,343
c_30876,552723,553063,340
c_30880,553063,553406,343
c_30885,553406,553749,343
c_30886,553749,554089,340
c_30896,554089,554425,336
c_3090,554425,554768,343
c_30950,554768,555109,341
c_30959,555109,555444,335
c_30961,555444,555785,341
c_30970,555785,556126,341
c_30973,556126,556466,340
c_30985,556466,556807,341
c_30999,556807,557149,342
c_31,557149,557490,341
c_31004,557490,557832,342
c_31011,557832,558171,339
c_31037,558171,558508,337
c_31058,558508,558842,334
c_31073,558842,559182,340
c_3110,559182,559522,340
c_31125,559522,559863,341
c_3113,559863,560205,342
c_31139,560205,560548,343
c_31144,560548,560889,341
c_31147,560889,561232,343
c_3115,561232,561568,336
c_31150,561568,561911,343
c_31166,561911,562252,341
c_31177,562252,562589,337
c_31188,562589,562923,334
c_31196,562923,563263,340
c_31209,563263,563600,337
c_31224,563600,563941,341
c_31249,563941,564282,341
c_31254,564282,564618,336
c_31291,564618,564961,343
c_3130,564961,565303,342
c_31348,565303,565644,341
c_31352,565644,565986,342
c_31362,565986,566330,344
c_31414,566330,566673,343
c_31416,566673,567013,340
c_31425,567013,567356,343
c_3143,567356,567699,343
c_31435,567699,568037,338
c_31446,568037,568380,343
c_3146,568380,568714,334
c_31469,568714,569057,343
c_31501,569057,569398,341
c_31504,569398,569741,343
c_31507,569741,570084,343
c_31515,570084,570425,341
c_31547,570425,570767,342
c_31556,570767,571104,337
c_31590,571104,571446,342
c_31595,571446,571787,341
c_31605,571787,572130,343
c_31607,572130,572473,343
c_31614,572473,572816,343
c_3164,572816,573158,342
c_31645,573158,573494,336
c_31654,573494,573833,339
c_31658,573833,574167,334
c_31690,574167,574504,337
c_31701,574504,574847,343
c_31714,574847,575190,343
c_3173,575190,575527,337
c_31738,575527,575869,342
c_31755,575869,576208,339
c_31773,576208,576551,343
c_3179,576551,576889,338
c_31797,576889,577225,336
c_3180,577225,577567,342
c_31800,577567,577910,343
c_31833,577910,578252,342
c_31874,578252,578593,341
c_31880,578593,578933,340
c_31887,578933,579265,332
c_31892,579265,579605,340
c_31904,579605,579949,344
c_31934,579949,580284,335
c_31938,580284,580627,343
c_31949,580627,580967,340
c_31950,580967,581306,339
c_31970,581306,581647,341
c_31977,581647,581990,343
c_3198,581990,582333,343
c_32,582333,582673,340
c_32000,582673,583015,342
c_32008,583015,583358,343
c_32014,583358,583695,337
c_32018,583695,584039,344
c_32056,584039,584379,340
c_3207,584379,584718,339
c_32085,584718,585061,343
c_32089,585061,585396,335
c_32113,585396,585739,343
c_3214,585739,586078,339
c_32146,586078,586407,329
c_32156,586407,586750,343
c_32182,586750,587085,335
c_32186,587085,587427,342
c_32188,587427,587767,340
c_32190,587767,588111,344
c_32223,588111,588428,317
c_32273,588428,588767,339
c_32274,588767,589106,339
c_32276,589106,589446,340
c_32280,589446,589788,342
c_32285,589788,590128,340
c_32299,590128,590471,343
c_32314,590471,590813,342
c_32325,590813,591149,336
c_32349,591149,591489,340
c_32358,591489,591830,341
c_32368,591830,592172,342
c_32382,592172,592516,344
c_32388,592516,592857,341
c_32411,592857,593199,342
c_32423,593199,593541,342
c_3245,593541,593876,335
c_32486,593876,594218,342
c_32516,594218,594561,343
c_32529,594561,594899,338
c_32562,594899,595239,340
c_32568,595239,595578,339
c_3257,595578,595922,344
c_3258,595922,596265,343
c_32647,596265,596608,343
c_3265,596608,596950,342
c_32659,596950,597291,341
c_32662,597291,597634,343
c_32665,597634,597974,340
c_32666,597974,598314,340
c_32671,598314,598656,342
c_32673,598656,598993,337
c_3270,598993,599336,343
c_32700,599336,599679,343
c_32714,599679,600020,341
c_32720,600020,600363,343
c_32738,600363,600706,343
c_32764,600706,601048,342
c_32798,601048,601380,332
c_32821,601380,601723,343
c_32827,601723,602067,344
c_32832,602067,602411,344
c_3284,602411,602753,342
c_32844,602753,603096,343
c_32846,603096,603438,342
c_32847,603438,603780,342
c_32911,603780,604123,343
c_32920,604123,604467,344
c_32922,604467,604810,343
c_32927,604810,605150,340
c_3293,605150,605493,343
c_32942,605493,605834,341
c_32944,605834,606177,343
c_32948,606177,606513,336
c_32951,606513,606852,339
c_32961,606852,607192,340
c_32974,607192,607536,344
c_33009,607536,607878,342
c_33016,607878,608220,342
c_33055,608220,608551,331
c_33064,608551,608892,341
c_33069,608892,609235,343
c_33112,609235,609578,343
c_33113,609578,609921,343
c_33116,609921,610260,339
c_33124,610260,610601,341
c_33138,610601,610941,340
c_33146,610941,611283,342
c_33155,611283,611626,343
c_33198,611626,611969,343
c_33204,611969,612312,343
c_33231,612312,612650,338
c_33258,612650,612991,341
c_33263,612991,613330,339
c_33304,613330,613668,338
c_33319,613668,614009,341
c_33330,614009,614349,340
c_33338,614349,614690,341
c_33340,614690,615026,336
c_33362,615026,615368,342
c_33385,615368,615702,334
c_33419,615702,616044,342
c_33423,616044,616381,337
c_33436,616381,616721,340
c_3346,616721,617061,340
c_33467,617061,617393,332
c_33472,617393,617735,342
c_33474,617735,618073,338
c_335,618073,618415,342
c_3350,618415,618757,342
c_33506,618757,619100,343
c_33525,619100,619436,336
c_33527,619436,619777,341
c_33559,619777,620120,343
c_33566,620120,620447,327
c_33588,620447,620788,341
c_33596,620788,621124,336
c_33634,621124,621464,340
c_33637,621464,621807,343
c_33639,621807,622148,341
c_33651,622148,622490,342
c_33657,622490,622832,342
c_33661,622832,623174,342
c_3367,623174,623517,343
c_33672,623517,623859,342
c_33694,623859,624201,342
c_33695,624201,624545,344
c_33698,624545,624886,341
c_33700,624886,625229,343
c_33703,625229,625572,343
c_33736,625572,625916,344
c_33745,625916,626256,340
c_3375,626256,626597,341
c_33757,626597,626938,341
c_33763,626938,627281,343
c_3377,627281,627621,340
c_33837,627621,627964,343
c_33845,627964,628307,343
c_3389,628307,628646,339
c_33894,628646,628988,342
c_33928,628988,629330,342
c_33932,629330,629671,341
c_33934,629671,630008,337
c_33944,630008,630341,333
c_33946,630341,630672,331
c_33951,630672,631009,337
c_33956,631009,631352,343
c_33959,631352,631690,338
c_33980,631690,632031,341
c_340,632031,632374,343
c_34003,632374,632709,335
c_3401,632709,633048,339
c_34017,633048,633391,343
c_34034,633391,633722,331
c_34052,633722,634065,343
c_34078,634065,634407,342
c_34085,634407,634748,341
c_3410,634748,635090,342
c_34195,635090,635427,337
c_34203,635427,635766,339
c_34208,635766,636099,333
c_34281,636099,636443,344
c_34289,636443,636786,343
c_34301,636786,637128,342
c_34324,637128,637470,342
c_34354,637470,637812,342
c_34363,637812,638154,342
c_34364,638154,638496,342
c_34370,638496,638839,343
c_34373,638839,639182,343
c_34381,639182,639524,342
c_34384,639524,639864,340
c_34418,639864,640202,338
c_34461,640202,640546,344
c_34489,640546,640886,340
c_3449,640886,641229,343
c_34492,641229,641571,342
c_34519,641571,641913,342
c_34522,641913,642254,341
c_34535,642254,642596,342
c_34541,642596,642935,339
c_34542,642935,643278,343
c_34554,643278,643621,343
c_3458,643621,643963,342
c_34590,643963,644297,334
c_34611,644297,644638,341
c_34617,644638,644976,338
c_34622,644976,645317,341
c_34631,645317,645659,342
c_34633,645659,646001,342
c_34644,646001,646340,339
c_34649,646340,646680,340
c_34652,646680,647016,336
c_34657,647016,647357,341
c_34659,647357,647694,337
c_3466,647694,648036,342
c_3470,648036,648377,341
c_34733,648377,648720,343
c_34734,648720,649063,343
c_34737,649063,649404,341
c_34751,649404,649741,337
c_34766,649741,650083,342
c_34775,650083,650426,343
c_34783,650426,650770,344
c_34784,650770,651114,344
c_34835,651114,651454,340
c_34839,651454,651795,341
c_34849,651795,652131,336
c_34856,652131,652474,343
c_34857,652474,652816,342
c_3486,652816,653158,342
c_34863,653158,653500,342
c_34893,653500,653843,343
c_34897,653843,654185,342
c_3491,654185,654524,339
c_34917,654524,654866,342
c_3493,654866,655207,341
c_34947,655207,655545,338
c_34993,655545,655883,338
c_35001,655883,656225,342
c_35018,656225,656568,343
c_35021,656568,656908,340
c_35035,656908,657252,344
c_35036,657252,657594,342
c_35043,657594,657931,337
c_35064,657931,658267,336
c_35069,658267,658607,340
c_35074,658607,658947,340
c_35078,658947,659289,342
c_35099,659289,659632,343
c_3513,659632,659967,335
c_35148,659967,660310,343
c_35159,660310,660653,343
c_35184,660653,660987,334
c_35188,660987,661329,342
c_35234,661329,661672,343
c_35251,661672,662015,343
c_35258,662015,662358,343
c_3526,662358,662700,342
c_3527,662700,663041,341
c_35275,663041,663383,342
c_35280,663383,663721,338
c_35295,663721,664060,339
c_35304,664060,664403,343
c_35318,664403,664746,343
c_35321,664746,665089,343
c_35330,665089,665430,341
c_35347,665430,665773,343
c_35359,665773,666111,338
c_35378,666111,666449,338
c_35404,666449,666792,343
c_35407,666792,667131,339
c_35411,667131,667472,341
c_35432,667472,667808,336
c_35442,667808,668150,342
c_35449,668150,668492,342
c_3546,668492,668829,337
c_35461,668829,669167,338
c_35476,669167,669507,340
c_35487,669507,669850,343
c_35500,669850,670192,342
c_35516,670192,670533,341
c_35529,670533,670874,341
c_35539,670874,671217,343
c_35546,671217,671557,340
c_35567,671557,671898,341
c_35577,671898,672234,336
c_35590,672234,672568,334
c_35594,672568,672908,340
c_35617,672908,673249,341
c_3562,673249,673589,340
c_35621,673589,673931,342
c_35643,673931,674273,342
c_35661,674273,674609,336
c_35692,674609,674949,340
c_35707,674949,675276,327
c_35737,675276,675619,343
c_35764,675619,675960,341
c_35767,675960,676303,343
c_35769,676303,676645,342
c_3577,676645,676988,343
c_35780,676988,677321,333
c_35796,677321,677658,337
c_35802,677658,678002,344
c_35805,678002,678345,343
c_35813,678345,678686,341
c_35824,678686,679028,342
c_35837,679028,679371,343
c_35839,679371,679711,340
c_35848,679711,680054,343
c_35908,680054,680388,334
c_35915,680388,680728,340
c_35936,680728,681070,342
c_35946,681070,681412,342
c_35949,681412,681755,343
c_35955,681755,682097,342
c_35958,682097,682438,341
c_3597,682438,682780,342
c_35970,682780,683123,343
c_36004,683123,683458,335
c_36006,683458,683794,336
c_36052,683794,684134,340
c_36060,684134,684477,343
c_36065,684477,684818,341
c_36078,684818,685161,343
c_36080,685161,685499,338
c_36111,685499,685842,343
c_36121,685842,686184,342
c_36122,686184,686521,337
c_3613,686521,686856,335
c_36134,686856,687193,337
c_36158,687193,687536,343
c_36173,687536,687876,340
c_36203,687876,688209,333
c_36204,688209,688547,338
c_36213,688547,688889,342
c_36223,688889,689232,343
c_36226,689232,689576,344
c_36242,689576,689916,340
c_36243,689916,690225,309
c_36284,690225,690558,333
c_36285,690558,690899,341
c_3629,690899,691242,343
c_36291,691242,691581,339
c_36292,691581,691921,340
c_36295,691921,692263,342
c_36309,692263,692606,343
c_36312,692606,692948,342
c_36326,692948,693289,341
c_36343,693289,693630,341
c_36347,693630,693970,340
c_36394,693970,694313,343
c_36400,694313,694652,339
c_36412,694652,694992,340
c_3642,694992,695330,338
c_36434,695330,695673,343
c_36435,695673,696016,343
c_36474,696016,696350,334
c_36485,696350,696694,344
c_36486,696694,697030,336
c_36528,697030,697369,339
c_36529,697369,697618,249
c_36545,697618,697958,340
c_36549,697958,698298,340
c_36600,698298,698639,341
c_36602,698639,698978,339
c_36610,698978,699321,343
c_3662,699321,699663,342
c_36620,699663,700004,341
c_36640,700004,700345,341
c_36666,700345,700682,337
c_36684,700682,701023,341
c_36686,701023,701363,340
c_36707,701363,701703,340
c_36725,701703,702045,342
c_36727,702045,702386,341
c_36736,702386,702729,343
c_36761,702729,703067,338
c_36782,703067,703409,342
c_36793,703409,703749,340
c_36809,703749,704093,344
c_36824,704093,704432,339
c_36827,704432,704770,338
c_36831,704770,705103,333
c_36833,705103,705446,343
c_36855,705446,705789,343
c_36859,705789,706130,341
c_36869,706130,706473,343
c_36884,706473,706810,337
c_36887,706810,707152,342
c_36909,707152,707493,341
c_36932,707493,707835,342
c_36935,707835,708175,340
c_36939,708175,708513,338
c_36945,708513,708852,339
c_36957,708852,709192,340
c_36972,709192,709531,339
c_3700,709531,709874,343
c_37007,709874,710216,342
c_37049,710216,710557,341
c_37052,710557,710899,342
c_37067,710899,711241,342
c_3709,711241,711581,340
c_3710,711581,711920,339
c_37147,711920,712262,342
c_37156,712262,712599,337
c_3719,712599,712938,339
c_37205,712938,713281,343
c_37210,713281,713619,338
c_37219,713619,713960,341
c_37228,713960,714298,338
c_37241,714298,714641,343
c_37248,714641,714984,343
c_37252,714984,715326,342
c_37280,715326,715661,335
c_37282,715661,716002,341
c_37285,716002,716345,343
c_37287,716345,716687,342
c_37298,716687,717027,340
c_37305,717027,717365,338
c_37315,717365,717701,336
c_3733,717701,718042,341
c_37333,718042,718385,343
c_37334,718385,718728,343
c_37337,718728,719071,343
c_37354,719071,719411,340
c_37359,719411,719748,337
c_37362,719748,720081,333
c_37368,720081,720420,339
c_37393,720420,720759,339
c_37401,720759,721092,333
c_37402,721092,721435,343
c_37406,721435,721769,334
c_37422,721769,722110,341
c_37424,722110,722445,335
c_37427,722445,722785,340
c_37487,722785,723125,340
c_37492,723125,723468,343
c_37547,723468,723811,343
c_37577,723811,724153,342
c_37585,724153,724493,340
c_3759,724493,724836,343
c_37611,724836,725173,337
c_37627,725173,725514,341
c_37634,725514,725857,343
c_37644,725857,726199,342
c_37674,726199,726542,343
c_37688,726542,726885,343
c_37696,726885,727228,343
c_37712,727228,727569,341
c_37717,727569,727913,344
c_3774,727913,728256,343
c_37749,728256,728600,344
c_37771,728600,728943,343
c_37800,728943,729284,341
c_37810,729284,729623,339
c_37818,729623,729964,341
c_37819,729964,730302,338
c_37823,730302,730645,343
c_37831,730645,730988,343
c_37835,730988,731331,343
c_37836,731331,731672,341
c_37838,731672,732013,341
c_37845,732013,732352,339
c_37856,732352,732695,343
c_37879,732695,733039,344
c_37881,733039,733380,341
c_37884,733380,733717,337
c_37913,733717,734060,343
c_37914,734060,734393,333
c_37921,734393,734735,342
c_37928,734735,735075,340
c_37947,735075,735416,341
c_37959,735416,735757,341
c_37976,735757,736094,337
c_37992,736094,736432,338
c_38064,736432,736774,342
c_38070,736774,737112,338
c_38093,737112,737454,342
c_38098,737454,737793,339
c_3811,737793,738132,339
c_38134,738132,738473,341
c_3814,738473,738814,341
c_3816,738814,739157,343
c_38175,739157,739500,343
c_38184,739500,739842,342
c_38189,739842,740185,343
c_38191,740185,740526,341
c_38203,740526,740867,341
c_38229,740867,741207,340
c_3823,741207,741547,340
c_38234,741547,741890,343
c_38259,741890,742231,341
c_38281,742231,742572,341
c_38290,742572,742910,338
c_38293,742910,743251,341
c_38300,743251,743592,341
c_38306,743592,743934,342
c_3831,743934,744276,342
c_38380,744276,744612,336
c_38393,744612,744953,341
c_38395,744953,745295,342
c_38412,745295,745636,341
c_38413,745636,745977,341
c_38414,745977,746314,337
c_38453,746314,746653,339
c_38463,746653,746990,337
c_38464,746990,747333,343
c_3847,747333,747675,342
c_38472,747675,748017,342
c_38488,748017,748355,338
c_38500,748355,748696,341
c_38503,748696,749038,342
c_3852,749038,749376,338
c_38547,749376,749718,342
c_38565,749718,750061,343
c_38582,750061,750404,343
c_3859,750404,750745,341
c_38590,750745,751088,343
c_38634,751088,751431,343
c_38636,751431,751773,342
c_38657,751773,752114,341
c_38662,752114,752457,343
c_38686,752457,752797,340
c_38693,752797,753140,343
c_3870,753140,753479,339
c_38700,753479,753823,344
c_38702,753823,754165,342
c_38718,754165,754508,343
c_38741,754508,754845,337
c_38744,754845,755182,337
c_38754,755182,755525,343
c_38758,755525,755866,341
c_38765,755866,756210,344
c_38770,756210,756547,337
c_38776,756547,756886,339
c_38780,756886,757229,343
c_38795,757229,757572,343
c_38810,757572,757911,339
c_38817,757911,758254,343
c_38819,758254,758596,342
c_38834,758596,758934,338
c_38836,758934,759276,342
c_38843,759276,759617,341
c_38848,759617,759960,343
c_38874,759960,760290,330
c_38888,760290,760629,339
c_38893,760629,760947,318
c_38922,760947,761284,337
c_38953,761284,761622,338
c_38961,761622,761964,342
c_39034,761964,762302,338
c_39051,762302,762641,339
c_39064,762641,762983,342
c_39067,762983,763323,340
c_39099,763323,763665,342
c_39109,763665,764006,341
c_39120,764006,764350,344
c_3913,764350,764691,341
c_39139,764691,765033,342
c_39164,765033,765376,343
c_39175,765376,765719,343
c_39203,765719,766061,342
c_39217,766061,766403,342
c_39219,766403,766744,341
c_39228,766744,767084,340
c_39236,767084,767425,341
c_39239,767425,767766,341
c_39248,767766,768102,336
c_39253,768102,768432,330
c_39263,768432,768775,343
c_39266,768775,769118,343
c_39286,769118,769449,331
c_39309,769449,769792,343
c_39330,769792,770135,343
c_39353,770135,770478,343
c_39369,770478,770820,342
c_3938,770820,771161,341
c_39394,771161,771497,336
c_39395,771497,771834,337
c_39430,771834,772174,340
c_39436,772174,772515,341
c_39456,772515,772854,339
c_39479,772854,773197,343
c_39482,773197,773537,340
c_39496,773537,773880,343
c_39500,773880,774222,342
c_39504,774222,774563,341
c_39506,774563,774904,341
c_39516,774904,775243,339
c_39533,775243,775586,343
c_3956,775586,775927,341
c_39562,775927,776267,340
c_39567,776267,776609,342
c_39579,776609,776941,332
c_39587,776941,777276,335
c_39595,777276,777619,343
c_39628,777619,777959,340
c_39638,777959,778298,339
c_39651,778298,778641,343
c_39661,778641,778984,343
c_39676,778984,779327,343
c_3968,779327,779667,340
c_39683,779667,780007,340
c_39685,780007,780350,343
c_39692,780350,780693,343
c_39704,780693,781034,341
c_39721,781034,781373,339
c_3973,781373,781712,339
c_39748,781712,782052,340
c_3976,782052,782394,342
c_39776,782394,782729,335
c_39791,782729,783071,342
c_39802,783071,783412,341
c_39804,783412,783755,343
c_39835,783755,784097,342
c_39843,784097,784440,343
c_39848,784440,784771,331
c_39874,784771,785113,342
c_39876,785113,785456,343
c_39879,785456,785799,343
c_39885,785799,786139,340
c_3990,786139,786480,341
c_39928,786480,786822,342
c_3995,786822,787163,341
c_39983,787163,787506,343
c_39999,787506,787846,340
c_40017,787846,788186,340
c_4003,788186,788523,337
c_40066,788523,788866,343
c_40067,788866,789207,341
c_40072,789207,789548,341
c_40074,789548,789890,342
c_40077,789890,790230,340
c_4009,790230,790572,342
c_40128,790572,790911,339
c_40175,790911,791254,343
c_40200,791254,791592,338
c_40201,791592,791934,342
c_40204,791934,792276,342
c_40221,792276,792612,336
c_40223,792612,792952,340
c_4023,792952,793294,342
c_40234,793294,793635,341
c_40287,793635,793975,340
c_40309,793975,794316,341
c_40324,794316,794646,330
c_40335,794646,794988,342
c_40344,794988,795331,343
c_40345,795331,795673,342
c_40358,795673,796015,342
c_40388,796015,796358,343
c_40424,796358,796697,339
c_40432,796697,797037,340
c_40447,797037,797369,332
c_40490,797369,797709,340
c_40523,797709,798052,343
c_40543,798052,798383,331
c_40556,798383,798727,344
c_40567,798727,799067,340
c_40573,799067,799406,339
c_40584,799406,799747,341
c_4059,799747,800090,343
c_40602,800090,800433,343
c_40617,800433,800776,343
c_40640,800776,801119,343
c_40656,801119,801461,342
c_40657,801461,801801,340
c_40658,801801,802135,334
c_40725,802135,802479,344
c_40744,802479,802814,335
c_40770,802814,803152,338
c_40783,803152,803492,340
c_4080,803492,803832,340
c_40800,803832,804168,336
c_40815,804168,804511,343
c_40826,804511,804852,341
c_40831,804852,805193,341
c_40849,805193,805529,336
c_40862,805529,805870,341
c_4090,805870,806214,344
c_40921,806214,806557,343
c_40925,806557,806900,343
c_4093,806900,807241,341
c_40930,807241,807579,338
c_40946,807579,807915,336
c_40950,807915,808253,338
c_4098,808253,808595,342
c_40988,808595,808938,343
c_40996,808938,809280,342
c_41003,809280,809621,341
c_41010,809621,809964,343
c_41012,809964,810307,343
c_41023,810307,810648,341
c_41036,810648,810984,336
c_41038,810984,811317,333
c_41060,811317,811661,344
c_41066,811661,812004,343
c_41072,812004,812343,339
c_41082,812343,812678,335
c_41091,812678,813019,341
c_41111,813019,813361,342
c_41114,813361,813704,343
c_41129,813704,814039,335
c_4113,814039,814381,342
c_4117,814381,814722,341
c_41197,814722,815063,341
c_41205,815063,815404,341
c_41212,815404,815747,343
c_41214,815747,816090,343
c_41219,816090,816431,341
c_41265,816431,816771,340
c_41267,816771,817114,343
c_41273,817114,817456,342
c_41274,817456,817799,343
c_41279,817799,818140,341
c_41290,818140,818477,337
c_41294,818477,818816,339
c_41313,818816,819148,332
c_41315,819148,819490,342
c_41319,819490,819832,342
c_41323,819832,820176,344
c_41324,820176,820515,339
c_41326,820515,820857,342
c_41333,820857,821199,342
c_41334,821199,821542,343
c_41366,821542,821883,341
c_41382,821883,822225,342
c_41391,822225,822568,343
c_41399,822568,822897,329
c_41432,822897,823233,336
c_4146,823233,823574,341
c_41479,823574,823914,340
c_41491,823914,824254,340
c_41499,824254,824596,342
c_41515,824596,824934,338
c_41516,824934,825274,340
c_41526,825274,825616,342
c_41541,825616,825956,340
c_41554,825956,826294,338
c_4156,826294,826632,338
c_41596,826632,826967,335
c_41621,826967,827308,341
c_4163,827308,827650,342
c_41633,827650,827994,344
c_41639,827994,828332,338
c_41648,828332,828673,341
c_41684,828673,829014,341
c_41718,829014,829355,341
c_41720,829355,829699,344
c_41726,829699,830034,335
c_41741,830034,830377,343
c_41751,830377,830713,336
c_41752,830713,831051,338
c_41772,831051,831391,340
c_41774,831391,831733,342
c_41787,831733,832074,341
c_41807,832074,832416,342
c_41829,832416,832439,23
c_41833,832439,832782,343
c_41838,832782,833120,338
c_41841,833120,833461,341
c_41842,833461,833805,344
c_41872,833805,834148,343
c_4188,834148,834487,339
c_41918,834487,834827,340
c_4194,834827,835170,343
c_41943,835170,835514,344
c_41954,835514,835849,335
c_41970,835849,836188,339
c_41983,836188,836530,342
c_41986,836530,836873,343
c_41998,836873,837205,332
c_42015,837205,837547,342
c_42019,837547,837886,339
c_42030,837886,838227,341
c_4205,838227,838569,342
c_42065,838569,838907,338
c_42086,838907,839249,342
c_42087,839249,839591,342
c_42130,839591,839934,343
c_42131,839934,840277,343
c_42138,840277,840620,343
c_42161,840620,840956,336
c_4221,840956,841291,335
c_42239,841291,841629,338
c_42244,841629,841965,336
c_42249,841965,842305,340
c_42255,842305,842645,340
c_42257,842645,842988,343
c_42268,842988,843328,340
c_42292,843328,843669,341
c_42294,843669,844011,342
c_42301,844011,844349,338
c_42317,844349,844692,343
c_42323,844692,845030,338
c_42334,845030,845359,329
c_42340,845359,845698,339
c_4236,845698,846041,343
c_42362,846041,846380,339
c_42392,846380,846719,339
c_42411,846719,847060,341
c_42449,847060,847403,343
c_42453,847403,847746,343
c_42460,847746,848088,342
c_42461,848088,848419,331
c_42492,848419,848760,341
c_42494,848760,849102,342
c_42519,849102,849442,340
c_42525,849442,849780,338
c_42527,849780,850123,343
c_42530,850123,850465,342
c_42541,850465,850804,339
c_42551,850804,851145,341
c_42552,851145,851482,337
c_42556,851482,851826,344
c_42583,851826,852168,342
c_42590,852168,852510,342
c_42600,852510,852852,342
c_42602,852852,853195,343
c_42629,853195,853537,342
c_42647,853537,853878,341
c_42659,853878,854221,343
c_42661,854221,854564,343
c_42664,854564,854907,343
c_42671,854907,855249,342
c_42682,855249,855592,343
c_42701,855592,855935,343
c_42706,855935,856278,343
c_42733,856278,856619,341
c_42747,856619,856961,342
c_42756,856961,857302,341
c_42757,857302,857639,337
c_42791,857639,857980,341
c_42823,857980,858322,342
c_42827,858322,858662,340
c_42842,858662,859002,340
c_42869,859002,859344,342
c_42872,859344,859687,343
c_42888,859687,860031,344
c_42889,860031,860371,340
c_42896,860371,860715,344
c_42914,860715,861055,340
c_42926,861055,861398,343
c_42930,861398,861738,340
c_42933,861738,862081,343
c_42938,862081,862424,343
c_42945,862424,862764,340
c_42949,862764,863106,342
c_42959,863106,863448,342
c_42962,863448,863789,341
c_42975,863789,864131,342
c_42978,864131,864473,342
c_42982,864473,864815,342
c_4299,864815,865157,342
c_42998,865157,865489,332
c_4300,865489,865831,342
c_43000,865831,866173,342
c_43004,866173,866511,338
c_43005,866511,866849,338
c_43030,866849,867187,338
c_43054,867187,867528,341
c_43062,867528,867863,335
c_43069,867863,868204,341
c_43077,868204,868545,341
c_43107,868545,868886,341
c_43131,868886,869228,342
c_43141,869228,869569,341
c_43192,869569,869908,339
c_43205,869908,870251,343
c_43206,870251,870588,337
c_43246,870588,870932,344
c_43254,870932,871275,343
c_43259,871275,871613,338
c_43262,871613,871956,343
c_43335,871956,872300,344
c_4336,872300,872642,342
c_43360,872642,872985,343
c_43361,872985,873328,343
c_43368,873328,873669,341
c_4340,873669,874011,342
c_43414,874011,874351,340
c_43433,874351,874695,344
c_4345,874695,875034,339
c_43462,875034,875376,342
c_43466,875376,875716,340
c_43488,875716,876057,341
c_43496,876057,876400,343
c_43502,876400,876743,343
c_43511,876743,877086,343
c_43527,877086,877426,340
c_43531,877426,877766,340
c_43534,877766,878109,343
c_43536,878109,878444,335
c_43547,878444,878787,343
c_43549,878787,879130,343
c_43575,879130,879472,342
c_43590,879472,879808,336
c_43596,879808,880151,343
c_43602,880151,880494,343
c_43607,880494,880835,341
c_43638,880835,881178,343
c_43665,881178,881514,336
c_43670,881514,881852,338
c_43674,881852,882195,343
c_43681,882195,882534,339
c_43706,882534,882874,340
c_4371,882874,883211,337
c_43718,883211,883551,340
c_43720,883551,883893,342
c_4373,883893,884230,337
c_43731,884230,884570,340
c_43735,884570,884911,341
c_4380,884911,885250,339
c_43806,885250,885589,339
c_43813,885589,885931,342
c_43814,885931,886273,342
c_43823,886273,886615,342
c_43831,886615,886955,340
c_4384,886955,887297,342
c_43845,887297,887638,341
c_43867,887638,887981,343
c_43883,887981,888323,342
c_43891,888323,888664,341
c_43905,888664,889005,341
c_43957,889005,889342,337
c_44008,889342,889685,343
c_44039,889685,890028,343
c_44050,890028,890371,343
c_44056,890371,890713,342
c_44059,890713,891055,342
c_4409,891055,891391,336
c_44094,891391,891732,341
c_44115,891732,892075,343
c_44118,892075,892415,340
c_44135,892415,892758,343
c_44141,892758,893096,338
c_44164,893096,893438,342
c_44174,893438,893780,342
c_44187,893780,894123,343
c_44189,894123,894306,183
c_44194,894306,894647,341
c_44226,894647,894985,338
c_44256,894985,895325,340
c_4426,895325,895663,338
c_44260,895663,896005,342
c_44266,896005,896347,342
c_44295,896347,896689,342
c_44313,896689,897025,336
c_44328,897025,897369,344
c_44342,897369,897706,337
c_44355,897706,898046,340
c_44360,898046,898381,335
c_44364,898381,898724,343
c_4437,898724,899068,344
c_44406,899068,899406,338
c_44418,899406,899748,342
c_44427,899748,900091,343
c_44525,900091,900429,338
c_44529,900429,900769,340
c_44553,900769,901112,343
c_44555,901112,901454,342
c_44560,901454,901796,342
c_44568,901796,902136,340
c_44574,902136,902468,332
c_44582,902468,902810,342
c_44588,902810,903153,343
c_44601,903153,903490,337
c_44607,903490,903832,342
c_4461,903832,904173,341
c_44613,904173,904516,343
c_44616,904516,904859,343
c_44632,904859,905201,342
c_44644,905201,905538,337
c_4466,905538,905877,339
c_44662,905877,906219,342
c_44685,906219,906561,342
c_44688,906561,906903,342
c_44696,906903,907237,334
c_44707,907237,907576,339
c_44718,907576,907920,344
c_44726,907920,908259,339
c_44730,908259,908603,344
c_44743,908603,908947,344
c_44790,908947,909286,339
c_44791,909286,909630,344
c_44809,909630,909973,343
c_44821,909973,910308,335
c_44829,910308,910649,341
c_44851,910649,910992,343
c_44855,910992,911335,343
c_44867,911335,911673,338
c_44879,911673,912016,343
c_44911,912016,912357,341
c_44921,912357,912698,341
c_44928,912698,913040,342
c_44929,913040,913382,342
c_44953,913382,913725,343
c_44966,913725,914065,340
c_44967,914065,914406,341
c_44976,914406,914749,343
c_44992,914749,915089,340
c_45005,915089,915433,344
c_45021,915433,915776,343
c_45027,915776,916120,344
c_4506,916120,916461,341
c_45072,916461,916801,340
c_45087,916801,917141,340
c_45097,917141,917485,344
c_45107,917485,917829,344
c_45110,917829,918171,342
c_45124,918171,918503,332
c_45134,918503,918843,340
c_45138,918843,919184,341
c_45178,919184,919523,339
c_45209,919523,919866,343
c_45213,919866,920203,337
c_45216,920203,920546,343
c_45224,920546,920887,341
c_4523,920887,921221,334
c_45236,921221,921562,341
c_45243,921562,921904,342
c_45268,921904,922245,341
c_45283,922245,922587,342
c_45284,922587,922927,340
c_45287,922927,923267,340
c_45291,923267,923609,342
c_45293,923609,923952,343
c_45310,923952,924296,344
c_45314,924296,924639,343
c_45335,924639,924975,336
c_4541,924975,925316,341
c_45427,925316,925649,333
c_45484,925649,925980,331
c_45488,925980,926319,339
c_45489,926319,926655,336
c_45515,926655,926996,341
c_45539,926996,927334,338
c_45541,927334,927676,342
c_45546,927676,928017,341
c_45557,928017,928356,339
c_45558,928356,928699,343
c_45576,928699,929041,342
c_45582,929041,929382,341
c_45590,929382,929725,343
c_4560,929725,930063,338
c_45620,930063,930403,340
c_45658,930403,930746,343
c_45659,930746,931086,340
c_45679,931086,931427,341
c_45722,931427,931769,342
c_45730,931769,932108,339
c_45733,932108,932447,339
c_45759,932447,932790,343
c_45772,932790,933132,342
c_45777,933132,933471,339
c_45780,933471,933815,344
c_45786,933815,934151,336
c_45821,934151,934494,343
c_45841,934494,934832,338
c_45855,934832,935174,342
c_4586,935174,935514,340
c_45865,935514,935857,343
c_45872,935857,936199,342
c_45894,936199,936536,337
c_45911,936536,936878,342
c_4593,936878,937216,338
c_45935,937216,937559,343
c_45939,937559,937902,343
c_45940,937902,938242,340
c_4595,938242,938583,341
c_4599,938583,938921,338
c_45998,938921,939264,343
c_45999,939264,939601,337
c_46000,939601,939930,329
c_46002,939930,940264,334
c_46010,940264,940595,331
c_46033,940595,940935,340
c_46045,940935,941271,336
c_4605,941271,941612,341
c_46060,941612,941946,334
c_46065,941946,942285,339
c_46085,942285,942626,341
c_46114,942626,942968,342
c_46116,942968,943292,324
c_46128,943292,943633,341
c_46136,943633,943974,341
c_46156,943974,944318,344
c_46169,944318,944660,342
c_46175,944660,945002,342
c_46193,945002,945340,338
c_462,945340,945682,342
c_46246,945682,946024,342
c_46247,946024,946354,330
c_46279,946354,946696,342
c_46288,946696,947034,338
c_46291,947034,947375,341
c_46292,947375,947716,341
c_46312,947716,948055,339
c_46322,948055,948396,341
c_46337,948396,948739,343
c_46368,948739,949082,343
c_46374,949082,949425,343
c_4640,949425,949764,339
c_46409,949764,950107,343
c_46423,950107,950451,344
c_4643,950451,950793,342
c_46433,950793,951132,339
c_46445,951132,951470,338
c_46449,951470,951802,332
c_46464,951802,952144,342
c_46467,952144,952480,336
c_46471,952480,952819,339
c_46504,952819,953163,344
c_46513,953163,953506,343
c_46524,953506,953847,341
c_46533,953847,954188,341
c_46543,954188,954527,339
c_46546,954527,954858,331
c_46559,954858,955202,344
c_46581,955202,955546,344
c_46616,955546,955886,340
c_46676,955886,956228,342
c_46717,956228,956567,339
c_4672,956567,956910,343
c_46727,956910,957250,340
c_46735,957250,957592,342
c_4675,957592,957904,312
c_46755,957904,958231,327
c_46757,958231,958573,342
c_4676,958573,958916,343
c_46776,958916,959252,336
c_46797,959252,959595,343
c_46799,959595,959939,344
c_46810,959939,960277,338
c_46813,960277,960620,343
c_46827,960620,960959,339
c_4683,960959,961293,334
c_46831,961293,961634,341
c_46837,961634,961974,340
c_4684,961974,962317,343
c_46841,962317,962659,342
c_4686,962659,962999,340
c_46862,962999,963340,341
c_46887,963340,963682,342
c_46898,963682,964018,336
c_46941,964018,964359,341
c_46973,964359,964699,340
c_470,964699,965039,340
c_47007,965039,965378,339
c_4701,965378,965717,339
c_47015,965717,966056,339
c_47053,966056,966399,343
c_47065,966399,966740,341
c_47079,966740,967080,340
c_47081,967080,967422,342
c_47101,967422,967764,342
c_47103,967764,968098,334
c_47106,968098,968441,343
c_47128,968441,968784,343
c_47169,968784,969127,343
c_4719,969127,969458,331
c_47214,969458,969799,341
c_47218,969799,970133,334
c_4722,970133,970470,337
c_47254,970470,970813,343
c_4727,970813,971155,342
c_47271,971155,971498,343
c_47274,971498,971837,339
c_473,971837,972177,340
c_47308,972177,972518,341
c_47317,972518,972861,343
c_47319,972861,973195,334
c_47323,973195,973536,341
c_47329,973536,973878,342
c_47355,973878,974219,341
c_47356,974219,974561,342
c_47383,974561,974899,338
c_47393,974899,975233,334
c_47422,975233,975576,343
c_47427,975576,975919,343
c_47447,975919,976260,341
c_47460,976260,976603,343
c_47461,976603,976947,344
c_47467,976947,977289,342
c_47476,977289,977632,343
c_47486,977632,977972,340
c_47543,977972,978314,342
c_47562,978314,978654,340
c_47593,978654,978996,342
c_47595,978996,979336,340
c_47603,979336,979675,339
c_47618,979675,980016,341
c_47626,980016,980354,338
c_47628,980354,980695,341
c_47663,980695,981035,340
c_47667,981035,981378,343
c_47668,981378,981720,342
c_47672,981720,982063,343
c_47741,982063,982401,338
c_4775,982401,982741,340
c_47808,982741,983082,341
c_47810,983082,983425,343
c_47815,983425,983769,344
c_47920,983769,984111,342
c_47932,984111,984451,340
c_47949,984451,984794,343
c_4795,984794,985135,341
c_47960,985135,985475,340
c_47977,985475,985817,342
c_47980,985817,986149,332
c_47988,986149,986487,338
c_4800,986487,986829,342
c_48012,986829,987172,343
c_48014,987172,987511,339
c_48021,987511,987852,341
c_48079,987852,988190,338
c_48090,988190,988532,342
c_48097,988532,988875,343
c_48100,988875,989210,335
c_48108,989210,989552,342
c_48117,989552,989895,343
c_48128,989895,990235,340
c_48142,990235,990577,342
c_48155,990577,990915,338
c_48188,990915,991257,342
c_482,991257,991599,342
c_48207,991599,991939,340
c_48211,991939,992280,341
c_48213,992280,992612,332
c_48216,992612,992950,338
c_48217,992950,993290,340
c_48230,993290,993618,328
c_48236,993618,993960,342
c_48245,993960,994303,343
c_48274,994303,994643,340
c_48277,994643,994985,342
c_48279,994985,995329,344
c_48284,995329,995671,342
c_48291,995671,996010,339
c_4830,996010,996341,331
c_48300,996341,996682,341
c_48349,996682,997014,332
c_48352,997014,997358,344
c_48354,997358,997697,339
c_48385,997697,998036,339
c_4839,998036,998378,342
c_48396,998378,998714,336
c_48412,998714,999052,338
c_48416,999052,999386,334
c_48420,999386,999709,323
c_48433,999709,1000051,342
c_48436,1000051,1000387,336
c_48449,1000387,1000724,337
c_4845,1000724,1001066,342
c_48461,1001066,1001409,343
c_48464,1001409,1001747,338
c_48479,1001747,1002083,336
c_48485,1002083,1002424,341
c_48487,1002424,1002767,343
c_48489,1002767,1003109,342
c_48490,1003109,1003452,343
c_48492,1003452,1003792,340
c_48493,1003792,1004131,339
c_48495,1004131,1004472,341
c_48523,1004472,1004812,340
c_48527,1004812,1005144,332
c_48540,1005144,1005481,337
c_48550,1005481,1005820,339
c_4856,1005820,1006163,343
c_48565,1006163,1006504,341
c_48579,1006504,1006845,341
c_4860,1006845,1007188,343
c_48612,1007188,1007526,338
c_48615,1007526,1007864,338
c_48621,1007864,1008198,334
c_48629,1008198,1008541,343
c_48642,1008541,1008873,332
c_48643,1008873,1009210,337
c_48673,1009210,1009553,343
c_48678,1009553,1009891,338
c_487,1009891,1010216,325
c_48716,1010216,1010553,337
c_48722,1010553,1010895,342
c_48731,1010895,1011238,343
c_48737,1011238,1011579,341
c_48754,1011579,1011920,341
c_48757,1011920,1012260,340
c_48794,1012260,1012603,343
c_48817,1012603,1012944,341
c_48819,1012944,1013284,340
c_48830,1013284,1013619,335
c_48845,1013619,1013961,342
c_48872,1013961,1014294,333
c_48924,1014294,1014636,342
c_48934,1014636,1014978,342
c_48972,1014978,1015252,274
c_48985,1015252,1015594,342
c_48990,1015594,1015936,342
c_49041,1015936,1016277,341
c_49042,1016277,1016608,331
c_49045,1016608,1016951,343
c_49060,1016951,1017293,342
c_49070,1017293,1017629,336
c_49084,1017629,1017973,344
c_49087,1017973,1018305,332
c_49112,1018305,1018647,342
c_49127,1018647,1018989,342
c_49151,1018989,1019331,342
c_49153,1019331,1019675,344
c_49159,1019675,1020018,343
c_49178,1020018,1020355,337
c_49181,1020355,1020695,340
c_49232,1020695,1021035,340
c_49248,1021035,1021378,343
c_49255,1021378,1021718,340
c_49260,1021718,1022055,337
c_49268,1022055,1022397,342
c_49271,1022397,1022735,338
c_49275,1022735,1023077,342
c_49288,1023077,1023417,340
c_49302,1023417,1023758,341
c_49328,1023758,1024082,324
c_49331,1024082,1024425,343
c_49344,1024425,1024766,341
c_49369,1024766,1025109,343
c_49393,1025109,1025448,339
c_49399,1025448,1025790,342
c_49405,1025790,1026131,341
c_49410,1026131,1026473,342
c_49423,1026473,1026814,341
c_49431,1026814,1027157,343
c_4944,1027157,1027500,343
c_49449,1027500,1027834,334
c_49452,1027834,1028178,344
c_49454,1028178,1028511,333
c_49455,1028511,1028833,322
c_49485,1028833,1029176,343
c_49499,1029176,1029509,333
c_49529,1029509,1029853,344
c_49550,1029853,1030195,342
c_4957,1030195,1030524,329
c_49571,1030524,1030861,337
c_49573,1030861,1031192,331
c_49589,1031192,1031534,342
c_49597,1031534,1031878,344
c_49598,1031878,1032221,343
c_496,1032221,1032559,338
c_49604,1032559,1032902,343
c_49607,1032902,1033245,343
c_4961,1033245,1033589,344
c_49620,1033589,1033931,342
c_49622,1033931,1034270,339
c_49625,1034270,1034608,338
c_49630,1034608,1034944,336
c_49638,1034944,1035283,339
c_49663,1035283,1035622,339
c_49673,1035622,1035963,341
c_49690,1035963,1036306,343
c_49698,1036306,1036641,335
c_49706,1036641,1036983,342
c_4971,1036983,1037320,337
c_4972,1037320,1037655,335
c_49769,1037655,1037995,340
c_49781,1037995,1038046,51
c_49820,1038046,1038387,341
c_49835,1038387,1038731,344
c_49838,1038731,1039072,341
c_49852,1039072,1039414,342
c_49860,1039414,1039757,343
c_49864,1039757,1040098,341
c_49881,1040098,1040439,341
c_49888,1040439,1040780,341
c_49913,1040780,1041118,338
c_4993,1041118,1041461,343
c_49952,1041461,1041801,340
c_49970,1041801,1042143,342
c_49978,1042143,1042485,342
c_49980,1042485,1042827,342
c_50021,1042827,1043169,342
c_50059,1043169,1043510,341
c_50072,1043510,1043853,343
c_50090,1043853,1044196,343
c_50100,1044196,1044536,340
c_50109,1044536,1044876,340
c_50135,1044876,1045212,336
c_5015,1045212,1045553,341
c_50162,1045553,1045884,331
c_50164,1045884,1046220,336
c_50165,1046220,1046557,337
c_50168,1046557,1046899,342
c_50194,1046899,1047232,333
c_50201,1047232,1047574,342
c_5021,1047574,1047917,343
c_50219,1047917,1048258,341
c_50242,1048258,1048600,342
c_5025,1048600,1048940,340
c_50250,1048940,1049282,342
c_50265,1049282,1049554,272
c_50283,1049554,1049879,325
c_50291,1049879,1050220,341
c_50309,1050220,1050564,344
c_50336,1050564,1050905,341
c_5035,1050905,1051248,343
c_50363,1051248,1051589,341
c_50367,1051589,1051927,338
c_50377,1051927,1052261,334
c_50388,1052261,1052604,343
c_504,1052604,1052945,341
c_5040,1052945,1053283,338
c_50417,1053283,1053617,334
c_50448,1053617,1053949,332
c_50464,1053949,1054291,342
c_50490,1054291,1054634,343
c_50492,1054634,1054970,336
c_505,1054970,1055310,340
c_5050,1055310,1055647,337
c_50518,1055647,1055990,343
c_50545,1055990,1056330,340
c_50551,1056330,1056673,343
c_50561,1056673,1057011,338
c_50572,1057011,1057351,340
c_50588,1057351,1057694,343
c_50595,1057694,1058034,340
c_50605,1058034,1058375,341
c_5063,1058375,1058713,338
c_50641,1058713,1059053,340
c_50667,1059053,1059396,343
c_50669,1059396,1059736,340
c_50697,1059736,1060072,336
c_50700,1060072,1060412,340
c_50706,1060412,1060749,337
c_50710,1060749,1061089,340
c_50720,1061089,1061431,342
c_50725,1061431,1061769,338
c_50740,1061769,1062111,342
c_50742,1062111,1062452,341
c_50745,1062452,1062791,339
c_50758,1062791,1063131,340
c_50765,1063131,1063474,343
c_50767,1063474,1063815,341
c_50791,1063815,1064154,339
c_50792,1064154,1064489,335
c_50805,1064489,1064832,343
c_50819,1064832,1065174,342
c_50820,1065174,1065515,341
c_50824,1065515,1065857,342
c_50837,1065857,1066199,342
c_50842,1066199,1066539,340
c_50845,1066539,1066879,340
c_50849,1066879,1067222,343
c_5085,1067222,1067565,343
c_50854,1067565,1067908,343
c_50857,1067908,1068242,334
c_50881,1068242,1068582,340
c_5089,1068582,1068922,340
c_509,1068922,1069263,341
c_5090,1069263,1069605,342
c_50909,1069605,1069945,340
c_50918,1069945,1070288,343
c_50944,1070288,1070628,340
c_50946,1070628,1070968,340
c_50989,1070968,1071306,338
c_50990,1071306,1071648,342
c_51005,1071648,1071992,344
c_51009,1071992,1072333,341
c_51015,1072333,1072676,343
c_51045,1072676,1073019,343
c_51053,1073019,1073355,336
c_51061,1073355,1073698,343
c_51063,1073698,1074033,335
c_51068,1074033,1074376,343
c_51105,1074376,1074719,343
c_51135,1074719,1075062,343
c_51138,1075062,1075405,343
c_51149,1075405,1075747,342
c_51212,1075747,1076087,340
c_5122,1076087,1076419,332
c_51231,1076419,1076762,343
c_51248,1076762,1077091,329
c_51266,1077091,1077430,339
c_51275,1077430,1077772,342
c_51331,1077772,1078114,342
c_51342,1078114,1078457,343
c_51347,1078457,1078794,337
c_51357,1078794,1079123,329
c_51371,1079123,1079459,336
c_51375,1079459,1079800,341
c_51407,1079800,1080143,343
c_51434,1080143,1080485,342
c_51443,1080485,1080826,341
c_51465,1080826,1081168,342
c_51466,1081168,1081504,336
c_51469,1081504,1081754,250
c_51476,1081754,1082088,334
c_51478,1082088,1082432,344
c_51483,1082432,1082768,336
c_5150,1082768,1083107,339
c_51525,1083107,1083443,336
c_51533,1083443,1083786,343
c_51539,1083786,1084128,342
c_5157,1084128,1084469,341
c_51585,1084469,1084811,342
c_51590,1084811,1085154,343
c_51601,1085154,1085497,343
c_51628,1085497,1085838,341
c_51635,1085838,1086176,338
c_51655,1086176,1086518,342
c_51667,1086518,1086856,338
c_51668,1086856,1087194,338
c_51675,1087194,1087533,339
c_51699,1087533,1087876,343
c_51701,1087876,1088219,343
c_51724,1088219,1088560,341
c_51736,1088560,1088901,341
c_51739,1088901,1089245,344
c_51769,1089245,1089587,342
c_51775,1089587,1089930,343
c_51778,1089930,1090273,343
c_51783,1090273,1090605,332
c_51805,1090605,1090948,343
c_51826,1090948,1091291,343
c_51871,1091291,1091628,337
c_51895,1091628,1091966,338
c_51949,1091966,1092305,339
c_51950,1092305,1092647,342
c_52000,1092647,1092987,340
c_52007,1092987,1093326,339
c_52021,1093326,1093667,341
c_5204,1093667,1094007,340
c_52043,1094007,1094348,341
c_52050,1094348,1094687,339
c_52054,1094687,1095030,343
c_52076,1095030,1095368,338
c_52089,1095368,1095709,341
c_52127,1095709,1096052,343
c_52130,1096052,1096395,343
c_52139,1096395,1096736,341
c_52141,1096736,1097079,343
c_52156,1097079,1097417,338
c_52157,1097417,1097758,341
c_52171,1097758,1098102,344
c_52177,1098102,1098442,340
c_52182,1098442,1098785,343
c_52184,1098785,1099124,339
c_52201,1099124,1099459,335
c_52213,1099459,1099801,342
c_52252,1099801,1100140,339
c_52258,1100140,1100484,344
c_52281,1100484,1100825,341
c_52295,1100825,1101166,341
c_52306,1101166,1101508,342
c_52366,1101508,1101850,342
c_52375,1101850,1102193,343
c_52378,1102193,1102535,342
c_52398,1102535,1102878,343
c_52415,1102878,1103221,343
c_52425,1103221,1103561,340
c_52433,1103561,1103901,340
c_52438,1103901,1104245,344
c_52446,1104245,1104578,333
c_52473,1104578,1104919,341
c_52488,1104919,1105261,342
c_52518,1105261,1105603,342
c_52526,1105603,1105945,342
c_52536,1105945,1106281,336
c_52538,1106281,1106617,336
c_52541,1106617,1106960,343
c_52568,1106960,1107301,341
c_5259,1107301,1107640,339
c_52600,1107640,1107978,338
c_52602,1107978,1108317,339
c_52608,1108317,1108658,341
c_52637,1108658,1108991,333
c_52647,1108991,1109333,342
c_52652,1109333,1109672,339
c_5267,1109672,1110014,342
c_52672,1110014,1110356,342
c_52682,1110356,1110700,344
c_5269,1110700,1111039,339
c_52704,1111039,1111380,341
c_52707,1111380,1111723,343
c_52730,1111723,1112067,344
c_52740,1112067,1112410,343
c_52763,1112410,1112744,334
c_52764,1112744,1113081,337
c_52775,1113081,1113425,344
c_52780,1113425,1113767,342
c_52800,1113767,1114109,342
c_52812,1114109,1114452,343
c_52823,1114452,1114794,342
c_52831,1114794,1115136,342
c_52833,1115136,1115473,337
c_52834,1115473,1115814,341
c_52863,1115814,1116156,342
c_52871,1116156,1116496,340
c_52881,1116496,1116834,338
c_52889,1116834,1117172,338
c_52894,1117172,1117510,338
c_52895,1117510,1117854,344
c_52897,1117854,1118196,342
c_5290,1118196,1118539,343
c_52906,1118539,1118879,340
c_5292,1118879,1119221,342
c_52931,1119221,1119563,342
c_5295,1119563,1119901,338
c_52952,1119901,1120238,337
c_52972,1120238,1120580,342
c_52984,1120580,1120920,340
c_53005,1120920,1121255,335
c_53007,1121255,1121594,339
c_53010,1121594,1121919,325
c_53027,1121919,1122261,342
c_53031,1122261,1122604,343
c_53039,1122604,1122946,342
c_53042,1122946,1123286,340
c_53046,1123286,1123617,331
c_53067,1123617,1123958,341
c_53070,1123958,1124297,339
c_53076,1124297,1124635,338
c_53103,1124635,1124978,343
c_53114,1124978,1125311,333
c_53117,1125311,1125654,343
c_53122,1125654,1125992,338
c_53127,1125992,1126334,342
c_53135,1126334,1126677,343
c_53136,1126677,1127018,341
c_53229,1127018,1127357,339
c_53243,1127357,1127696,339
c_53250,1127696,1128036,340
c_53251,1128036,1128378,342
c_53255,1128378,1128718,340
c_53273,1128718,1129061,343
c_53279,1129061,1129403,342
c_53287,1129403,1129743,340
c_53307,1129743,1130084,341
c_53334,1130084,1130428,344
c_53356,1130428,1130771,343
c_53364,1130771,1131112,341
c_53368,1131112,1131456,344
c_5338,1131456,1131799,343
c_53393,1131799,1132141,342
c_53397,1132141,1132480,339
c_53398,1132480,1132821,341
c_53412,1132821,1133163,342
c_53414,1133163,1133506,343
c_53433,1133506,1133849,343
c_53442,1133849,1134190,341
c_53457,1134190,1134533,343
c_53463,1134533,1134873,340
c_53465,1134873,1135216,343
c_53468,1135216,1135558,342
c_5350,1135558,1135900,342
c_53505,1135900,1136242,342
c_53537,1136242,1136584,342
c_53569,1136584,1136926,342
c_5357,1136926,1137269,343
c_53589,1137269,1137612,343
c_53611,1137612,1137953,341
c_53623,1137953,1138296,343
c_53636,1138296,1138635,339
c_53644,1138635,1138973,338
c_53653,1138973,1139316,343
c_53671,1139316,1139658,342
c_53676,1139658,1139996,338
c_53690,1139996,1140339,343
c_53699,1140339,1140682,343
c_53705,1140682,1141025,343
c_53711,1141025,1141367,342
c_53733,1141367,1141708,341
c_53751,1141708,1142050,342
c_53752,1142050,1142388,338
c_53755,1142388,1142730,342
c_53798,1142730,1143073,343
c_538,1143073,1143417,344
c_53801,1143417,1143754,337
c_5381,1143754,1144097,343
c_53810,1144097,1144435,338
c_53821,1144435,1144771,336
c_53822,1144771,1145113,342
c_53823,1145113,1145454,341
c_53836,1145454,1145795,341
c_53837,1145795,1146132,337
c_53838,1146132,1146474,342
c_53846,1146474,1146814,340
c_53860,1146814,1147139,325
c_53868,1147139,1147480,341
c_53875,1147480,1147820,340
c_53881,1147820,1148159,339
c_53893,1148159,1148500,341
c_53935,1148500,1148843,343
c_53957,1148843,1149186,343
c_53964,1149186,1149529,343
c_53979,1149529,1149871,342
c_53984,1149871,1150213,342
c_53988,1150213,1150554,341
c_53989,1150554,1150894,340
c_54001,1150894,1151236,342
c_54002,1151236,1151575,339
c_54006,1151575,1151917,342
c_54007,1151917,1152253,336
c_54011,1152253,1152596,343
c_54014,1152596,1152937,341
c_54028,1152937,1153276,339
c_54031,1153276,1153615,339
c_54033,1153615,1153949,334
c_54047,1153949,1154288,339
c_54059,1154288,1154630,342
c_54065,1154630,1154973,343
c_54083,1154973,1155309,336
c_54089,1155309,1155653,344
c_54097,1155653,1155994,341
c_54104,1155994,1156336,342
c_54131,1156336,1156676,340
c_54143,1156676,1157013,337
c_54165,1157013,1157353,340
c_54174,1157353,1157696,343
c_54187,1157696,1158031,335
c_54188,1158031,1158374,343
c_54192,1158374,1158716,342
c_54214,1158716,1159059,343
c_54224,1159059,1159402,343
c_54247,1159402,1159744,342
c_54251,1159744,1160087,343
c_54253,1160087,1160429,342
c_54254,1160429,1160773,344
c_54266,1160773,1161116,343
c_54287,1161116,1161458,342
c_54296,1161458,1161797,339
c_54323,1161797,1162136,339
c_54340,1162136,1162479,343
c_5435,1162479,1162822,343
c_54354,1162822,1163162,340
c_5439,1163162,1163505,343
c_54394,1163505,1163838,333
c_5442,1163838,1164182,344
c_54473,1164182,1164520,338
c_54524,1164520,1164860,340
c_54535,1164860,1165192,332
c_54548,1165192,1165532,340
c_54570,1165532,1165871,339
c_5462,1165871,1166204,333
c_54636,1166204,1166545,341
c_54638,1166545,1166887,342
c_54660,1166887,1167228,341
c_54671,1167228,1167567,339
c_54674,1167567,1167909,342
c_54687,1167909,1168251,342
c_54699,1168251,1168594,343
c_54708,1168594,1168937,343
c_5473,1168937,1169274,337
c_54763,1169274,1169614,340
c_54800,1169614,1169952,338
c_54807,1169952,1170292,340
c_54826,1170292,1170635,343
c_54827,1170635,1170967,332
c_54854,1170967,1171307,340
c_54869,1171307,1171650,343
c_54910,1171650,1171992,342
c_54911,1171992,1172333,341
c_54915,1172333,1172675,342
c_54925,1172675,1173017,342
c_54965,1173017,1173356,339
c_54971,1173356,1173696,340
c_54973,1173696,1174038,342
c_55012,1174038,1174375,337
c_55019,1174375,1174709,334
c_55044,1174709,1175051,342
c_55047,1175051,1175389,338
c_55049,1175389,1175728,339
c_55056,1175728,1176070,342
c_55057,1176070,1176404,334
c_55069,1176404,1176745,341
c_55076,1176745,1177087,342
c_55080,1177087,1177425,338
c_55112,1177425,1177768,343
c_55120,1177768,1178112,344
c_55121,1178112,1178453,341
c_55137,1178453,1178796,343
c_55141,1178796,1179139,343
c_55146,1179139,1179481,342
c_55155,1179481,1179824,343
c_55158,1179824,1180168,344
c_55160,1180168,1180506,338
c_55193,1180506,1180846,340
c_55196,1180846,1181188,342
c_55208,1181188,1181531,343
c_55230,1181531,1181874,343
c_55254,1181874,1182215,341
c_55256,1182215,1182551,336
c_55267,1182551,1182892,341
c_55281,1182892,1183233,341
c_55288,1183233,1183575,342
c_55291,1183575,1183917,342
c_55306,1183917,1184260,343
c_55329,1184260,1184601,341
c_55347,1184601,1184944,343
c_55356,1184944,1185283,339
c_55359,1185283,1185625,342
c_5536,1185625,1185968,343
c_55363,1185968,1186304,336
c_55383,1186304,1186641,337
c_55485,1186641,1186985,344
c_5551,1186985,1187325,340
c_55516,1187325,1187667,342
c_55544,1187667,1188011,344
c_5555,1188011,1188353,342
c_55585,1188353,1188697,344
c_55587,1188697,1189034,337
c_55613,1189034,1189372,338
c_55616,1189372,1189715,343
c_55617,1189715,1190050,335
c_55645,1190050,1190393,343
c_55654,1190393,1190733,340
c_55662,1190733,1191074,341
c_55664,1191074,1191413,339
c_55724,1191413,1191755,342
c_55729,1191755,1192097,342
c_55743,1192097,1192431,334
c_55763,1192431,1192762,331
c_55768,1192762,1193105,343
c_55770,1193105,1193448,343
c_55801,1193448,1193790,342
c_55809,1193790,1194133,343
c_55820,1194133,1194475,342
c_55831,1194475,1194817,342
c_55850,1194817,1195161,344
c_55902,1195161,1195500,339
c_55913,1195500,1195844,344
c_55944,1195844,1196188,344
c_55955,1196188,1196532,344
c_55956,1196532,1196873,341
c_55978,1196873,1197215,342
c_55997,1197215,1197558,343
c_560,1197558,1197898,340
c_56013,1197898,1198241,343
c_56017,1198241,1198584,343
c_5602,1198584,1198925,341
c_56025,1198925,1199260,335
c_5603,1199260,1199603,343
c_56030,1199603,1199946,343
c_56032,1199946,1200284,338
c_56045,1200284,1200619,335
c_56089,1200619,1200962,343
c_56097,1200962,1201304,342
c_56121,1201304,1201648,344
c_56123,1201648,1201982,334
c_56133,1201982,1202324,342
c_56156,1202324,1202661,337
c_5616,1202661,1202990,329
c_5618,1202990,1203331,341
c_56193,1203331,1203673,342
c_56198,1203673,1204014,341
c_56202,1204014,1204356,342
c_56203,1204356,1204696,340
c_56221,1204696,1205033,337
c_56227,1205033,1205366,333
c_56236,1205366,1205705,339
c_56251,1205705,1206045,340
c_56263,1206045,1206388,343
c_56266,1206388,1206729,341
c_56281,1206729,1207072,343
c_56299,1207072,1207408,336
c_56302,1207408,1207750,342
c_5631,1207750,1207804,54
c_5632,1207804,1208147,343
c_56322,1208147,1208490,343
c_56324,1208490,1208833,343
c_56330,1208833,1209163,330
c_56331,1209163,1209502,339
c_56368,1209502,1209838,336
c_56371,1209838,1210181,343
c_56381,1210181,1210522,341
c_5641,1210522,1210866,344
c_56442,1210866,1211206,340
c_56452,1211206,1211546,340
c_56454,1211546,1211880,334
c_56455,1211880,1212062,182
c_56465,1212062,1212390,328
c_56471,1212390,1212732,342
c_56485,1212732,1213074,342
c_56504,1213074,1213418,344
c_56506,1213418,1213758,340
c_56514,1213758,1214102,344
c_56535,1214102,1214442,340
c_56539,1214442,1214781,339
c_56541,1214781,1215124,343
c_56542,1215124,1215465,341
c_56570,1215465,1215808,343
c_56571,1215808,1216151,343
c_56580,1216151,1216489,338
c_56583,1216489,1216825,336
c_566,1216825,1217154,329
c_56607,1217154,1217496,342
c_56624,1217496,1217780,284
c_56632,1217780,1218122,342
c_56634,1218122,1218466,344
c_56635,1218466,1218809,343
c_56637,1218809,1219148,339
c_56652,1219148,1219484,336
c_56663,1219484,1219826,342
c_56673,1219826,1220168,342
c_56702,1220168,1220508,340
c_56707,1220508,1220841,333
c_56710,1220841,1221183,342
c_56758,1221183,1221525,342
c_56761,1221525,1221865,340
c_56770,1221865,1222205,340
c_56782,1222205,1222544,339
c_56813,1222544,1222887,343
c_56814,1222887,1223226,339
c_56816,1223226,1223566,340
c_5682,1223566,1223900,334
c_56826,1223900,1224233,333
c_56843,1224233,1224573,340
c_56846,1224573,1224917,344
c_56850,1224917,1225258,341
c_56857,1225258,1225597,339
c_56880,1225597,1225921,324
c_56895,1225921,1226260,339
c_56922,1226260,1226602,342
c_56926,1226602,1226944,342
c_56932,1226944,1227287,343
c_56943,1227287,1227623,336
c_56946,1227623,1227963,340
c_56957,1227963,1228304,341
c_56977,1228304,1228643,339
c_56998,1228643,1228986,343
c_57004,1228986,1229328,342
c_57006,1229328,1229671,343
c_57019,1229671,1230012,341
c_57053,1230012,1230352,340
c_57068,1230352,1230692,340
c_57069,1230692,1231034,342
c_57075,1231034,1231370,336
c_57078,1231370,1231713,343
c_57083,1231713,1232052,339
c_57087,1232052,1232396,344
c_57094,1232396,1232725,329
c_57124,1232725,1233067,342
c_57127,1233067,1233408,341
c_57131,1233408,1233750,342
c_5715,1233750,1234091,341
c_57165,1234091,1234430,339
c_57178,1234430,1234771,341
c_57184,1234771,1235113,342
c_572,1235113,1235455,342
c_57280,1235455,1235795,340
c_57317,1235795,1236138,343
c_57321,1236138,1236480,342
c_57347,1236480,1236815,335
c_57351,1236815,1237158,343
c_57353,1237158,1237499,341
c_5736,1237499,1237842,343
c_57377,1237842,1238181,339
c_57387,1238181,1238525,344
c_57394,1238525,1238868,343
c_5741,1238868,1239207,339
c_57424,1239207,1239550,343
c_57428,1239550,1239892,342
c_57429,1239892,1240230,338
c_57433,1240230,1240571,341
c_57441,1240571,1240909,338
c_57446,1240909,1241246,337
c_57460,1241246,1241576,330
c_57486,1241576,1241916,340
c_57492,1241916,1242260,344
c_57518,1242260,1242602,342
c_57567,1242602,1242945,343
c_57607,1242945,1243285,340
c_57655,1243285,1243628,343
c_57685,1243628,1243970,342
c_57687,1243970,1244311,341
c_5770,1244311,1244654,343
c_5771,1244654,1244995,341
c_5773,1244995,1245335,340
c_57730,1245335,1245673,338
c_57742,1245673,1246015,342
c_57760,1246015,1246351,336
c_57766,1246351,1246681,330
c_57772,1246681,1247018,337
c_57774,1247018,1247361,343
c_57776,1247361,1247704,343
c_57777,1247704,1248046,342
c_57778,1248046,1248386,340
c_57807,1248386,1248726,340
c_57812,1248726,1249068,342
c_57834,1249068,1249405,337
c_57844,1249405,1249747,342
c_57852,1249747,1250090,343
c_57875,1250090,1250433,343
c_57898,1250433,1250773,340
c_57908,1250773,1251113,340
c_57924,1251113,1251453,340
c_57935,1251453,1251795,342
c_57943,1251795,1252139,344
c_57951,1252139,1252482,343
c_57953,1252482,1252822,340
c_57954,1252822,1253159,337
c_57965,1253159,1253501,342
c_57980,1253501,1253843,342
c_57992,1253843,1254174,331
c_58004,1254174,1254517,343
c_58068,1254517,1254857,340
c_58070,1254857,1255200,343
c_58076,1255200,1255544,344
c_58088,1255544,1255886,342
c_58094,1255886,1256221,335
c_58108,1256221,1256564,343
c_58145,1256564,1256907,343
c_58153,1256907,1257250,343
c_58157,1257250,1257594,344
c_58160,1257594,1257936,342
c_58173,1257936,1258276,340
c_58182,1258276,1258610,334
c_58191,1258610,1258950,340
c_58221,1258950,1259290,340
c_58242,1259290,1259628,338
c_58246,1259628,1259965,337
c_58264,1259965,1260308,343
c_58295,1260308,1260647,339
c_583,1260647,1260988,341
c_58312,1260988,1261331,343
c_58323,1261331,1261671,340
c_58339,1261671,1262013,342
c_58348,1262013,1262356,343
c_58362,1262356,1262697,341
c_58367,1262697,1263037,340
c_58378,1263037,1263376,339
c_58380,1263376,1263716,340
c_58392,1263716,1264059,343
c_58405,1264059,1264399,340
c_58431,1264399,1264742,343
c_58476,1264742,1265080,338
c_58507,1265080,1265423,343
c_58546,1265423,1265761,338
c_58564,1265761,1266104,343
c_58580,1266104,1266446,342
c_58590,1266446,1266789,343
c_58603,1266789,1267131,342
c_58616,1267131,1267472,341
c_5863,1267472,1267805,333
c_58646,1267805,1268148,343
c_58714,1268148,1268492,344
c_58721,1268492,1268832,340
c_5875,1268832,1269175,343
c_58779,1269175,1269518,343
c_58792,1269518,1269861,343
c_58829,1269861,1270190,329
c_58830,1270190,1270530,340
c_58854,1270530,1270871,341
c_58875,1270871,1271210,339
c_58876,1271210,1271551,341
c_58878,1271551,1271891,340
c_58884,1271891,1272231,340
c_58935,1272231,1272575,344
c_5895,1272575,1272917,342
c_58951,1272917,1273259,342
c_58986,1273259,1273598,339
c_58992,1273598,1273935,337
c_59008,1273935,1274276,341
c_59010,1274276,1274619,343
c_59017,1274619,1274958,339
c_59018,1274958,1275297,339
c_59019,1275297,1275638,341
c_59049,1275638,1275979,341
c_59061,1275979,1276318,339
c_59068,1276318,1276661,343
c_59081,1276661,1276993,332
c_59108,1276993,1277332,339
c_5916,1277332,1277674,342
c_59191,1277674,1278011,337
c_59207,1278011,1278354,343
c_59210,1278354,1278695,341
c_59239,1278695,1279037,342
c_5924,1279037,1279380,343
c_59272,1279380,1279723,343
c_59284,1279723,1280065,342
c_59298,1280065,1280408,343
c_59305,1280408,1280743,335
c_59307,1280743,1281084,341
c_59370,1281084,1281426,342
c_59373,1281426,1281766,340
c_59390,1281766,1282107,341
c_59418,1282107,1282445,338
c_59435,1282445,1282785,340
c_5945,1282785,1283126,341
c_59469,1283126,1283467,341
c_59487,1283467,1283809,342
c_5949,1283809,1284141,332
c_59508,1284141,1284481,340
c_59523,1284481,1284824,343
c_59533,1284824,1285164,340
c_59566,1285164,1285498,334
c_59581,1285498,1285837,339
c_59598,1285837,1286178,341
c_5961,1286178,1286516,338
c_59629,1286516,1286684,168
c_59676,1286684,1287023,339
c_59711,1287023,1287358,335
c_59721,1287358,1287699,341
c_59742,1287699,1288039,340
c_59746,1288039,1288380,341
c_5977,1288380,1288721,341
c_59771,1288721,1289060,339
c_59777,1289060,1289398,338
c_5981,1289398,1289738,340
c_59814,1289738,1290081,343
c_59825,1290081,1290423,342
c_59829,1290423,1290767,344
c_59830,1290767,1291109,342
c_59855,1291109,1291452,343
c_59905,1291452,1291795,343
c_59918,1291795,1292138,343
c_59936,1292138,1292477,339
c_5995,1292477,1292820,343
c_59960,1292820,1293151,331
c_59961,1293151,1293491,340
c_5998,1293491,1293835,344
c_59980,1293835,1294175,340
c_59998,1294175,1294504,329
c_6,1294504,1294848,344
c_60002,1294848,1295186,338
c_60017,1295186,1295530,344
c_60032,1295530,1295863,333
c_6004,1295863,1296206,343
c_60060,1296206,1296549,343
c_60091,1296549,1296889,340
c_60117,1296889,1297230,341
c_60119,1297230,1297569,339
c_60123,1297569,1297910,341
c_60127,1297910,1298250,340
c_60131,1298250,1298589,339
c_60139,1298589,1298929,340
c_60148,1298929,1299267,338
c_60169,1299267,1299607,340
c_60186,1299607,1299948,341
c_60196,1299948,1300289,341
c_60199,1300289,1300630,341
c_60200,1300630,1300973,343
c_60208,1300973,1301316,343
c_60211,1301316,1301659,343
c_60219,1301659,1301995,336
c_60236,1301995,1302337,342
c_60238,1302337,1302681,344
c_60244,1302681,1303021,340
c_60266,1303021,1303363,342
c_60275,1303363,1303704,341
c_60306,1303704,1304042,338
c_60318,1304042,1304382,340
c_60326,1304382,1304720,338
c_60333,1304720,1305062,342
c_60356,1305062,1305401,339
c_60367,1305401,1305744,343
c_60396,1305744,1306086,342
c_60399,1306086,1306429,343
c_60419,1306429,1306769,340
c_60436,1306769,1307112,343
c_60442,1307112,1307452,340
c_60462,1307452,1307792,340
c_60474,1307792,1308135,343
c_60485,1308135,1308468,333
c_60520,1308468,1308810,342
c_60521,1308810,1309152,342
c_60529,1309152,1309492,340
c_60532,1309492,1309831,339
c_60537,1309831,1310161,330
c_60548,1310161,1310494,333
c_60558,1310494,1310835,341
c_60585,1310835,1311177,342
c_60587,1311177,1311516,339
c_60595,1311516,1311855,339
c_60596,1311855,1312195,340
c_60606,1312195,1312535,340
c_60637,1312535,1312877,342
c_60640,1312877,1313219,342
c_60642,1313219,1313553,334
c_60650,1313553,1313894,341
c_60695,1313894,1314230,336
c_60698,1314230,1314573,343
c_60718,1314573,1314912,339
c_60724,1314912,1315255,343
c_60728,1315255,1315595,340
c_60737,1315595,1315936,341
c_60755,1315936,1316277,341
c_6076,1316277,1316621,344
c_60767,1316621,1316963,342
c_6078,1316963,1317300,337
c_6083,1317300,1317640,340
c_60847,1317640,1317982,342
c_60855,1317982,1318322,340
c_6093,1318322,1318664,342
c_60936,1318664,1319005,341
c_60937,1319005,1319344,339
c_60940,1319344,1319687,343
c_60942,1319687,1320024,337
c_60950,1320024,1320367,343
c_6099,1320367,1320705,338
c_61005,1320705,1321048,343
c_61007,1321048,1321387,339
c_61035,1321387,1321730,343
c_61037,1321730,1322057,327
c_61052,1322057,1322397,340
c_61061,1322397,1322737,340
c_61084,1322737,1323077,340
c_61096,1323077,1323420,343
c_61100,1323420,1323763,343
c_61104,1323763,1324106,343
c_61112,1324106,1324442,336
c_61118,1324442,1324775,333
c_61126,1324775,1325118,343
c_61136,1325118,1325459,341
c_6116,1325459,1325801,342
c_61178,1325801,1326133,332
c_6118,1326133,1326477,344
c_61200,1326477,1326819,342
c_61205,1326819,1327162,343
c_61227,1327162,1327505,343
c_61266,1327505,1327847,342
c_6130,1327847,1328187,340
c_6131,1328187,1328524,337
c_61325,1328524,1328868,344
c_61357,1328868,1329209,341
c_61382,1329209,1329549,340
c_61400,1329549,1329891,342
c_61405,1329891,1330234,343
c_61411,1330234,1330576,342
c_61425,1330576,1330918,342
c_61472,1330918,1331257,339
c_6148,1331257,1331499,242
c_61502,1331499,1331842,343
c_61511,1331842,1332185,343
c_61518,1332185,1332526,341
c_61534,1332526,1332868,342
c_61536,1332868,1333195,327
c_61544,1333195,1333534,339
c_6160,1333534,1333872,338
c_6161,1333872,1334215,343
c_61651,1334215,1334555,340
c_6167,1334555,1334896,341
c_61688,1334896,1335237,341
c_61709,1335237,1335580,343
c_61736,1335580,1335921,341
c_61739,1335921,1336261,340
c_61741,1336261,1336604,343
c_61802,1336604,1336945,341
c_61805,1336945,1337282,337
c_61820,1337282,1337626,344
c_61830,1337626,1337967,341
c_61837,1337967,1338307,340
c_61846,1338307,1338648,341
c_61875,1338648,1338985,337
c_61884,1338985,1339327,342
c_61892,1339327,1339666,339
c_61903,1339666,1340009,343
c_61920,1340009,1340348,339
c_61931,1340348,1340689,341
c_61962,1340689,1341022,333
c_6197,1341022,1341362,340
c_61980,1341362,1341705,343
c_61981,1341705,1342049,344
c_62012,1342049,1342390,341
c_62025,1342390,1342731,341
c_62029,1342731,1343074,343
c_6203,1343074,1343416,342
c_62033,1343416,1343754,338
c_62040,1343754,1344098,344
c_62044,1344098,1344437,339
c_62071,1344437,1344773,336
c_6208,1344773,1345113,340
c_62090,1345113,1345455,342
c_62121,1345455,1345798,343
c_62123,1345798,1346139,341
c_62130,1346139,1346470,331
c_62137,1346470,1346809,339
c_62155,1346809,1347151,342
c_62178,1347151,1347494,343
c_62187,1347494,1347837,343
c_62193,1347837,1348179,342
c_62195,1348179,1348520,341
c_62196,1348520,1348863,343
c_62214,1348863,1349195,332
c_62236,1349195,1349538,343
c_62238,1349538,1349876,338
c_62264,1349876,1350216,340
c_62272,1350216,1350554,338
c_62280,1350554,1350896,342
c_62284,1350896,1351239,343
c_6229,1351239,1351583,344
c_62325,1351583,1351925,342
c_62343,1351925,1352267,342
c_62352,1352267,1352607,340
c_62360,1352607,1352949,342
c_62365,1352949,1353293,344
c_62371,1353293,1353633,340
c_62393,1353633,1353974,341
c_62402,1353974,1354314,340
c_62414,1354314,1354657,343
c_62423,1354657,1354999,342
c_62428,1354999,1355341,342
c_62430,1355341,1355678,337
c_62484,1355678,1356019,341
c_62504,1356019,1356347,328
c_62539,1356347,1356689,342
c_62549,1356689,1357027,338
c_62555,1357027,1357367,340
c_62578,1357367,1357703,336
c_62579,1357703,1358041,338
c_62581,1358041,1358380,339
c_62597,1358380,1358717,337
c_62615,1358717,1359059,342
c_62616,1359059,1359397,338
c_62642,1359397,1359739,342
c_62665,1359739,1360073,334
c_62667,1360073,1360415,342
c_6267,1360415,1360759,344
c_62672,1360759,1361102,343
c_62685,1361102,1361440,338
c_62687,1361440,1361781,341
c_62710,1361781,1362119,338
c_62736,1362119,1362454,335
c_62763,1362454,1362795,341
c_62765,1362795,1363139,344
c_6277,1363139,1363480,341
c_6278,1363480,1363822,342
c_6282,1363822,1364158,336
c_62823,1364158,1364491,333
c_62852,1364491,1364829,338
c_62888,1364829,1365170,341
c_62894,1365170,1365514,344
c_62931,1365514,1365848,334
c_62937,1365848,1366184,336
c_62946,1366184,1366527,343
c_62980,1366527,1366860,333
c_62985,1366860,1367204,344
c_63,1367204,1367544,340
c_6300,1367544,1367884,340
c_63039,1367884,1368224,340
c_63041,1368224,1368567,343
c_63066,1368567,1368909,342
c_63073,1368909,1369252,343
c_63104,1369252,1369595,343
c_63106,1369595,1369938,343
c_63112,1369938,1370280,342
c_63115,1370280,1370624,344
c_63134,1370624,1370960,336
c_6316,1370960,1371300,340
c_63184,1371300,1371643,343
c_6322,1371643,1371984,341
c_63263,1371984,1372324,340
c_63281,1372324,1372666,342
c_63316,1372666,1373005,339
c_63317,1373005,1373059,54
c_63318,1373059,1373398,339
c_6333,1373398,1373740,342
c_63331,1373740,1374083,343
c_63341,1374083,1374424,341
c_63342,1374424,1374766,342
c_63348,1374766,1375109,343
c_6337,1375109,1375452,343
c_63386,1375452,1375791,339
c_63388,1375791,1376119,328
c_63390,1376119,1376452,333
c_63392,1376452,1376795,343
c_63423,1376795,1377137,342
c_6346,1377137,1377475,338
c_63464,1377475,1377819,344
c_63467,1377819,1378159,340
c_63500,1378159,1378494,335
c_63505,1378494,1378837,343
c_6353,1378837,1379166,329
c_63535,1379166,1379506,340
c_63542,1379506,1379842,336
c_63558,1379842,1380174,332
c_63578,1380174,1380509,335
c_63579,1380509,1380850,341
c_63602,1380850,1381190,340
c_63607,1381190,1381531,341
c_63634,1381531,1381872,341
c_63638,1381872,1382210,338
c_63644,1382210,1382552,342
c_63645,1382552,1382894,342
c_63679,1382894,1383235,341
c_63687,1383235,1383576,341
c_63726,1383576,1383918,342
c_63780,1383918,1384260,342
c_63781,1384260,1384600,340
c_63791,1384600,1384943,343
c_63811,1384943,1385286,343
c_63841,1385286,1385629,343
c_63847,1385629,1385932,303
c_63863,1385932,1386275,343
c_63867,1386275,1386614,339
c_6388,1386614,1386954,340
c_63880,1386954,1387296,342
c_63881,1387296,1387639,343
c_639,1387639,1387979,340
c_63912,1387979,1388320,341
c_63969,1388320,1388662,342
c_6397,1388662,1388998,336
c_63980,1388998,1389341,343
c_6401,1389341,1389681,340
c_64015,1389681,1390019,338
c_64030,1390019,1390361,342
c_64042,1390361,1390701,340
c_64051,1390701,1391044,343
c_64057,1391044,1391387,343
c_64078,1391387,1391724,337
c_64085,1391724,1392064,340
c_64126,1392064,1392406,342
c_64132,1392406,1392749,343
c_64135,1392749,1393092,343
c_64145,1393092,1393431,339
c_64162,1393431,1393770,339
c_64187,1393770,1394114,344
c_64193,1394114,1394458,344
c_64201,1394458,1394786,328
c_64215,1394786,1395128,342
c_64276,1395128,1395468,340
c_64287,1395468,1395752,284
c_6430,1395752,1396093,341
c_6431,1396093,1396436,343
c_64315,1396436,1396773,337
c_64320,1396773,1397116,343
c_64327,1397116,1397459,343
c_64351,1397459,1397801,342
c_64386,1397801,1398138,337
c_64387,1398138,1398473,335
c_64404,1398473,1398815,342
c_64409,1398815,1399152,337
c_64441,1399152,1399488,336
c_64443,1399488,1399831,343
c_64454,1399831,1400173,342
c_64475,1400173,1400510,337
c_64493,1400510,1400852,342
c_64508,1400852,1401194,342
c_64509,1401194,1401537,343
c_64536,1401537,1401878,341
c_64543,1401878,1402218,340
c_64544,1402218,1402560,342
c_64547,1402560,1402902,342
c_64556,1402902,1403244,342
c_64561,1403244,1403583,339
c_64563,1403583,1403916,333
c_64570,1403916,1404256,340
c_64596,1404256,1404593,337
c_64598,1404593,1404923,330
c_64613,1404923,1405261,338
c_64618,1405261,1405604,343
c_6463,1405604,1405946,342
c_64635,1405946,1406284,338
c_64643,1406284,1406625,341
c_64648,1406625,1406965,340
c_64665,1406965,1407303,338
c_64680,1407303,1407642,339
c_64683,1407642,1407986,344
c_64693,1407986,1408324,338
c_64717,1408324,1408667,343
c_6474,1408667,1409008,341
c_64764,1409008,1409348,340
c_64773,1409348,1409691,343
c_64831,1409691,1410034,343
c_64866,1410034,1410370,336
c_64898,1410370,1410714,344
c_64899,1410714,1411055,341
c_649,1411055,1411398,343
c_6490,1411398,1411741,343
c_64900,1411741,1412080,339
c_64916,1412080,1412423,343
c_64918,1412423,1412765,342
c_64929,1412765,1413108,343
c_64940,1413108,1413450,342
c_64946,1413450,1413789,339
c_6495,1413789,1414131,342
c_64975,1414131,1414467,336
c_64982,1414467,1414808,341
c_64984,1414808,1415143,335
c_65018,1415143,1415483,340
c_65022,1415483,1415824,341
c_65074,1415824,1416166,342
c_65075,1416166,1416508,342
c_65083,1416508,1416851,343
c_65135,1416851,1417192,341
c_65234,1417192,1417535,343
c_65244,1417535,1417874,339
c_65259,1417874,1418216,342
c_65287,1418216,1418559,343
c_65298,1418559,1418901,342
c_65311,1418901,1419242,341
c_65347,1419242,1419584,342
c_65384,1419584,1419927,343
c_65388,1419927,1420265,338
c_65403,1420265,1420607,342
c_65410,1420607,1420948,341
c_65415,1420948,1421291,343
c_65438,1421291,1421635,344
c_65466,1421635,1421972,337
c_65473,1421972,1422315,343
c_65475,1422315,1422655,340
c_65487,1422655,1422998,343
c_65494,1422998,1423319,321
c_65506,1423319,1423663,344
c_65525,1423663,1424006,343
c_65536,1424006,1424347,341
c_65542,1424347,1424690,343
c_65544,1424690,1425032,342
c_65548,1425032,1425375,343
c_65567,1425375,1425705,330
c_65569,1425705,1426047,342
c_65592,1426047,1426388,341
c_65606,1426388,1426731,343
c_65626,1426731,1427024,293
c_65635,1427024,1427363,339
c_65639,1427363,1427705,342
c_65641,1427705,1428045,340
c_65643,1428045,1428388,343
c_65648,1428388,1428732,344
c_65653,1428732,1429071,339
c_65656,1429071,1429414,343
c_65663,1429414,1429756,342
c_65671,1429756,1430097,341
c_65678,1430097,1430435,338
c_6568,1430435,1430778,343
c_65689,1430778,1431120,342
c_657,1431120,1431459,339
c_65703,1431459,1431800,341
c_65727,1431800,1432143,343
c_65732,1432143,1432483,340
c_65750,1432483,1432825,342
c_65755,1432825,1433164,339
c_65757,1433164,1433497,333
c_6576,1433497,1433838,341
c_65824,1433838,1434180,342
c_65856,1434180,1434523,343
c_65859,1434523,1434865,342
c_65892,1434865,1435202,337
c_65904,1435202,1435542,340
c_65906,1435542,1435885,343
c_65911,1435885,1436227,342
c_65913,1436227,1436561,334
c_65916,1436561,1436902,341
c_65921,1436902,1437245,343
c_65930,1437245,1437584,339
c_65931,1437584,1437926,342
c_65935,1437926,1438262,336
c_65936,1438262,1438605,343
c_65948,1438605,1438945,340
c_65949,1438945,1439284,339
c_65964,1439284,1439624,340
c_6597,1439624,1439966,342
c_65987,1439966,1440309,343
c_65990,1440309,1440651,342
c_65992,1440651,1440982,331
c_66006,1440982,1441324,342
c_6601,1441324,1441660,336
c_6602,1441660,1442003,343
c_66023,1442003,1442339,336
c_66037,1442339,1442680,341
c_66048,1442680,1443023,343
c_66049,1443023,1443365,342
c_66058,1443365,1443708,343
c_6607,1443708,1444051,343
c_66134,1444051,1444393,342
c_66147,1444393,1444734,341
c_66152,1444734,1445076,342
c_66166,1445076,1445419,343
c_66178,1445419,1445762,343
c_66193,1445762,1446104,342
c_662,1446104,1446446,342
c_66204,1446446,1446781,335
c_66232,1446781,1447124,343
c_6627,1447124,1447466,342
c_66274,1447466,1447807,341
c_66279,1447807,1448150,343
c_66288,1448150,1448491,341
c_66306,1448491,1448833,342
c_66328,1448833,1449175,342
c_66334,1449175,1449514,339
c_66339,1449514,1449846,332
c_66345,1449846,1450189,343
c_66366,1450189,1450528,339
c_6637,1450528,1450869,341
c_66372,1450869,1451208,339
c_66380,1451208,1451537,329
c_66391,1451537,1451878,341
c_66394,1451878,1452219,341
c_66409,1452219,1452562,343
c_66415,1452562,1452904,342
c_66416,1452904,1453247,343
c_66418,1453247,1453584,337
c_66421,1453584,1453924,340
c_66426,1453924,1454263,339
c_66476,1454263,1454605,342
c_66495,1454605,1454947,342
c_66509,1454947,1455280,333
c_66519,1455280,1455621,341
c_6652,1455621,1455964,343
c_66522,1455964,1456306,342
c_66525,1456306,1456648,342
c_6653,1456648,1456985,337
c_66534,1456985,1457323,338
c_66537,1457323,1457666,343
c_6655,1457666,1458009,343
c_66571,1458009,1458348,339
c_66585,1458348,1458691,343
c_66589,1458691,1459034,343
c_66638,1459034,1459375,341
c_66643,1459375,1459714,339
c_66646,1459714,1460054,340
c_66648,1460054,1460397,343
c_6665,1460397,1460739,342
c_6667,1460739,1461080,341
c_66690,1461080,1461423,343
c_66695,1461423,1461765,342
c_66703,1461765,1462105,340
c_66706,1462105,1462447,342
c_6673,1462447,1462785,338
c_66738,1462785,1463125,340
c_66788,1463125,1463468,343
c_66796,1463468,1463810,342
c_66807,1463810,1464149,339
c_66813,1464149,1464490,341
c_66826,1464490,1464831,341
c_66861,1464831,1465172,341
c_66875,1465172,1465512,340
c_66893,1465512,1465851,339
c_66910,1465851,1466192,341
c_66919,1466192,1466533,341
c_66920,1466533,1466875,342
c_66922,1466875,1467217,342
c_66931,1467217,1467557,340
c_66934,1467557,1467895,338
c_66935,1467895,1468235,340
c_66942,1468235,1468576,341
c_66944,1468576,1468918,342
c_66951,1468918,1469262,344
c_66966,1469262,1469605,343
c_6697,1469605,1469948,343
c_66976,1469948,1470289,341
c_67015,1470289,1470632,343
c_67053,1470632,1470971,339
c_67063,1470971,1471313,342
c_67082,1471313,1471656,343
c_67095,1471656,1471999,343
c_67130,1471999,1472340,341
c_67133,1472340,1472683,343
c_67139,1472683,1473024,341
c_67142,1473024,1473366,342
c_67179,1473366,1473708,342
c_67208,1473708,1474042,334
c_6721,1474042,1474383,341
c_67226,1474383,1474725,342
c_67234,1474725,1475063,338
c_67235,1475063,1475405,342
c_67238,1475405,1475749,344
c_67248,1475749,1476092,343
c_67254,1476092,1476428,336
c_67261,1476428,1476771,343
c_67262,1476771,1477112,341
c_67271,1477112,1477455,343
c_67272,1477455,1477792,337
c_67282,1477792,1478130,338
c_67284,1478130,1478469,339
c_67294,1478469,1478812,343
c_67300,1478812,1479150,338
c_6732,1479150,1479491,341
c_67346,1479491,1479834,343
c_67347,1479834,1480168,334
c_67358,1480168,1480505,337
c_67365,1480505,1480842,337
c_67372,1480842,1481166,324
c_67383,1481166,1481503,337
c_67399,1481503,1481846,343
c_67427,1481846,1482187,341
c_67449,1482187,1482530,343
c_67454,1482530,1482874,344
c_67456,1482874,1483211,337
c_67464,1483211,1483554,343
c_67470,1483554,1483897,343
c_67474,1483897,1484226,329
c_67486,1484226,1484567,341
c_67513,1484567,1484617,50
c_67515,1484617,1484960,343
c_67586,1484960,1485298,338
c_67602,1485298,1485639,341
c_67614,1485639,1485980,341
c_67632,1485980,1486322,342
c_67633,1486322,1486660,338
c_67665,1486660,1487003,343
c_67666,1487003,1487342,339
c_67670,1487342,1487686,344
c_67682,1487686,1488028,342
c_67685,1488028,1488367,339
c_67689,1488367,1488710,343
c_67697,1488710,1489048,338
c_67700,1489048,1489391,343
c_67702,1489391,1489731,340
c_67704,1489731,1490073,342
c_67716,1490073,1490411,338
c_6772,1490411,1490753,342
c_67730,1490753,1491095,342
c_67738,1491095,1491429,334
c_67743,1491429,1491768,339
c_67747,1491768,1492111,343
c_67750,1492111,1492453,342
c_67757,1492453,1492794,341
c_67766,1492794,1493132,338
c_67774,1493132,1493471,339
c_67783,1493471,1493814,343
c_67785,1493814,1494157,343
c_67810,1494157,1494499,342
c_67836,1494499,1494839,340
c_67855,1494839,1495182,343
c_67856,1495182,1495509,327
c_67862,1495509,1495851,342
c_67869,1495851,1496190,339
c_67877,1496190,1496531,341
c_67888,1496531,1496873,342
c_67890,1496873,1497208,335
c_67891,1497208,1497550,342
c_67893,1497550,1497888,338
c_67900,1497888,1498230,342
c_67907,1498230,1498562,332
c_67919,1498562,1498904,342
c_6792,1498904,1499242,338
c_67925,1499242,1499570,328
c_67956,1499570,1499906,336
c_67988,1499906,1500248,342
c_680,1500248,1500591,343
c_68004,1500591,1500934,343
c_68014,1500934,1501276,342
c_68017,1501276,1501619,343
c_68042,1501619,1501962,343
c_68052,1501962,1502306,344
c_68057,1502306,1502650,344
c_68078,1502650,1502992,342
c_68092,1502992,1503326,334
c_68104,1503326,1503662,336
c_68111,1503662,1504003,341
c_68130,1504003,1504345,342
c_68151,1504345,1504688,343
c_68161,1504688,1505029,341
c_68165,1505029,1505371,342
c_6817,1505371,1505711,340
c_68203,1505711,1506055,344
c_6821,1506055,1506398,343
c_68210,1506398,1506723,325
c_68235,1506723,1507066,343
c_68263,1507066,1507408,342
c_6828,1507408,1507746,338
c_68285,1507746,1508087,341
c_683,1508087,1508425,338
c_68364,1508425,1508768,343
c_6837,1508768,1509110,342
c_68370,1509110,1509452,342
c_68416,1509452,1509790,338
c_6842,1509790,1510130,340
c_68506,1510130,1510471,341
c_68515,1510471,1510809,338
c_68519,1510809,1511151,342
c_68534,1511151,1511489,338
c_68537,1511489,1511829,340
c_68555,1511829,1512171,342
c_68556,1512171,1512514,343
c_68576,1512514,1512856,342
c_68587,1512856,1513182,326
c_6859,1513182,1513524,342
c_68596,1513524,1513867,343
c_68606,1513867,1514209,342
c_68635,1514209,1514541,332
c_68649,1514541,1514880,339
c_68664,1514880,1515223,343
c_68669,1515223,1515564,341
c_68678,1515564,1515898,334
c_68680,1515898,1516241,343
c_68682,1516241,1516573,332
c_68685,1516573,1516914,341
c_6875,1516914,1517255,341
c_68769,1517255,1517591,336
c_68774,1517591,1517932,341
c_68778,1517932,1518273,341
c_68789,1518273,1518615,342
c_68802,1518615,1518957,342
c_68818,1518957,1519299,342
c_68840,1519299,1519638,339
c_68868,1519638,1519981,343
c_68880,1519981,1520323,342
c_68904,1520323,1520663,340
c_68911,1520663,1521005,342
c_68924,1521005,1521346,341
c_68947,1521346,1521686,340
c_68951,1521686,1522022,336
c_68953,1522022,1522357,335
c_68955,1522357,1522697,340
c_68967,1522697,1523038,341
c_68977,1523038,1523378,340
c_69,1523378,1523657,279
c_690,1523657,1523998,341
c_69035,1523998,1524340,342
c_69040,1524340,1524683,343
c_69043,1524683,1525019,336
c_69048,1525019,1525361,342
c_69074,1525361,1525705,344
c_69076,1525705,1525737,32
c_6908,1525737,1526079,342
c_69081,1526079,1526422,343
c_69103,1526422,1526761,339
c_69116,1526761,1527101,340
c_6912,1527101,1527432,331
c_69129,1527432,1527772,340
c_6915,1527772,1528116,344
c_69157,1528116,1528457,341
c_6916,1528457,1528799,342
c_69173,1528799,1529142,343
c_69184,1529142,1529483,341
c_69196,1529483,1529821,338
c_69209,1529821,1530161,340
c_69231,1530161,1530502,341
c_69236,1530502,1530845,343
c_69278,1530845,1531183,338
c_69295,1531183,1531515,332
c_69297,1531515,1531854,339
c_69311,1531854,1532195,341
c_69326,1532195,1532538,343
c_69336,1532538,1532881,343
c_69372,1532881,1533221,340
c_69373,1533221,1533560,339
c_69383,1533560,1533899,339
c_69386,1533899,1534241,342
c_69418,1534241,1534577,336
c_69425,1534577,1534920,343
c_69471,1534920,1535261,341
c_69478,1535261,1535604,343
c_69481,1535604,1535946,342
c_69497,1535946,1536286,340
c_69501,1536286,1536628,342
c_69521,1536628,1536969,341
c_69541,1536969,1537312,343
c_69548,1537312,1537654,342
c_69555,1537654,1537997,343
c_6957,1537997,1538331,334
c_69592,1538331,1538673,342
c_69596,1538673,1539012,339
c_696,1539012,1539354,342
c_69617,1539354,1539695,341
c_6963,1539695,1540036,341
c_69653,1540036,1540379,343
c_69681,1540379,1540719,340
c_69703,1540719,1541061,342
c_69704,1541061,1541392,331
c_6971,1541392,1541735,343
c_69711,1541735,1542073,338
c_69731,1542073,1542411,338
c_69738,1542411,1542752,341
c_69740,1542752,1543090,338
c_69744,1543090,1543430,340
c_69750,1543430,1543771,341
c_69758,1543771,1544111,340
c_6977,1544111,1544452,341
c_69774,1544452,1544796,344
c_69776,1544796,1545138,342
c_69778,1545138,1545469,331
c_69788,1545469,1545810,341
c_69792,1545810,1546149,339
c_69794,1546149,1546493,344
c_69815,1546493,1546836,343
c_69823,1546836,1547175,339
c_69831,1547175,1547519,344
c_6984,1547519,1547862,343
c_69850,1547862,1548205,343
c_69864,1548205,1548548,343
c_69871,1548548,1548888,340
c_69886,1548888,1549216,328
c_69919,1549216,1549558,342
c_69923,1549558,1549896,338
c_69931,1549896,1550238,342
c_69981,1550238,1550581,343
c_69992,1550581,1550919,338
c_70006,1550919,1551258,339
c_70011,1551258,1551598,340
c_70021,1551598,1551940,342
c_7008,1551940,1552280,340
c_70095,1552280,1552619,339
c_70106,1552619,1552959,340
c_70108,1552959,1553289,330
c_70116,1553289,1553633,344
c_70130,1553633,1553972,339
c_70174,1553972,1554315,343
c_70193,1554315,1554657,342
c_70203,1554657,1554994,337
c_70219,1554994,1555337,343
c_70243,1555337,1555681,344
c_7026,1555681,1556023,342
c_70267,1556023,1556366,343
c_70283,1556366,1556702,336
c_70286,1556702,1557046,344
c_70291,1557046,1557386,340
c_70310,1557386,1557723,337
c_70317,1557723,1558062,339
c_70327,1558062,1558402,340
c_70331,1558402,1558742,340
c_70337,1558742,1559084,342
c_70342,1559084,1559428,344
c_70349,1559428,1559770,342
c_70351,1559770,1560104,334
c_70352,1560104,1560445,341
c_70355,1560445,1560736,291
c_70373,1560736,1561079,343
c_70387,1561079,1561415,336
c_70393,1561415,1561756,341
c_70419,1561756,1562098,342
c_70423,1562098,1562440,342
c_70430,1562440,1562781,341
c_70432,1562781,1563122,341
c_7044,1563122,1563464,342
c_70446,1563464,1563807,343
c_70448,1563807,1564150,343
c_70455,1564150,1564481,331
c_70467,1564481,1564824,343
c_70469,1564824,1565165,341
c_70500,1565165,1565504,339
c_70508,1565504,1565844,340
c_70526,1565844,1566184,340
c_70540,1566184,1566525,341
c_70586,1566525,1566867,342
c_70600,1566867,1567204,337
c_70610,1567204,1567546,342
c_70615,1567546,1567890,344
c_70620,1567890,1568234,344
c_70640,1568234,1568575,341
c_70647,1568575,1568915,340
c_70669,1568915,1569256,341
c_70686,1569256,1569596,340
c_70690,1569596,1569938,342
c_70693,1569938,1570279,341
c_70694,1570279,1570620,341
c_70697,1570620,1570956,336
c_70711,1570956,1571297,341
c_70734,1571297,1571639,342
c_70737,1571639,1571981,342
c_70741,1571981,1572315,334
c_70747,1572315,1572655,340
c_70756,1572655,1572997,342
c_70765,1572997,1573334,337
c_70766,1573334,1573668,334
c_70769,1573668,1574003,335
c_7077,1574003,1574345,342
c_70848,1574345,1574683,338
c_7087,1574683,1575026,343
c_70882,1575026,1575366,340
c_70897,1575366,1575708,342
c_70903,1575708,1576050,342
c_70913,1576050,1576388,338
c_70953,1576388,1576730,342
c_70957,1576730,1577071,341
c_70963,1577071,1577411,340
c_70968,1577411,1577751,340
c_70979,1577751,1578094,343
c_70993,1578094,1578435,341
c_71000,1578435,1578776,341
c_71012,1578776,1579115,339
c_71013,1579115,1579458,343
c_71030,1579458,1579799,341
c_71043,1579799,1580141,342
c_7105,1580141,1580484,343
c_71055,1580484,1580824,340
c_71058,1580824,1581157,333
c_7106,1581157,1581498,341
c_71077,1581498,1581836,338
c_71085,1581836,1582174,338
c_71097,1582174,1582517,343
c_71099,1582517,1582857,340
c_71141,1582857,1583198,341
c_71152,1583198,1583537,339
c_71153,1583537,1583881,344
c_7117,1583881,1584225,344
c_71178,1584225,1584567,342
c_71180,1584567,1584909,342
c_71186,1584909,1585251,342
c_71212,1585251,1585592,341
c_71224,1585592,1585927,335
c_71239,1585927,1586270,343
c_71253,1586270,1586613,343
c_71271,1586613,1586957,344
c_71278,1586957,1587297,340
c_71284,1587297,1587638,341
c_7129,1587638,1587980,342
c_71312,1587980,1588311,331
c_71318,1588311,1588647,336
c_71321,1588647,1588989,342
c_71331,1588989,1589330,341
c_71368,1589330,1589673,343
c_7139,1589673,1589997,324
c_71398,1589997,1590332,335
c_71417,1590332,1590676,344
c_71447,1590676,1591019,343
c_71475,1591019,1591352,333
c_7150,1591352,1591695,343
c_7166,1591695,1592034,339
c_7171,1592034,1592377,343
c_7173,1592377,1592721,344
c_718,1592721,1593059,338
c_7190,1593059,1593402,343
c_7191,1593402,1593744,342
c_7240,1593744,1594087,343
c_7241,1594087,1594428,341
c_7257,1594428,1594770,342
c_7278,1594770,1595112,342
c_7283,1595112,1595451,339
c_7301,1595451,1595793,342
c_732,1595793,1596132,339
c_7354,1596132,1596475,343
c_7374,1596475,1596818,343
c_7391,1596818,1597162,344
c_7400,1597162,1597505,343
c_7428,1597505,1597833,328
c_7454,1597833,1598174,341
c_7470,1598174,1598515,341
c_7483,1598515,1598857,342
c_7485,1598857,1599198,341
c_7490,1599198,1599532,334
c_7503,1599532,1599873,341
c_751,1599873,1600216,343
c_7527,1600216,1600558,342
c_7529,1600558,1600899,341
c_7531,1600899,1601231,332
c_754,1601231,1601571,340
c_7549,1601571,1601909,338
c_7553,1601909,1602246,337
c_7561,1602246,1602589,343
c_7582,1602589,1602930,341
c_7583,1602930,1603270,340
c_7601,1603270,1603608,338
c_7602,1603608,1603938,330
c_7616,1603938,1604272,334
c_7640,1604272,1604615,343
c_7641,1604615,1604954,339
c_7658,1604954,1605293,339
c_7673,1605293,1605634,341
c_7686,1605634,1605977,343
c_7688,1605977,1606319,342
c_7692,1606319,1606662,343
c_7706,1606662,1606998,336
c_772,1606998,1607339,341
c_7736,1607339,1607676,337
c_7738,1607676,1608011,335
c_7740,1608011,1608354,343
c_7749,1608354,1608690,336
c_7779,1608690,1609033,343
c_7794,1609033,1609376,343
c_7840,1609376,1609719,343
c_7887,1609719,1610059,340
c_7892,1610059,1610402,343
c_791,1610402,1610736,334
c_7914,1610736,1611078,342
c_7930,1611078,1611417,339
c_7972,1611417,1611755,338
c_7974,1611755,1612097,342
c_7985,1612097,1612438,341
c_7998,1612438,1612779,341
c_8001,1612779,1613119,340
c_8045,1613119,1613461,342
c_8054,1613461,1613802,341
c_8066,1613802,1614145,343
c_8068,1614145,1614487,342
c_8077,1614487,1614825,338
c_8081,1614825,1615165,340
c_8117,1615165,1615502,337
c_8119,1615502,1615843,341
c_8135,1615843,1616186,343
c_8137,1616186,1616529,343
c_8139,1616529,1616859,330
c_8146,1616859,1617202,343
c_8183,1617202,1617546,344
c_8186,1617546,1617889,343
c_8194,1617889,1618230,341
c_8226,1618230,1618573,343
c_8232,1618573,1618916,343
c_8234,1618916,1619257,341
c_8240,1619257,1619595,338
c_8244,1619595,1619935,340
c_8253,1619935,1620273,338
c_8266,1620273,1620614,341
c_8267,1620614,1620955,341
c_8280,1620955,1621296,341
c_8294,1621296,1621636,340
c_8316,1621636,1621978,342
c_8334,1621978,1622319,341
c_8337,1622319,1622660,341
c_8357,1622660,1622999,339
c_8364,1622999,1623341,342
c_8367,1623341,1623684,343
c_8374,1623684,1624027,343
c_8390,1624027,1624367,340
c_8414,1624367,1624709,342
c_8428,1624709,1625051,342
c_8438,1625051,1625387,336
c_8481,1625387,1625727,340
c_8484,1625727,1626070,343
c_8485,1626070,1626412,342
c_8490,1626412,1626754,342
c_8496,1626754,1627094,340
c_850,1627094,1627432,338
c_8509,1627432,1627771,339
c_8511,1627771,1628101,330
c_8514,1628101,1628444,343
c_8518,1628444,1628788,344
c_8534,1628788,1629131,343
c_8543,1629131,1629469,338
c_8571,1629469,1629808,339
c_8576,1629808,1630140,332
c_8580,1630140,1630483,343
c_8582,1630483,1630826,343
c_8608,1630826,1631161,335
c_8610,1631161,1631500,339
c_8617,1631500,1631844,344
c_862,1631844,1632155,311
c_8629,1632155,1632491,336
c_8654,1632491,1632833,342
c_8669,1632833,1633175,342
c_8671,1633175,1633515,340
c_8707,1633515,1633858,343
c_8709,1633858,1634198,340
c_8716,1634198,1634530,332
c_8719,1634530,1634873,343
c_8720,1634873,1635211,338
c_8782,1635211,1635547,336
c_8786,1635547,1635887,340
c_8792,1635887,1636229,342
c_8817,1636229,1636571,342
c_8822,1636571,1636900,329
c_8826,1636900,1637239,339
c_8839,1637239,1637581,342
c_8848,1637581,1637921,340
c_8858,1637921,1638257,336
c_8859,1638257,1638582,325
c_8863,1638582,1638924,342
c_887,1638924,1639268,344
c_8886,1639268,1639610,342
c_890,1639610,1639948,338
c_8901,1639948,1640290,342
c_8913,1640290,1640634,344
c_893,1640634,1640976,342
c_8932,1640976,1641319,343
c_8938,1641319,1641657,338
c_8939,1641657,1641991,334
c_8954,1641991,1642333,342
c_8955,1642333,1642670,337
c_896,1642670,1643013,343
c_8961,1643013,1643355,342
c_8966,1643355,1643694,339
c_8995,1643694,1644036,342
c_9006,1644036,1644376,340
c_9012,1644376,1644715,339
c_9040,1644715,1645057,342
c_9047,1645057,1645399,342
c_9051,1645399,1645742,343
c_9054,1645742,1646085,343
c_9059,1646085,1646427,342
c_9092,1646427,1646766,339
c_91,1646766,1647106,340
c_9107,1647106,1647443,337
c_9118,1647443,1647785,342
c_9130,1647785,1648126,341
c_9142,1648126,1648461,335
c_9144,1648461,1648783,322
c_9145,1648783,1649123,340
c_9148,1649123,1649380,257
c_9149,1649380,1649717,337
c_9155,1649717,1650058,341
c_9168,1650058,1650399,341
c_9186,1650399,1650742,343
c_9187,1650742,1651082,340
c_9189,1651082,1651423,341
c_9193,1651423,1651763,340
c_9197,1651763,1652101,338
c_9202,1652101,1652444,343
c_9203,1652444,1652787,343
c_9241,1652787,1653121,334
c_9263,1653121,1653463,342
c_9271,1653463,1653807,344
c_9285,1653807,1654149,342
c_9295,1654149,1654491,342
c_9302,1654491,1654833,342
c_9304,1654833,1655173,340
c_9314,1655173,1655515,342
c_9330,1655515,1655847,332
c_936,1655847,1656187,340
c_9365,1656187,1656530,343
c_9376,1656530,1656873,343
c_9378,1656873,1657212,339
c_9392,1657212,1657550,338
c_9402,1657550,1657892,342
c_9404,1657892,1658230,338
c_9428,1658230,1658573,343
c_943,1658573,1658915,342
c_9443,1658915,1659257,342
c_9445,1659257,1659586,329
c_9452,1659586,1659925,339
c_9470,1659925,1660267,342
c_9473,1660267,1660597,330
c_9478,1660597,1660938,341
c_9501,1660938,1661280,342
c_9510,1661280,1661623,343
c_953,1661623,1661966,343
c_9553,1661966,1662306,340
c_9555,1662306,1662647,341
c_9565,1662647,1662990,343
c_9598,1662990,1663331,341
c_9600,1663331,1663667,336
c_9633,1663667,1664008,341
c_9665,1664008,1664343,335
c_9666,1664343,1664672,329
c_9687,1664672,1665009,337
c_9706,1665009,1665352,343
c_9757,1665352,1665695,343
c_9768,1665695,1666037,342
c_9773,1666037,1666375,338
c_9779,1666375,1666715,340
c_9782,1666715,1667058,343
c_9792,1667058,1667399,341
c_9805,1667399,1667733,334
c_9857,1667733,1668074,341
c_9868,1668074,1668409,335
c_9899,1668409,1668745,336
c_9914,1668745,1669087,342
c_992,1669087,1669420,333
c_9941,1669420,1669762,342
c_9956,1669762,1670100,338
c_9961,1670100,1670443,343
